# from gate.pskx  scale=0.01 flipZ=True
v 0.007433 0.037368 -0.304800
v 0.000000 0.038100 0.304800
v 0.000000 0.038100 -0.304800
v 0.007433 0.037368 0.304800
v 0.014580 0.035200 -0.304800
v 0.007433 0.037368 0.304800
v 0.007433 0.037368 -0.304800
v 0.014580 0.035200 0.304800
v 0.021167 0.031679 -0.304800
v 0.014580 0.035200 0.304800
v 0.014580 0.035200 -0.304800
v 0.021167 0.031679 0.304800
v 0.026941 0.026941 -0.304800
v 0.021167 0.031679 0.304800
v 0.021167 0.031679 -0.304800
v 0.026941 0.026941 0.304800
v 0.031679 0.021167 -0.304800
v 0.026941 0.026941 0.304800
v 0.026941 0.026941 -0.304800
v 0.031679 0.021167 0.304800
v 0.035200 0.014580 -0.304800
v 0.031679 0.021167 0.304800
v 0.031679 0.021167 -0.304800
v 0.035200 0.014580 0.304800
v 0.037368 0.007433 -0.304800
v 0.035200 0.014580 0.304800
v 0.035200 0.014580 -0.304800
v 0.037368 0.007433 0.304800
v 0.038100 0.000000 -0.304800
v 0.037368 0.007433 0.304800
v 0.037368 0.007433 -0.304800
v 0.038100 -0.000000 0.304800
v 0.037368 -0.007433 -0.304800
v 0.038100 -0.000000 0.304800
v 0.038100 0.000000 -0.304800
v 0.037368 -0.007433 0.304800
v 0.035200 -0.014580 -0.304800
v 0.037368 -0.007433 0.304800
v 0.037368 -0.007433 -0.304800
v 0.035200 -0.014580 0.304800
v 0.031679 -0.021167 -0.304800
v 0.035200 -0.014580 0.304800
v 0.035200 -0.014580 -0.304800
v 0.031679 -0.021167 0.304800
v 0.026941 -0.026941 -0.304800
v 0.031679 -0.021167 0.304800
v 0.031679 -0.021167 -0.304800
v 0.026941 -0.026941 0.304800
v 0.021167 -0.031679 -0.304800
v 0.026941 -0.026941 0.304800
v 0.026941 -0.026941 -0.304800
v 0.021167 -0.031679 0.304800
v 0.014580 -0.035200 -0.304800
v 0.021167 -0.031679 0.304800
v 0.021167 -0.031679 -0.304800
v 0.014580 -0.035200 0.304800
v 0.007433 -0.037368 -0.304800
v 0.014580 -0.035200 0.304800
v 0.014580 -0.035200 -0.304800
v 0.007433 -0.037368 0.304800
v 0.000000 -0.038100 -0.304800
v 0.007433 -0.037368 0.304800
v 0.007433 -0.037368 -0.304800
v 0.000000 -0.038100 0.304800
v -0.007433 -0.037368 -0.304800
v 0.000000 -0.038100 0.304800
v 0.000000 -0.038100 -0.304800
v -0.007433 -0.037368 0.304800
v -0.014580 -0.035200 -0.304800
v -0.007433 -0.037368 0.304800
v -0.007433 -0.037368 -0.304800
v -0.014580 -0.035200 0.304800
v -0.021167 -0.031679 -0.304800
v -0.014580 -0.035200 0.304800
v -0.014580 -0.035200 -0.304800
v -0.021167 -0.031679 0.304800
v -0.026941 -0.026941 -0.304800
v -0.021167 -0.031679 0.304800
v -0.021167 -0.031679 -0.304800
v -0.026941 -0.026941 0.304800
v -0.031679 -0.021167 -0.304800
v -0.026941 -0.026941 0.304800
v -0.026941 -0.026941 -0.304800
v -0.031679 -0.021167 0.304800
v -0.035200 -0.014580 -0.304800
v -0.031679 -0.021167 0.304800
v -0.031679 -0.021167 -0.304800
v -0.035200 -0.014580 0.304800
v -0.037368 -0.007433 -0.304800
v -0.035200 -0.014580 0.304800
v -0.035200 -0.014580 -0.304800
v -0.037368 -0.007433 0.304800
v -0.038100 0.000000 -0.304800
v -0.037368 -0.007433 0.304800
v -0.037368 -0.007433 -0.304800
v -0.038100 -0.000000 0.304800
v -0.037368 0.007433 -0.304800
v -0.038100 -0.000000 0.304800
v -0.038100 0.000000 -0.304800
v -0.037368 0.007433 0.304800
v -0.035200 0.014580 -0.304800
v -0.037368 0.007433 0.304800
v -0.037368 0.007433 -0.304800
v -0.035200 0.014580 0.304800
v -0.031679 0.021167 -0.304800
v -0.035200 0.014580 0.304800
v -0.035200 0.014580 -0.304800
v -0.031679 0.021167 0.304800
v -0.026941 0.026941 -0.304800
v -0.031679 0.021167 0.304800
v -0.031679 0.021167 -0.304800
v -0.026941 0.026941 0.304800
v -0.021167 0.031679 -0.304800
v -0.026941 0.026941 0.304800
v -0.026941 0.026941 -0.304800
v -0.021167 0.031679 0.304800
v -0.014580 0.035200 -0.304800
v -0.021167 0.031679 0.304800
v -0.021167 0.031679 -0.304800
v -0.014580 0.035200 0.304800
v -0.007433 0.037368 -0.304800
v -0.014580 0.035200 0.304800
v -0.014580 0.035200 -0.304800
v -0.007433 0.037368 0.304800
v 0.000000 0.038100 -0.304800
v -0.007433 0.037368 0.304800
v -0.007433 0.037368 -0.304800
v 0.000000 0.038100 0.304800
v -3.040567 0.037368 -0.917270
v -3.048000 0.038100 -0.307670
v -3.048000 0.038100 -0.917270
v -3.040567 0.037368 -0.307670
v -3.033420 0.035200 -0.917270
v -3.040567 0.037368 -0.307670
v -3.040567 0.037368 -0.917270
v -3.033420 0.035200 -0.307670
v -3.026833 0.031679 -0.917270
v -3.033420 0.035200 -0.307670
v -3.033420 0.035200 -0.917270
v -3.026833 0.031679 -0.307670
v -3.021059 0.026941 -0.917270
v -3.026833 0.031679 -0.307670
v -3.026833 0.031679 -0.917270
v -3.021059 0.026941 -0.307670
v -3.016321 0.021167 -0.917270
v -3.021059 0.026941 -0.307670
v -3.021059 0.026941 -0.917270
v -3.016321 0.021167 -0.307670
v -3.012800 0.014580 -0.917270
v -3.016321 0.021167 -0.307670
v -3.016321 0.021167 -0.917270
v -3.012800 0.014580 -0.307670
v -3.010632 0.007433 -0.917270
v -3.012800 0.014580 -0.307670
v -3.012800 0.014580 -0.917270
v -3.010632 0.007433 -0.307670
v -3.009900 0.000000 -0.917270
v -3.010632 0.007433 -0.307670
v -3.010632 0.007433 -0.917270
v -3.009900 0.000000 -0.307670
v -3.010632 -0.007433 -0.917270
v -3.009900 0.000000 -0.307670
v -3.009900 0.000000 -0.917270
v -3.010632 -0.007433 -0.307670
v -3.012800 -0.014580 -0.917270
v -3.010632 -0.007433 -0.307670
v -3.010632 -0.007433 -0.917270
v -3.012800 -0.014580 -0.307670
v -3.016321 -0.021167 -0.917270
v -3.012800 -0.014580 -0.307670
v -3.012800 -0.014580 -0.917270
v -3.016321 -0.021167 -0.307670
v -3.021059 -0.026941 -0.917270
v -3.016321 -0.021167 -0.307670
v -3.016321 -0.021167 -0.917270
v -3.021059 -0.026941 -0.307670
v -3.026833 -0.031679 -0.917270
v -3.021059 -0.026941 -0.307670
v -3.021059 -0.026941 -0.917270
v -3.026833 -0.031679 -0.307670
v -3.033420 -0.035200 -0.917270
v -3.026833 -0.031679 -0.307670
v -3.026833 -0.031679 -0.917270
v -3.033420 -0.035200 -0.307670
v -3.040567 -0.037368 -0.917270
v -3.033420 -0.035200 -0.307670
v -3.033420 -0.035200 -0.917270
v -3.040567 -0.037368 -0.307670
v -3.048000 -0.038100 -0.917270
v -3.040567 -0.037368 -0.307670
v -3.040567 -0.037368 -0.917270
v -3.048000 -0.038100 -0.307670
v -3.055433 -0.037368 -0.917270
v -3.048000 -0.038100 -0.307670
v -3.048000 -0.038100 -0.917270
v -3.055433 -0.037368 -0.307670
v -3.062580 -0.035200 -0.917270
v -3.055433 -0.037368 -0.307670
v -3.055433 -0.037368 -0.917270
v -3.062580 -0.035200 -0.307670
v -3.069167 -0.031679 -0.917270
v -3.062580 -0.035200 -0.307670
v -3.062580 -0.035200 -0.917270
v -3.069167 -0.031679 -0.307670
v -3.074941 -0.026941 -0.917270
v -3.069167 -0.031679 -0.307670
v -3.069167 -0.031679 -0.917270
v -3.074941 -0.026941 -0.307670
v -3.079679 -0.021167 -0.917270
v -3.074941 -0.026941 -0.307670
v -3.074941 -0.026941 -0.917270
v -3.079679 -0.021167 -0.307670
v -3.083200 -0.014580 -0.917270
v -3.079679 -0.021167 -0.307670
v -3.079679 -0.021167 -0.917270
v -3.083200 -0.014580 -0.307670
v -3.085368 -0.007433 -0.917270
v -3.083200 -0.014580 -0.307670
v -3.083200 -0.014580 -0.917270
v -3.085368 -0.007433 -0.307670
v -3.086100 0.000000 -0.917270
v -3.085368 -0.007433 -0.307670
v -3.085368 -0.007433 -0.917270
v -3.086100 0.000000 -0.307670
v -3.085368 0.007433 -0.917270
v -3.086100 0.000000 -0.307670
v -3.086100 0.000000 -0.917270
v -3.085368 0.007433 -0.307670
v -3.083200 0.014580 -0.917270
v -3.085368 0.007433 -0.307670
v -3.085368 0.007433 -0.917270
v -3.083200 0.014580 -0.307670
v -3.079679 0.021167 -0.917270
v -3.083200 0.014580 -0.307670
v -3.083200 0.014580 -0.917270
v -3.079679 0.021167 -0.307670
v -3.074941 0.026941 -0.917270
v -3.079679 0.021167 -0.307670
v -3.079679 0.021167 -0.917270
v -3.074941 0.026941 -0.307670
v -3.069167 0.031679 -0.917270
v -3.074941 0.026941 -0.307670
v -3.074941 0.026941 -0.917270
v -3.069167 0.031679 -0.307670
v -3.062580 0.035200 -0.917270
v -3.069167 0.031679 -0.307670
v -3.069167 0.031679 -0.917270
v -3.062580 0.035200 -0.307670
v -3.055433 0.037368 -0.917270
v -3.062580 0.035200 -0.307670
v -3.062580 0.035200 -0.917270
v -3.055433 0.037368 -0.307670
v -3.048000 0.038100 -0.917270
v -3.055433 0.037368 -0.307670
v -3.055433 0.037368 -0.917270
v -3.048000 0.038100 -0.307670
v -0.026941 0.026941 -0.304800
v -0.014580 0.035200 -0.304800
v -0.021167 0.031679 -0.304800
v -0.007433 0.037368 -0.304800
v -0.035200 0.014580 -0.304800
v -0.031679 0.021167 -0.304800
v -0.037368 0.007433 -0.304800
v -0.037368 -0.007433 -0.304800
v -0.038100 0.000000 -0.304800
v 0.007433 0.037368 -0.304800
v 0.000000 0.038100 -0.304800
v -0.007433 -0.037368 -0.304800
v -0.026941 -0.026941 -0.304800
v -0.035200 -0.014580 -0.304800
v -0.031679 -0.021167 -0.304800
v -0.014580 -0.035200 -0.304800
v -0.021167 -0.031679 -0.304800
v 0.007433 -0.037368 -0.304800
v 0.000000 -0.038100 -0.304800
v 0.037368 -0.007433 -0.304800
v 0.026941 -0.026941 -0.304800
v 0.014580 -0.035200 -0.304800
v 0.021167 -0.031679 -0.304800
v 0.035200 -0.014580 -0.304800
v 0.031679 -0.021167 -0.304800
v 0.037368 0.007433 -0.304800
v 0.038100 0.000000 -0.304800
v 0.026941 0.026941 -0.304800
v 0.035200 0.014580 -0.304800
v 0.031679 0.021167 -0.304800
v 0.014580 0.035200 -0.304800
v 0.021167 0.031679 -0.304800
v 0.026941 0.026941 0.304800
v 0.014580 0.035200 0.304800
v 0.021167 0.031679 0.304800
v 0.007433 0.037368 0.304800
v 0.035200 0.014580 0.304800
v 0.031679 0.021167 0.304800
v 0.037368 0.007433 0.304800
v 0.037368 -0.007433 0.304800
v 0.038100 -0.000000 0.304800
v -0.007433 0.037368 0.304800
v 0.000000 0.038100 0.304800
v 0.007433 -0.037368 0.304800
v -0.037368 0.007433 0.304800
v 0.026941 -0.026941 0.304800
v 0.035200 -0.014580 0.304800
v 0.031679 -0.021167 0.304800
v 0.014580 -0.035200 0.304800
v 0.021167 -0.031679 0.304800
v -0.007433 -0.037368 0.304800
v 0.000000 -0.038100 0.304800
v -0.037368 -0.007433 0.304800
v -0.038100 -0.000000 0.304800
v -0.026941 -0.026941 0.304800
v -0.014580 -0.035200 0.304800
v -0.021167 -0.031679 0.304800
v -0.035200 -0.014580 0.304800
v -0.031679 -0.021167 0.304800
v -0.026941 0.026941 0.304800
v -0.014580 0.035200 0.304800
v -0.021167 0.031679 0.304800
v -0.035200 0.014580 0.304800
v -0.031679 0.021167 0.304800
v -3.069167 -0.031679 -0.917270
v -3.079679 -0.021167 -0.917270
v -3.074941 -0.026941 -0.917270
v -3.062580 -0.035200 -0.917270
v -3.048000 -0.038100 -0.917270
v -3.055433 -0.037368 -0.917270
v -3.033420 -0.035200 -0.917270
v -3.040567 -0.037368 -0.917270
v -3.016321 -0.021167 -0.917270
v -3.026833 -0.031679 -0.917270
v -3.021059 -0.026941 -0.917270
v -3.085368 -0.007433 -0.917270
v -3.083200 -0.014580 -0.917270
v -3.010632 -0.007433 -0.917270
v -3.012800 -0.014580 -0.917270
v -3.085368 0.007433 -0.917270
v -3.086100 0.000000 -0.917270
v -3.010632 0.007433 -0.917270
v -3.009900 0.000000 -0.917270
v -3.079679 0.021167 -0.917270
v -3.083200 0.014580 -0.917270
v -3.069167 0.031679 -0.917270
v -3.074941 0.026941 -0.917270
v -3.062580 0.035200 -0.917270
v -3.016321 0.021167 -0.917270
v -3.012800 0.014580 -0.917270
v -3.048000 0.038100 -0.917270
v -3.055433 0.037368 -0.917270
v -3.026833 0.031679 -0.917270
v -3.021059 0.026941 -0.917270
v -3.033420 0.035200 -0.917270
v -3.040567 0.037368 -0.917270
v -3.026833 -0.031679 -0.307670
v -3.016321 -0.021167 -0.307670
v -3.021059 -0.026941 -0.307670
v -3.033420 -0.035200 -0.307670
v -3.048000 -0.038100 -0.307670
v -3.040567 -0.037368 -0.307670
v -3.062580 -0.035200 -0.307670
v -3.055433 -0.037368 -0.307670
v -3.079679 -0.021167 -0.307670
v -3.069167 -0.031679 -0.307670
v -3.074941 -0.026941 -0.307670
v -3.010632 -0.007433 -0.307670
v -3.012800 -0.014580 -0.307670
v -3.085368 -0.007433 -0.307670
v -3.083200 -0.014580 -0.307670
v -3.085368 0.007433 -0.307670
v -3.086100 0.000000 -0.307670
v -3.010632 0.007433 -0.307670
v -3.009900 0.000000 -0.307670
v -3.016321 0.021167 -0.307670
v -3.012800 0.014580 -0.307670
v -3.026833 0.031679 -0.307670
v -3.021059 0.026941 -0.307670
v -3.033420 0.035200 -0.307670
v -3.079679 0.021167 -0.307670
v -3.083200 0.014580 -0.307670
v -3.048000 0.038100 -0.307670
v -3.040567 0.037368 -0.307670
v -3.069167 0.031679 -0.307670
v -3.074941 0.026941 -0.307670
v -3.062580 0.035200 -0.307670
v -3.055433 0.037368 -0.307670
v 0.003414 0.017164 -1.034470
v 0.000000 0.017500 0.489530
v 0.000000 0.017500 -1.034470
v 0.003414 0.017164 0.489530
v 0.006697 0.016168 -1.034470
v 0.003414 0.017164 0.489530
v 0.003414 0.017164 -1.034470
v 0.006697 0.016168 0.489530
v 0.009722 0.014551 -1.034470
v 0.006697 0.016168 0.489530
v 0.006697 0.016168 -1.034470
v 0.009722 0.014551 0.489530
v 0.012374 0.012375 -1.034470
v 0.009722 0.014551 0.489530
v 0.009722 0.014551 -1.034470
v 0.012374 0.012374 0.489530
v 0.014551 0.009723 -1.034470
v 0.012374 0.012374 0.489530
v 0.012374 0.012375 -1.034470
v 0.014551 0.009722 0.489530
v 0.016168 0.006697 -1.034470
v 0.014551 0.009722 0.489530
v 0.014551 0.009723 -1.034470
v 0.016168 0.006697 0.489530
v 0.017164 0.003414 -1.034470
v 0.016168 0.006697 0.489530
v 0.016168 0.006697 -1.034470
v 0.017164 0.003414 0.489530
v 0.017500 0.000000 -1.034470
v 0.017164 0.003414 0.489530
v 0.017164 0.003414 -1.034470
v 0.017500 -0.000000 0.489530
v 0.017164 -0.003414 -1.034470
v 0.017500 -0.000000 0.489530
v 0.017500 0.000000 -1.034470
v 0.017164 -0.003414 0.489530
v 0.016168 -0.006697 -1.034470
v 0.017164 -0.003414 0.489530
v 0.017164 -0.003414 -1.034470
v 0.016168 -0.006697 0.489530
v 0.014551 -0.009722 -1.034470
v 0.016168 -0.006697 0.489530
v 0.016168 -0.006697 -1.034470
v 0.014551 -0.009723 0.489530
v 0.012374 -0.012374 -1.034470
v 0.014551 -0.009723 0.489530
v 0.014551 -0.009722 -1.034470
v 0.012374 -0.012374 0.489530
v 0.009722 -0.014551 -1.034470
v 0.012374 -0.012374 0.489530
v 0.012374 -0.012374 -1.034470
v 0.009722 -0.014551 0.489530
v 0.006697 -0.016168 -1.034470
v 0.009722 -0.014551 0.489530
v 0.009722 -0.014551 -1.034470
v 0.006697 -0.016168 0.489530
v 0.003414 -0.017164 -1.034470
v 0.006697 -0.016168 0.489530
v 0.006697 -0.016168 -1.034470
v 0.003414 -0.017164 0.489530
v 0.000000 -0.017500 -1.034470
v 0.003414 -0.017164 0.489530
v 0.003414 -0.017164 -1.034470
v 0.000000 -0.017500 0.489530
v -0.003414 -0.017164 -1.034470
v 0.000000 -0.017500 0.489530
v 0.000000 -0.017500 -1.034470
v -0.003414 -0.017164 0.489530
v -0.006697 -0.016168 -1.034470
v -0.003414 -0.017164 0.489530
v -0.003414 -0.017164 -1.034470
v -0.006697 -0.016168 0.489530
v -0.009722 -0.014551 -1.034470
v -0.006697 -0.016168 0.489530
v -0.006697 -0.016168 -1.034470
v -0.009722 -0.014551 0.489530
v -0.012374 -0.012374 -1.034470
v -0.009722 -0.014551 0.489530
v -0.009722 -0.014551 -1.034470
v -0.012374 -0.012374 0.489530
v -0.014551 -0.009722 -1.034470
v -0.012374 -0.012374 0.489530
v -0.012374 -0.012374 -1.034470
v -0.014551 -0.009723 0.489530
v -0.016168 -0.006697 -1.034470
v -0.014551 -0.009723 0.489530
v -0.014551 -0.009722 -1.034470
v -0.016168 -0.006697 0.489530
v -0.017164 -0.003414 -1.034470
v -0.016168 -0.006697 0.489530
v -0.016168 -0.006697 -1.034470
v -0.017164 -0.003414 0.489530
v -0.017500 0.000000 -1.034470
v -0.017164 -0.003414 0.489530
v -0.017164 -0.003414 -1.034470
v -0.017500 -0.000000 0.489530
v -0.017164 0.003414 -1.034470
v -0.017500 -0.000000 0.489530
v -0.017500 0.000000 -1.034470
v -0.017164 0.003414 0.489530
v -0.016168 0.006697 -1.034470
v -0.017164 0.003414 0.489530
v -0.017164 0.003414 -1.034470
v -0.016168 0.006697 0.489530
v -0.014551 0.009723 -1.034470
v -0.016168 0.006697 0.489530
v -0.016168 0.006697 -1.034470
v -0.014551 0.009722 0.489530
v -0.012374 0.012375 -1.034470
v -0.014551 0.009722 0.489530
v -0.014551 0.009723 -1.034470
v -0.012374 0.012374 0.489530
v -0.009722 0.014551 -1.034470
v -0.012374 0.012374 0.489530
v -0.012374 0.012375 -1.034470
v -0.009722 0.014551 0.489530
v -0.006697 0.016168 -1.034470
v -0.009722 0.014551 0.489530
v -0.009722 0.014551 -1.034470
v -0.006697 0.016168 0.489530
v -0.003414 0.017164 -1.034470
v -0.006697 0.016168 0.489530
v -0.006697 0.016168 -1.034470
v -0.003414 0.017164 0.489530
v 0.000000 0.017500 -1.034470
v -0.003414 0.017164 0.489530
v -0.003414 0.017164 -1.034470
v 0.000000 0.017500 0.489530
v -3.044586 0.017164 -1.034470
v -3.048000 0.017500 0.489530
v -3.048000 0.017500 -1.034470
v -3.044586 0.017164 0.489530
v -3.041303 0.016168 -1.034470
v -3.044586 0.017164 0.489530
v -3.044586 0.017164 -1.034470
v -3.041303 0.016168 0.489530
v -3.038278 0.014551 -1.034470
v -3.041303 0.016168 0.489530
v -3.041303 0.016168 -1.034470
v -3.038278 0.014551 0.489530
v -3.035626 0.012375 -1.034470
v -3.038278 0.014551 0.489530
v -3.038278 0.014551 -1.034470
v -3.035626 0.012374 0.489530
v -3.033449 0.009723 -1.034470
v -3.035626 0.012374 0.489530
v -3.035626 0.012375 -1.034470
v -3.033449 0.009722 0.489530
v -3.031832 0.006697 -1.034470
v -3.033449 0.009722 0.489530
v -3.033449 0.009723 -1.034470
v -3.031832 0.006697 0.489530
v -3.030836 0.003414 -1.034470
v -3.031832 0.006697 0.489530
v -3.031832 0.006697 -1.034470
v -3.030836 0.003414 0.489530
v -3.030500 0.000000 -1.034470
v -3.030836 0.003414 0.489530
v -3.030836 0.003414 -1.034470
v -3.030500 -0.000000 0.489530
v -3.030836 -0.003414 -1.034470
v -3.030500 -0.000000 0.489530
v -3.030500 0.000000 -1.034470
v -3.030836 -0.003414 0.489530
v -3.031832 -0.006697 -1.034470
v -3.030836 -0.003414 0.489530
v -3.030836 -0.003414 -1.034470
v -3.031832 -0.006697 0.489530
v -3.033449 -0.009722 -1.034470
v -3.031832 -0.006697 0.489530
v -3.031832 -0.006697 -1.034470
v -3.033449 -0.009723 0.489530
v -3.035626 -0.012374 -1.034470
v -3.033449 -0.009723 0.489530
v -3.033449 -0.009722 -1.034470
v -3.035626 -0.012374 0.489530
v -3.038278 -0.014551 -1.034470
v -3.035626 -0.012374 0.489530
v -3.035626 -0.012374 -1.034470
v -3.038278 -0.014551 0.489530
v -3.041303 -0.016168 -1.034470
v -3.038278 -0.014551 0.489530
v -3.038278 -0.014551 -1.034470
v -3.041303 -0.016168 0.489530
v -3.044586 -0.017164 -1.034470
v -3.041303 -0.016168 0.489530
v -3.041303 -0.016168 -1.034470
v -3.044586 -0.017164 0.489530
v -3.048000 -0.017500 -1.034470
v -3.044586 -0.017164 0.489530
v -3.044586 -0.017164 -1.034470
v -3.048000 -0.017500 0.489530
v -3.051414 -0.017164 -1.034470
v -3.048000 -0.017500 0.489530
v -3.048000 -0.017500 -1.034470
v -3.051414 -0.017164 0.489530
v -3.054697 -0.016168 -1.034470
v -3.051414 -0.017164 0.489530
v -3.051414 -0.017164 -1.034470
v -3.054697 -0.016168 0.489530
v -3.057722 -0.014551 -1.034470
v -3.054697 -0.016168 0.489530
v -3.054697 -0.016168 -1.034470
v -3.057722 -0.014551 0.489530
v -3.060374 -0.012374 -1.034470
v -3.057722 -0.014551 0.489530
v -3.057722 -0.014551 -1.034470
v -3.060374 -0.012374 0.489530
v -3.062551 -0.009722 -1.034470
v -3.060374 -0.012374 0.489530
v -3.060374 -0.012374 -1.034470
v -3.062551 -0.009723 0.489530
v -3.064168 -0.006697 -1.034470
v -3.062551 -0.009723 0.489530
v -3.062551 -0.009722 -1.034470
v -3.064168 -0.006697 0.489530
v -3.065164 -0.003414 -1.034470
v -3.064168 -0.006697 0.489530
v -3.064168 -0.006697 -1.034470
v -3.065164 -0.003414 0.489530
v -3.065500 0.000000 -1.034470
v -3.065164 -0.003414 0.489530
v -3.065164 -0.003414 -1.034470
v -3.065500 -0.000000 0.489530
v -3.065164 0.003414 -1.034470
v -3.065500 -0.000000 0.489530
v -3.065500 0.000000 -1.034470
v -3.065164 0.003414 0.489530
v -3.064168 0.006697 -1.034470
v -3.065164 0.003414 0.489530
v -3.065164 0.003414 -1.034470
v -3.064168 0.006697 0.489530
v -3.062551 0.009723 -1.034470
v -3.064168 0.006697 0.489530
v -3.064168 0.006697 -1.034470
v -3.062551 0.009722 0.489530
v -3.060374 0.012375 -1.034470
v -3.062551 0.009722 0.489530
v -3.062551 0.009723 -1.034470
v -3.060374 0.012374 0.489530
v -3.057722 0.014551 -1.034470
v -3.060374 0.012374 0.489530
v -3.060374 0.012375 -1.034470
v -3.057722 0.014551 0.489530
v -3.054697 0.016168 -1.034470
v -3.057722 0.014551 0.489530
v -3.057722 0.014551 -1.034470
v -3.054697 0.016168 0.489530
v -3.051414 0.017164 -1.034470
v -3.054697 0.016168 0.489530
v -3.054697 0.016168 -1.034470
v -3.051414 0.017164 0.489530
v -3.048000 0.017500 -1.034470
v -3.051414 0.017164 0.489530
v -3.051414 0.017164 -1.034470
v -3.048000 0.017500 0.489530
v 0.050000 0.017500 -1.042470
v -3.098000 0.017164 -1.039056
v -3.098000 0.017500 -1.042470
v 0.050000 0.017164 -1.039056
v -3.098000 0.016168 -1.035773
v 0.050000 0.017164 -1.039056
v 0.050000 0.016168 -1.035773
v -3.098000 0.017164 -1.039056
v -3.098000 0.014551 -1.032747
v 0.050000 0.016168 -1.035773
v 0.050000 0.014551 -1.032747
v -3.098000 0.016168 -1.035773
v -3.098000 0.012375 -1.030096
v 0.050000 0.014551 -1.032747
v 0.050000 0.012375 -1.030095
v -3.098000 0.014551 -1.032747
v -3.098000 0.009723 -1.027919
v 0.050000 0.012375 -1.030095
v 0.050000 0.009723 -1.027919
v -3.098000 0.012375 -1.030096
v -3.098000 0.006697 -1.026302
v 0.050000 0.009723 -1.027919
v 0.050000 0.006697 -1.026302
v -3.098000 0.009723 -1.027919
v -3.098000 0.003414 -1.025306
v 0.050000 0.006697 -1.026302
v 0.050000 0.003414 -1.025306
v -3.098000 0.006697 -1.026302
v -3.098000 0.000000 -1.024970
v 0.050000 0.003414 -1.025306
v 0.050000 0.000000 -1.024970
v -3.098000 0.003414 -1.025306
v -3.098000 -0.003414 -1.025306
v 0.050000 0.000000 -1.024970
v 0.050000 -0.003414 -1.025306
v -3.098000 0.000000 -1.024970
v -3.098000 -0.006697 -1.026302
v 0.050000 -0.003414 -1.025306
v 0.050000 -0.006697 -1.026302
v -3.098000 -0.003414 -1.025306
v -3.098000 -0.009722 -1.027919
v 0.050000 -0.006697 -1.026302
v 0.050000 -0.009722 -1.027919
v -3.098000 -0.006697 -1.026302
v -3.098000 -0.012374 -1.030096
v 0.050000 -0.009722 -1.027919
v 0.050000 -0.012374 -1.030095
v -3.098000 -0.009722 -1.027919
v -3.098000 -0.014551 -1.032747
v 0.050000 -0.012374 -1.030095
v 0.050000 -0.014551 -1.032747
v -3.098000 -0.012374 -1.030096
v -3.098000 -0.016168 -1.035773
v 0.050000 -0.014551 -1.032747
v 0.050000 -0.016168 -1.035773
v -3.098000 -0.014551 -1.032747
v -3.098000 -0.017164 -1.039056
v 0.050000 -0.016168 -1.035773
v 0.050000 -0.017164 -1.039056
v -3.098000 -0.016168 -1.035773
v 0.050000 -0.017500 -1.042470
v -3.098000 -0.017500 -1.042470
v -3.098000 -0.017164 -1.039056
v 0.050000 -0.017164 -1.039056
v 0.050000 -0.017164 -1.045884
v -3.098000 -0.017164 -1.045884
v -3.098000 -0.017500 -1.042470
v 0.050000 -0.017500 -1.042470
v 0.050000 -0.016168 -1.049167
v -3.098000 -0.016168 -1.049167
v -3.098000 -0.017164 -1.045884
v 0.050000 -0.017164 -1.045884
v 0.050000 -0.014551 -1.052192
v -3.098000 -0.014551 -1.052192
v -3.098000 -0.016168 -1.049167
v 0.050000 -0.016168 -1.049167
v 0.050000 -0.012374 -1.054844
v -3.098000 -0.012374 -1.054844
v -3.098000 -0.014551 -1.052192
v 0.050000 -0.014551 -1.052192
v 0.050000 -0.009722 -1.057021
v -3.098000 -0.009722 -1.057021
v -3.098000 -0.012374 -1.054844
v 0.050000 -0.012374 -1.054844
v 0.050000 -0.006697 -1.058638
v -3.098000 -0.006697 -1.058638
v -3.098000 -0.009722 -1.057021
v 0.050000 -0.009722 -1.057021
v 0.050000 -0.003414 -1.059634
v -3.098000 -0.003414 -1.059634
v -3.098000 -0.006697 -1.058638
v 0.050000 -0.006697 -1.058638
v 0.050000 0.000000 -1.059970
v -3.098000 0.000000 -1.059970
v -3.098000 -0.003414 -1.059634
v 0.050000 -0.003414 -1.059634
v 0.050000 0.003414 -1.059634
v -3.098000 0.003414 -1.059634
v -3.098000 0.000000 -1.059970
v 0.050000 0.000000 -1.059970
v 0.050000 0.006697 -1.058638
v -3.098000 0.006697 -1.058638
v -3.098000 0.003414 -1.059634
v 0.050000 0.003414 -1.059634
v 0.050000 0.009723 -1.057021
v -3.098000 0.009723 -1.057021
v -3.098000 0.006697 -1.058638
v 0.050000 0.006697 -1.058638
v 0.050000 0.012375 -1.054844
v -3.098000 0.012375 -1.054844
v -3.098000 0.009723 -1.057021
v 0.050000 0.009723 -1.057021
v 0.050000 0.014551 -1.052192
v -3.098000 0.014551 -1.052192
v -3.098000 0.012375 -1.054844
v 0.050000 0.012375 -1.054844
v 0.050000 0.016168 -1.049167
v -3.098000 0.016168 -1.049167
v -3.098000 0.014551 -1.052192
v 0.050000 0.014551 -1.052192
v 0.050000 0.017164 -1.045884
v -3.098000 0.017164 -1.045884
v -3.098000 0.016168 -1.049167
v 0.050000 0.016168 -1.049167
v 0.050000 0.017164 -1.045884
v -3.098000 0.017500 -1.042470
v -3.098000 0.017164 -1.045884
v 0.050000 0.017500 -1.042470
v 0.050000 0.017164 -1.045884
v 0.050000 0.017164 -1.039056
v 0.050000 0.017500 -1.042470
v 0.050000 0.016168 -1.049167
v 0.050000 0.016168 -1.035773
v 0.050000 0.014551 -1.032747
v 0.050000 0.014551 -1.052192
v 0.050000 0.012375 -1.054844
v 0.050000 0.012375 -1.030095
v 0.050000 0.009723 -1.027919
v 0.050000 0.009723 -1.057021
v 0.050000 0.006697 -1.026302
v 0.050000 0.006697 -1.058638
v 0.050000 0.003414 -1.025306
v 0.050000 0.003414 -1.059634
v 0.050000 0.000000 -1.059970
v 0.050000 0.000000 -1.024970
v 0.050000 -0.003414 -1.025306
v 0.050000 -0.003414 -1.059634
v 0.050000 -0.006697 -1.058638
v 0.050000 -0.006697 -1.026302
v 0.050000 -0.009722 -1.027919
v 0.050000 -0.009722 -1.057021
v 0.050000 -0.012374 -1.030095
v 0.050000 -0.012374 -1.054844
v 0.050000 -0.014551 -1.032747
v 0.050000 -0.014551 -1.052192
v 0.050000 -0.016168 -1.049167
v 0.050000 -0.016168 -1.035773
v 0.050000 -0.017164 -1.039056
v 0.050000 -0.017164 -1.045884
v 0.050000 -0.017500 -1.042470
v -3.098000 -0.017164 -1.045884
v -3.098000 -0.017164 -1.039056
v -3.098000 -0.017500 -1.042470
v -3.098000 -0.016168 -1.035773
v -3.098000 -0.016168 -1.049167
v -3.098000 -0.014551 -1.052192
v -3.098000 -0.014551 -1.032747
v -3.098000 -0.012374 -1.030096
v -3.098000 -0.012374 -1.054844
v -3.098000 -0.009722 -1.027919
v -3.098000 -0.009722 -1.057021
v -3.098000 -0.006697 -1.026302
v -3.098000 -0.006697 -1.058638
v -3.098000 -0.003414 -1.059634
v -3.098000 -0.003414 -1.025306
v -3.098000 0.000000 -1.024970
v -3.098000 0.000000 -1.059970
v -3.098000 0.003414 -1.059634
v -3.098000 0.003414 -1.025306
v -3.098000 0.006697 -1.026302
v -3.098000 0.006697 -1.058638
v -3.098000 0.009723 -1.027919
v -3.098000 0.009723 -1.057021
v -3.098000 0.012375 -1.030096
v -3.098000 0.012375 -1.054844
v -3.098000 0.014551 -1.052192
v -3.098000 0.014551 -1.032747
v -3.098000 0.016168 -1.035773
v -3.098000 0.016168 -1.049167
v -3.098000 0.017164 -1.039056
v -3.098000 0.017164 -1.045884
v -3.098000 0.017500 -1.042470
v -3.035626 0.012375 -1.034470
v -3.031832 0.006697 -1.034470
v -3.033449 0.009723 -1.034470
v -3.030836 0.003414 -1.034470
v -3.030836 -0.003414 -1.034470
v -3.030500 0.000000 -1.034470
v -3.035626 -0.012374 -1.034470
v -3.031832 -0.006697 -1.034470
v -3.033449 -0.009722 -1.034470
v -3.060374 0.012375 -1.034470
v -3.038278 0.014551 -1.034470
v -3.064168 0.006697 -1.034470
v -3.062551 0.009723 -1.034470
v -3.065164 0.003414 -1.034470
v -3.065164 -0.003414 -1.034470
v -3.065500 0.000000 -1.034470
v -3.044586 0.017164 -1.034470
v -3.041303 0.016168 -1.034470
v -3.060374 -0.012374 -1.034470
v -3.064168 -0.006697 -1.034470
v -3.062551 -0.009722 -1.034470
v -3.057722 0.014551 -1.034470
v -3.038278 -0.014551 -1.034470
v -3.051414 0.017164 -1.034470
v -3.054697 0.016168 -1.034470
v -3.048000 0.017500 -1.034470
v -3.057722 -0.014551 -1.034470
v -3.051414 -0.017164 -1.034470
v -3.054697 -0.016168 -1.034470
v -3.044586 -0.017164 -1.034470
v -3.048000 -0.017500 -1.034470
v -3.041303 -0.016168 -1.034470
v -3.035626 -0.012374 0.489530
v -3.031832 -0.006697 0.489530
v -3.033449 -0.009723 0.489530
v -3.030836 -0.003414 0.489530
v -3.030836 0.003414 0.489530
v -3.030500 -0.000000 0.489530
v -3.035626 0.012374 0.489530
v -3.031832 0.006697 0.489530
v -3.033449 0.009722 0.489530
v -3.060374 -0.012374 0.489530
v -3.038278 -0.014551 0.489530
v -3.064168 -0.006697 0.489530
v -3.062551 -0.009723 0.489530
v -3.065164 -0.003414 0.489530
v -3.065164 0.003414 0.489530
v -3.065500 -0.000000 0.489530
v -3.044586 -0.017164 0.489530
v -3.041303 -0.016168 0.489530
v -3.060374 0.012374 0.489530
v -3.064168 0.006697 0.489530
v -3.062551 0.009722 0.489530
v -3.038278 0.014551 0.489530
v -3.057722 -0.014551 0.489530
v -3.057722 0.014551 0.489530
v -3.051414 -0.017164 0.489530
v -3.054697 -0.016168 0.489530
v -3.048000 -0.017500 0.489530
v -3.044586 0.017164 0.489530
v -3.041303 0.016168 0.489530
v -3.051414 0.017164 0.489530
v -3.054697 0.016168 0.489530
v -3.048000 0.017500 0.489530
v 0.000000 0.017500 -1.034470
v 0.006697 0.016168 -1.034470
v 0.003414 0.017164 -1.034470
v -0.006697 0.016168 -1.034470
v -0.003414 0.017164 -1.034470
v 0.012374 0.012375 -1.034470
v 0.009722 0.014551 -1.034470
v -0.012374 0.012375 -1.034470
v -0.009722 0.014551 -1.034470
v 0.016168 0.006697 -1.034470
v 0.014551 0.009723 -1.034470
v 0.017500 0.000000 -1.034470
v 0.017164 0.003414 -1.034470
v 0.016168 -0.006697 -1.034470
v 0.017164 -0.003414 -1.034470
v 0.012374 -0.012374 -1.034470
v 0.014551 -0.009722 -1.034470
v 0.006697 -0.016168 -1.034470
v 0.009722 -0.014551 -1.034470
v -0.016168 0.006697 -1.034470
v -0.014551 0.009723 -1.034470
v -0.012374 -0.012374 -1.034470
v 0.000000 -0.017500 -1.034470
v 0.003414 -0.017164 -1.034470
v -0.006697 -0.016168 -1.034470
v -0.003414 -0.017164 -1.034470
v -0.009722 -0.014551 -1.034470
v -0.016168 -0.006697 -1.034470
v -0.014551 -0.009722 -1.034470
v -0.017500 0.000000 -1.034470
v -0.017164 -0.003414 -1.034470
v -0.017164 0.003414 -1.034470
v 0.006697 0.016168 0.489530
v 0.000000 0.017500 0.489530
v 0.003414 0.017164 0.489530
v -0.006697 0.016168 0.489530
v -0.003414 0.017164 0.489530
v 0.012374 0.012374 0.489530
v 0.009722 0.014551 0.489530
v -0.012374 0.012374 0.489530
v -0.009722 0.014551 0.489530
v -0.016168 0.006697 0.489530
v -0.014551 0.009722 0.489530
v -0.017500 -0.000000 0.489530
v -0.017164 0.003414 0.489530
v -0.016168 -0.006697 0.489530
v -0.017164 -0.003414 0.489530
v -0.012374 -0.012374 0.489530
v -0.014551 -0.009723 0.489530
v 0.016168 0.006697 0.489530
v 0.014551 0.009722 0.489530
v 0.017500 -0.000000 0.489530
v 0.017164 0.003414 0.489530
v 0.016168 -0.006697 0.489530
v 0.017164 -0.003414 0.489530
v 0.012374 -0.012374 0.489530
v 0.014551 -0.009723 0.489530
v 0.006697 -0.016168 0.489530
v 0.009722 -0.014551 0.489530
v -0.006697 -0.016168 0.489530
v -0.009722 -0.014551 0.489530
v 0.000000 -0.017500 0.489530
v 0.003414 -0.017164 0.489530
v -0.003414 -0.017164 0.489530
v 0.007433 0.037368 -0.917270
v 0.000000 0.038100 -0.307670
v 0.000000 0.038100 -0.917270
v 0.007433 0.037368 -0.307670
v 0.014580 0.035200 -0.917270
v 0.007433 0.037368 -0.307670
v 0.007433 0.037368 -0.917270
v 0.014580 0.035200 -0.307670
v 0.021167 0.031679 -0.917270
v 0.014580 0.035200 -0.307670
v 0.014580 0.035200 -0.917270
v 0.021167 0.031679 -0.307670
v 0.026941 0.026941 -0.917270
v 0.021167 0.031679 -0.307670
v 0.021167 0.031679 -0.917270
v 0.026941 0.026941 -0.307670
v 0.031679 0.021167 -0.917270
v 0.026941 0.026941 -0.307670
v 0.026941 0.026941 -0.917270
v 0.031679 0.021167 -0.307670
v 0.035200 0.014580 -0.917270
v 0.031679 0.021167 -0.307670
v 0.031679 0.021167 -0.917270
v 0.035200 0.014580 -0.307670
v 0.037368 0.007433 -0.917270
v 0.035200 0.014580 -0.307670
v 0.035200 0.014580 -0.917270
v 0.037368 0.007433 -0.307670
v 0.038100 0.000000 -0.917270
v 0.037368 0.007433 -0.307670
v 0.037368 0.007433 -0.917270
v 0.038100 0.000000 -0.307670
v 0.037368 -0.007433 -0.917270
v 0.038100 0.000000 -0.307670
v 0.038100 0.000000 -0.917270
v 0.037368 -0.007433 -0.307670
v 0.035200 -0.014580 -0.917270
v 0.037368 -0.007433 -0.307670
v 0.037368 -0.007433 -0.917270
v 0.035200 -0.014580 -0.307670
v 0.031679 -0.021167 -0.917270
v 0.035200 -0.014580 -0.307670
v 0.035200 -0.014580 -0.917270
v 0.031679 -0.021167 -0.307670
v 0.026941 -0.026941 -0.917270
v 0.031679 -0.021167 -0.307670
v 0.031679 -0.021167 -0.917270
v 0.026941 -0.026941 -0.307670
v 0.021167 -0.031679 -0.917270
v 0.026941 -0.026941 -0.307670
v 0.026941 -0.026941 -0.917270
v 0.021167 -0.031679 -0.307670
v 0.014580 -0.035200 -0.917270
v 0.021167 -0.031679 -0.307670
v 0.021167 -0.031679 -0.917270
v 0.014580 -0.035200 -0.307670
v 0.007433 -0.037368 -0.917270
v 0.014580 -0.035200 -0.307670
v 0.014580 -0.035200 -0.917270
v 0.007433 -0.037368 -0.307670
v 0.000000 -0.038100 -0.917270
v 0.007433 -0.037368 -0.307670
v 0.007433 -0.037368 -0.917270
v 0.000000 -0.038100 -0.307670
v -0.007433 -0.037368 -0.917270
v 0.000000 -0.038100 -0.307670
v 0.000000 -0.038100 -0.917270
v -0.007433 -0.037368 -0.307670
v -0.014580 -0.035200 -0.917270
v -0.007433 -0.037368 -0.307670
v -0.007433 -0.037368 -0.917270
v -0.014580 -0.035200 -0.307670
v -0.021167 -0.031679 -0.917270
v -0.014580 -0.035200 -0.307670
v -0.014580 -0.035200 -0.917270
v -0.021167 -0.031679 -0.307670
v -0.026941 -0.026941 -0.917270
v -0.021167 -0.031679 -0.307670
v -0.021167 -0.031679 -0.917270
v -0.026941 -0.026941 -0.307670
v -0.031679 -0.021167 -0.917270
v -0.026941 -0.026941 -0.307670
v -0.026941 -0.026941 -0.917270
v -0.031679 -0.021167 -0.307670
v -0.035200 -0.014580 -0.917270
v -0.031679 -0.021167 -0.307670
v -0.031679 -0.021167 -0.917270
v -0.035200 -0.014580 -0.307670
v -0.037368 -0.007433 -0.917270
v -0.035200 -0.014580 -0.307670
v -0.035200 -0.014580 -0.917270
v -0.037368 -0.007433 -0.307670
v -0.038100 0.000000 -0.917270
v -0.037368 -0.007433 -0.307670
v -0.037368 -0.007433 -0.917270
v -0.038100 0.000000 -0.307670
v -0.037368 0.007433 -0.917270
v -0.038100 0.000000 -0.307670
v -0.038100 0.000000 -0.917270
v -0.037368 0.007433 -0.307670
v -0.035200 0.014580 -0.917270
v -0.037368 0.007433 -0.307670
v -0.037368 0.007433 -0.917270
v -0.035200 0.014580 -0.307670
v -0.031679 0.021167 -0.917270
v -0.035200 0.014580 -0.307670
v -0.035200 0.014580 -0.917270
v -0.031679 0.021167 -0.307670
v -0.026941 0.026941 -0.917270
v -0.031679 0.021167 -0.307670
v -0.031679 0.021167 -0.917270
v -0.026941 0.026941 -0.307670
v -0.021167 0.031679 -0.917270
v -0.026941 0.026941 -0.307670
v -0.026941 0.026941 -0.917270
v -0.021167 0.031679 -0.307670
v -0.014580 0.035200 -0.917270
v -0.021167 0.031679 -0.307670
v -0.021167 0.031679 -0.917270
v -0.014580 0.035200 -0.307670
v -0.007433 0.037368 -0.917270
v -0.014580 0.035200 -0.307670
v -0.014580 0.035200 -0.917270
v -0.007433 0.037368 -0.307670
v 0.000000 0.038100 -0.917270
v -0.007433 0.037368 -0.307670
v -0.007433 0.037368 -0.917270
v 0.000000 0.038100 -0.307670
v -3.040567 0.037368 -0.304799
v -3.048000 0.038100 0.304801
v -3.048000 0.038100 -0.304799
v -3.040567 0.037368 0.304801
v -3.033420 0.035200 -0.304799
v -3.040567 0.037368 0.304801
v -3.040567 0.037368 -0.304799
v -3.033420 0.035200 0.304801
v -3.026833 0.031679 -0.304799
v -3.033420 0.035200 0.304801
v -3.033420 0.035200 -0.304799
v -3.026833 0.031679 0.304801
v -3.021059 0.026941 -0.304799
v -3.026833 0.031679 0.304801
v -3.026833 0.031679 -0.304799
v -3.021059 0.026941 0.304801
v -3.016321 0.021167 -0.304799
v -3.021059 0.026941 0.304801
v -3.021059 0.026941 -0.304799
v -3.016321 0.021167 0.304801
v -3.012800 0.014580 -0.304799
v -3.016321 0.021167 0.304801
v -3.016321 0.021167 -0.304799
v -3.012800 0.014580 0.304801
v -3.010632 0.007433 -0.304799
v -3.012800 0.014580 0.304801
v -3.012800 0.014580 -0.304799
v -3.010632 0.007433 0.304801
v -3.009900 0.000000 -0.304799
v -3.010632 0.007433 0.304801
v -3.010632 0.007433 -0.304799
v -3.009900 -0.000000 0.304801
v -3.010632 -0.007433 -0.304799
v -3.009900 -0.000000 0.304801
v -3.009900 0.000000 -0.304799
v -3.010632 -0.007433 0.304801
v -3.012800 -0.014580 -0.304799
v -3.010632 -0.007433 0.304801
v -3.010632 -0.007433 -0.304799
v -3.012800 -0.014580 0.304801
v -3.016321 -0.021167 -0.304799
v -3.012800 -0.014580 0.304801
v -3.012800 -0.014580 -0.304799
v -3.016321 -0.021167 0.304801
v -3.021059 -0.026941 -0.304799
v -3.016321 -0.021167 0.304801
v -3.016321 -0.021167 -0.304799
v -3.021059 -0.026941 0.304801
v -3.026833 -0.031679 -0.304799
v -3.021059 -0.026941 0.304801
v -3.021059 -0.026941 -0.304799
v -3.026833 -0.031679 0.304801
v -3.033420 -0.035200 -0.304799
v -3.026833 -0.031679 0.304801
v -3.026833 -0.031679 -0.304799
v -3.033420 -0.035200 0.304801
v -3.040567 -0.037368 -0.304799
v -3.033420 -0.035200 0.304801
v -3.033420 -0.035200 -0.304799
v -3.040567 -0.037368 0.304801
v -3.048000 -0.038100 -0.304799
v -3.040567 -0.037368 0.304801
v -3.040567 -0.037368 -0.304799
v -3.048000 -0.038100 0.304801
v -3.055433 -0.037368 -0.304799
v -3.048000 -0.038100 0.304801
v -3.048000 -0.038100 -0.304799
v -3.055433 -0.037368 0.304801
v -3.062580 -0.035200 -0.304799
v -3.055433 -0.037368 0.304801
v -3.055433 -0.037368 -0.304799
v -3.062580 -0.035200 0.304801
v -3.069167 -0.031679 -0.304799
v -3.062580 -0.035200 0.304801
v -3.062580 -0.035200 -0.304799
v -3.069167 -0.031679 0.304801
v -3.074941 -0.026941 -0.304799
v -3.069167 -0.031679 0.304801
v -3.069167 -0.031679 -0.304799
v -3.074941 -0.026941 0.304801
v -3.079679 -0.021167 -0.304799
v -3.074941 -0.026941 0.304801
v -3.074941 -0.026941 -0.304799
v -3.079679 -0.021167 0.304801
v -3.083200 -0.014580 -0.304799
v -3.079679 -0.021167 0.304801
v -3.079679 -0.021167 -0.304799
v -3.083200 -0.014580 0.304801
v -3.085368 -0.007433 -0.304799
v -3.083200 -0.014580 0.304801
v -3.083200 -0.014580 -0.304799
v -3.085368 -0.007433 0.304801
v -3.086100 0.000000 -0.304799
v -3.085368 -0.007433 0.304801
v -3.085368 -0.007433 -0.304799
v -3.086100 -0.000000 0.304801
v -3.085368 0.007433 -0.304799
v -3.086100 -0.000000 0.304801
v -3.086100 0.000000 -0.304799
v -3.085368 0.007433 0.304801
v -3.083200 0.014580 -0.304799
v -3.085368 0.007433 0.304801
v -3.085368 0.007433 -0.304799
v -3.083200 0.014580 0.304801
v -3.079679 0.021167 -0.304799
v -3.083200 0.014580 0.304801
v -3.083200 0.014580 -0.304799
v -3.079679 0.021167 0.304801
v -3.074941 0.026941 -0.304799
v -3.079679 0.021167 0.304801
v -3.079679 0.021167 -0.304799
v -3.074941 0.026941 0.304801
v -3.069167 0.031679 -0.304799
v -3.074941 0.026941 0.304801
v -3.074941 0.026941 -0.304799
v -3.069167 0.031679 0.304801
v -3.062580 0.035200 -0.304799
v -3.069167 0.031679 0.304801
v -3.069167 0.031679 -0.304799
v -3.062580 0.035200 0.304801
v -3.055433 0.037368 -0.304799
v -3.062580 0.035200 0.304801
v -3.062580 0.035200 -0.304799
v -3.055433 0.037368 0.304801
v -3.048000 0.038100 -0.304799
v -3.055433 0.037368 0.304801
v -3.055433 0.037368 -0.304799
v -3.048000 0.038100 0.304801
v -1.516567 0.037368 -1.030703
v -1.524000 0.038100 -0.421103
v -1.524000 0.038100 -1.030703
v -1.516567 0.037368 -0.421103
v -1.509420 0.035200 -1.030703
v -1.516567 0.037368 -0.421103
v -1.516567 0.037368 -1.030703
v -1.509420 0.035200 -0.421103
v -1.502833 0.031679 -1.030703
v -1.509420 0.035200 -0.421103
v -1.509420 0.035200 -1.030703
v -1.502833 0.031679 -0.421103
v -1.497059 0.026941 -1.030703
v -1.502833 0.031679 -0.421103
v -1.502833 0.031679 -1.030703
v -1.497059 0.026941 -0.421103
v -1.492321 0.021167 -1.030703
v -1.497059 0.026941 -0.421103
v -1.497059 0.026941 -1.030703
v -1.492321 0.021167 -0.421103
v -1.488800 0.014580 -1.030703
v -1.492321 0.021167 -0.421103
v -1.492321 0.021167 -1.030703
v -1.488800 0.014580 -0.421103
v -1.486632 0.007433 -1.030703
v -1.488800 0.014580 -0.421103
v -1.488800 0.014580 -1.030703
v -1.486632 0.007433 -0.421103
v -1.485900 0.000000 -1.030703
v -1.486632 0.007433 -0.421103
v -1.486632 0.007433 -1.030703
v -1.485900 0.000000 -0.421103
v -1.486632 -0.007433 -1.030703
v -1.485900 0.000000 -0.421103
v -1.485900 0.000000 -1.030703
v -1.486632 -0.007433 -0.421103
v -1.488800 -0.014580 -1.030703
v -1.486632 -0.007433 -0.421103
v -1.486632 -0.007433 -1.030703
v -1.488800 -0.014580 -0.421103
v -1.492321 -0.021167 -1.030703
v -1.488800 -0.014580 -0.421103
v -1.488800 -0.014580 -1.030703
v -1.492321 -0.021167 -0.421103
v -1.497059 -0.026941 -1.030703
v -1.492321 -0.021167 -0.421103
v -1.492321 -0.021167 -1.030703
v -1.497059 -0.026941 -0.421103
v -1.502833 -0.031679 -1.030703
v -1.497059 -0.026941 -0.421103
v -1.497059 -0.026941 -1.030703
v -1.502833 -0.031679 -0.421103
v -1.509420 -0.035200 -1.030703
v -1.502833 -0.031679 -0.421103
v -1.502833 -0.031679 -1.030703
v -1.509420 -0.035200 -0.421103
v -1.516567 -0.037368 -1.030703
v -1.509420 -0.035200 -0.421103
v -1.509420 -0.035200 -1.030703
v -1.516567 -0.037368 -0.421103
v -1.524000 -0.038100 -1.030703
v -1.516567 -0.037368 -0.421103
v -1.516567 -0.037368 -1.030703
v -1.524000 -0.038100 -0.421103
v -1.531433 -0.037368 -1.030703
v -1.524000 -0.038100 -0.421103
v -1.524000 -0.038100 -1.030703
v -1.531433 -0.037368 -0.421103
v -1.538580 -0.035200 -1.030703
v -1.531433 -0.037368 -0.421103
v -1.531433 -0.037368 -1.030703
v -1.538580 -0.035200 -0.421103
v -1.545167 -0.031679 -1.030703
v -1.538580 -0.035200 -0.421103
v -1.538580 -0.035200 -1.030703
v -1.545167 -0.031679 -0.421103
v -1.550941 -0.026941 -1.030703
v -1.545167 -0.031679 -0.421103
v -1.545167 -0.031679 -1.030703
v -1.550941 -0.026941 -0.421103
v -1.555679 -0.021167 -1.030703
v -1.550941 -0.026941 -0.421103
v -1.550941 -0.026941 -1.030703
v -1.555679 -0.021167 -0.421103
v -1.559200 -0.014580 -1.030703
v -1.555679 -0.021167 -0.421103
v -1.555679 -0.021167 -1.030703
v -1.559200 -0.014580 -0.421103
v -1.561368 -0.007433 -1.030703
v -1.559200 -0.014580 -0.421103
v -1.559200 -0.014580 -1.030703
v -1.561368 -0.007433 -0.421103
v -1.561368 -0.007433 -1.030703
v -1.562100 0.000000 -0.421103
v -1.561368 -0.007433 -0.421103
v -1.562100 0.000000 -1.030703
v -1.562100 0.000000 -1.030703
v -1.561368 0.007433 -0.421103
v -1.562100 0.000000 -0.421103
v -1.561368 0.007433 -1.030703
v -1.559200 0.014580 -1.030703
v -1.561368 0.007433 -0.421103
v -1.561368 0.007433 -1.030703
v -1.559200 0.014580 -0.421103
v -1.555679 0.021167 -1.030703
v -1.559200 0.014580 -0.421103
v -1.559200 0.014580 -1.030703
v -1.555679 0.021167 -0.421103
v -1.550941 0.026941 -1.030703
v -1.555679 0.021167 -0.421103
v -1.555679 0.021167 -1.030703
v -1.550941 0.026941 -0.421103
v -1.545167 0.031679 -1.030703
v -1.550941 0.026941 -0.421103
v -1.550941 0.026941 -1.030703
v -1.545167 0.031679 -0.421103
v -1.538580 0.035200 -1.030703
v -1.545167 0.031679 -0.421103
v -1.545167 0.031679 -1.030703
v -1.538580 0.035200 -0.421103
v -1.531433 0.037368 -1.030703
v -1.538580 0.035200 -0.421103
v -1.538580 0.035200 -1.030703
v -1.531433 0.037368 -0.421103
v -1.524000 0.038100 -1.030703
v -1.531433 0.037368 -0.421103
v -1.531433 0.037368 -1.030703
v -1.524000 0.038100 -0.421103
v -0.026941 0.026941 -0.917270
v -0.014580 0.035200 -0.917270
v -0.021167 0.031679 -0.917270
v -0.007433 0.037368 -0.917270
v -0.035200 0.014580 -0.917270
v -0.031679 0.021167 -0.917270
v -0.037368 0.007433 -0.917270
v -0.037368 -0.007433 -0.917270
v -0.038100 0.000000 -0.917270
v 0.007433 0.037368 -0.917270
v 0.000000 0.038100 -0.917270
v -0.007433 -0.037368 -0.917270
v -0.026941 -0.026941 -0.917270
v -0.035200 -0.014580 -0.917270
v -0.031679 -0.021167 -0.917270
v -0.014580 -0.035200 -0.917270
v -0.021167 -0.031679 -0.917270
v 0.007433 -0.037368 -0.917270
v 0.000000 -0.038100 -0.917270
v 0.037368 -0.007433 -0.917270
v 0.026941 -0.026941 -0.917270
v 0.014580 -0.035200 -0.917270
v 0.021167 -0.031679 -0.917270
v 0.035200 -0.014580 -0.917270
v 0.031679 -0.021167 -0.917270
v 0.037368 0.007433 -0.917270
v 0.038100 0.000000 -0.917270
v 0.026941 0.026941 -0.917270
v 0.035200 0.014580 -0.917270
v 0.031679 0.021167 -0.917270
v 0.014580 0.035200 -0.917270
v 0.021167 0.031679 -0.917270
v 0.026941 0.026941 -0.307670
v 0.014580 0.035200 -0.307670
v 0.021167 0.031679 -0.307670
v 0.007433 0.037368 -0.307670
v 0.035200 0.014580 -0.307670
v 0.031679 0.021167 -0.307670
v 0.037368 0.007433 -0.307670
v 0.037368 -0.007433 -0.307670
v 0.038100 0.000000 -0.307670
v -0.007433 0.037368 -0.307670
v 0.000000 0.038100 -0.307670
v 0.007433 -0.037368 -0.307670
v -0.037368 0.007433 -0.307670
v 0.026941 -0.026941 -0.307670
v 0.035200 -0.014580 -0.307670
v 0.031679 -0.021167 -0.307670
v 0.014580 -0.035200 -0.307670
v 0.021167 -0.031679 -0.307670
v -0.007433 -0.037368 -0.307670
v 0.000000 -0.038100 -0.307670
v -0.037368 -0.007433 -0.307670
v -0.038100 0.000000 -0.307670
v -0.026941 -0.026941 -0.307670
v -0.014580 -0.035200 -0.307670
v -0.021167 -0.031679 -0.307670
v -0.035200 -0.014580 -0.307670
v -0.031679 -0.021167 -0.307670
v -0.026941 0.026941 -0.307670
v -0.014580 0.035200 -0.307670
v -0.021167 0.031679 -0.307670
v -0.035200 0.014580 -0.307670
v -0.031679 0.021167 -0.307670
v -1.524000 0.038100 -1.030703
v -1.509420 0.035200 -1.030703
v -1.516567 0.037368 -1.030703
v -1.502833 0.031679 -1.030703
v -1.538580 0.035200 -1.030703
v -1.531433 0.037368 -1.030703
v -1.545167 0.031679 -1.030703
v -1.559200 0.014580 -1.030703
v -1.550941 0.026941 -1.030703
v -1.555679 0.021167 -1.030703
v -1.488800 0.014580 -1.030703
v -1.497059 0.026941 -1.030703
v -1.492321 0.021167 -1.030703
v -1.562100 0.000000 -1.030703
v -1.561368 0.007433 -1.030703
v -1.485900 0.000000 -1.030703
v -1.486632 0.007433 -1.030703
v -1.559200 -0.014580 -1.030703
v -1.561368 -0.007433 -1.030703
v -1.488800 -0.014580 -1.030703
v -1.486632 -0.007433 -1.030703
v -1.550941 -0.026941 -1.030703
v -1.555679 -0.021167 -1.030703
v -1.545167 -0.031679 -1.030703
v -1.497059 -0.026941 -1.030703
v -1.492321 -0.021167 -1.030703
v -1.502833 -0.031679 -1.030703
v -1.524000 -0.038100 -1.030703
v -1.538580 -0.035200 -1.030703
v -1.531433 -0.037368 -1.030703
v -1.509420 -0.035200 -1.030703
v -1.516567 -0.037368 -1.030703
v -1.509420 0.035200 -0.421103
v -1.524000 0.038100 -0.421103
v -1.516567 0.037368 -0.421103
v -1.502833 0.031679 -0.421103
v -1.538580 0.035200 -0.421103
v -1.531433 0.037368 -0.421103
v -1.545167 0.031679 -0.421103
v -1.559200 0.014580 -0.421103
v -1.550941 0.026941 -0.421103
v -1.555679 0.021167 -0.421103
v -1.562100 0.000000 -0.421103
v -1.561368 0.007433 -0.421103
v -1.488800 0.014580 -0.421103
v -1.497059 0.026941 -0.421103
v -1.492321 0.021167 -0.421103
v -1.559200 -0.014580 -0.421103
v -1.561368 -0.007433 -0.421103
v -1.550941 -0.026941 -0.421103
v -1.555679 -0.021167 -0.421103
v -1.545167 -0.031679 -0.421103
v -1.485900 0.000000 -0.421103
v -1.486632 0.007433 -0.421103
v -1.488800 -0.014580 -0.421103
v -1.486632 -0.007433 -0.421103
v -1.497059 -0.026941 -0.421103
v -1.492321 -0.021167 -0.421103
v -1.502833 -0.031679 -0.421103
v -1.524000 -0.038100 -0.421103
v -1.509420 -0.035200 -0.421103
v -1.516567 -0.037368 -0.421103
v -1.538580 -0.035200 -0.421103
v -1.531433 -0.037368 -0.421103
v -3.069167 -0.031679 -0.304799
v -3.079679 -0.021167 -0.304799
v -3.074941 -0.026941 -0.304799
v -3.062580 -0.035200 -0.304799
v -3.048000 -0.038100 -0.304799
v -3.055433 -0.037368 -0.304799
v -3.033420 -0.035200 -0.304799
v -3.040567 -0.037368 -0.304799
v -3.016321 -0.021167 -0.304799
v -3.026833 -0.031679 -0.304799
v -3.021059 -0.026941 -0.304799
v -3.085368 -0.007433 -0.304799
v -3.083200 -0.014580 -0.304799
v -3.010632 -0.007433 -0.304799
v -3.012800 -0.014580 -0.304799
v -3.085368 0.007433 -0.304799
v -3.086100 0.000000 -0.304799
v -3.010632 0.007433 -0.304799
v -3.009900 0.000000 -0.304799
v -3.079679 0.021167 -0.304799
v -3.083200 0.014580 -0.304799
v -3.069167 0.031679 -0.304799
v -3.074941 0.026941 -0.304799
v -3.062580 0.035200 -0.304799
v -3.016321 0.021167 -0.304799
v -3.012800 0.014580 -0.304799
v -3.048000 0.038100 -0.304799
v -3.055433 0.037368 -0.304799
v -3.026833 0.031679 -0.304799
v -3.021059 0.026941 -0.304799
v -3.033420 0.035200 -0.304799
v -3.040567 0.037368 -0.304799
v -3.026833 -0.031679 0.304801
v -3.016321 -0.021167 0.304801
v -3.021059 -0.026941 0.304801
v -3.033420 -0.035200 0.304801
v -3.048000 -0.038100 0.304801
v -3.040567 -0.037368 0.304801
v -3.062580 -0.035200 0.304801
v -3.055433 -0.037368 0.304801
v -3.079679 -0.021167 0.304801
v -3.069167 -0.031679 0.304801
v -3.074941 -0.026941 0.304801
v -3.010632 -0.007433 0.304801
v -3.012800 -0.014580 0.304801
v -3.085368 -0.007433 0.304801
v -3.083200 -0.014580 0.304801
v -3.085368 0.007433 0.304801
v -3.086100 -0.000000 0.304801
v -3.010632 0.007433 0.304801
v -3.009900 -0.000000 0.304801
v -3.016321 0.021167 0.304801
v -3.012800 0.014580 0.304801
v -3.026833 0.031679 0.304801
v -3.021059 0.026941 0.304801
v -3.033420 0.035200 0.304801
v -3.079679 0.021167 0.304801
v -3.083200 0.014580 0.304801
v -3.048000 0.038100 0.304801
v -3.040567 0.037368 0.304801
v -3.069167 0.031679 0.304801
v -3.074941 0.026941 0.304801
v -3.062580 0.035200 0.304801
v -3.055433 0.037368 0.304801
vt 0.968750 0.999969
vt 1.000000 0.500000
vt 1.000000 0.999969
vt 0.968750 0.500000
vt 0.937500 0.999969
vt 0.968750 0.500000
vt 0.968750 0.999969
vt 0.937500 0.500000
vt 0.906250 0.999969
vt 0.937500 0.500000
vt 0.937500 0.999969
vt 0.906250 0.500000
vt 0.875000 0.999969
vt 0.906250 0.500000
vt 0.906250 0.999969
vt 0.875000 0.500000
vt 0.843750 0.999969
vt 0.875000 0.500000
vt 0.875000 0.999969
vt 0.843750 0.500000
vt 0.812500 0.999969
vt 0.843750 0.500000
vt 0.843750 0.999969
vt 0.812500 0.500000
vt 0.781250 0.999969
vt 0.812500 0.500000
vt 0.812500 0.999969
vt 0.781250 0.500000
vt 0.750000 0.999969
vt 0.781250 0.500000
vt 0.781250 0.999969
vt 0.750000 0.500000
vt 0.718750 0.999969
vt 0.750000 0.500000
vt 0.750000 0.999969
vt 0.718750 0.500000
vt 0.687500 0.999969
vt 0.718750 0.500000
vt 0.718750 0.999969
vt 0.687500 0.500000
vt 0.656250 0.999969
vt 0.687500 0.500000
vt 0.687500 0.999969
vt 0.656250 0.500000
vt 0.625000 0.999969
vt 0.656250 0.500000
vt 0.656250 0.999969
vt 0.625000 0.500000
vt 0.593750 0.999969
vt 0.625000 0.500000
vt 0.625000 0.999969
vt 0.593750 0.500000
vt 0.562500 0.999969
vt 0.593750 0.500000
vt 0.593750 0.999969
vt 0.562500 0.500000
vt 0.531250 0.999969
vt 0.562500 0.500000
vt 0.562500 0.999969
vt 0.531250 0.500000
vt 0.500000 0.999969
vt 0.531250 0.500000
vt 0.531250 0.999969
vt 0.500000 0.500000
vt 0.468750 0.999969
vt 0.500000 0.500000
vt 0.500000 0.999969
vt 0.468750 0.500000
vt 0.437500 0.999969
vt 0.468750 0.500000
vt 0.468750 0.999969
vt 0.437500 0.500000
vt 0.406250 0.999969
vt 0.437500 0.500000
vt 0.437500 0.999969
vt 0.406250 0.500000
vt 0.375000 0.999969
vt 0.406250 0.500000
vt 0.406250 0.999969
vt 0.375000 0.500000
vt 0.343750 0.999969
vt 0.375000 0.500000
vt 0.375000 0.999969
vt 0.343750 0.500000
vt 0.312500 0.999969
vt 0.343750 0.500000
vt 0.343750 0.999969
vt 0.312500 0.500000
vt 0.281250 0.999969
vt 0.312500 0.500000
vt 0.312500 0.999969
vt 0.281250 0.500000
vt 0.250000 0.999969
vt 0.281250 0.500000
vt 0.281250 0.999969
vt 0.250000 0.500000
vt 0.218750 0.999969
vt 0.250000 0.500000
vt 0.250000 0.999969
vt 0.218750 0.500000
vt 0.187500 0.999969
vt 0.218750 0.500000
vt 0.218750 0.999969
vt 0.187500 0.500000
vt 0.156250 0.999969
vt 0.187500 0.500000
vt 0.187500 0.999969
vt 0.156250 0.500000
vt 0.125000 0.999969
vt 0.156250 0.500000
vt 0.156250 0.999969
vt 0.125000 0.500000
vt 0.093750 0.999969
vt 0.125000 0.500000
vt 0.125000 0.999969
vt 0.093750 0.500000
vt 0.062500 0.999969
vt 0.093750 0.500000
vt 0.093750 0.999969
vt 0.062500 0.500000
vt 0.031250 0.999969
vt 0.062500 0.500000
vt 0.062500 0.999969
vt 0.031250 0.500000
vt 0.000031 0.999969
vt 0.031250 0.500000
vt 0.031250 0.999969
vt 0.000031 0.500000
vt 0.968750 0.999969
vt 1.000000 0.500000
vt 1.000000 0.999969
vt 0.968750 0.500000
vt 0.937500 0.999969
vt 0.968750 0.500000
vt 0.968750 0.999969
vt 0.937500 0.500000
vt 0.906250 0.999969
vt 0.937500 0.500000
vt 0.937500 0.999969
vt 0.906250 0.500000
vt 0.875000 0.999969
vt 0.906250 0.500000
vt 0.906250 0.999969
vt 0.875000 0.500000
vt 0.843750 0.999969
vt 0.875000 0.500000
vt 0.875000 0.999969
vt 0.843750 0.500000
vt 0.812500 0.999969
vt 0.843750 0.500000
vt 0.843750 0.999969
vt 0.812500 0.500000
vt 0.781250 0.999969
vt 0.812500 0.500000
vt 0.812500 0.999969
vt 0.781250 0.500000
vt 0.750000 0.999969
vt 0.781250 0.500000
vt 0.781250 0.999969
vt 0.750000 0.500000
vt 0.718750 0.999969
vt 0.750000 0.500000
vt 0.750000 0.999969
vt 0.718750 0.500000
vt 0.687500 0.999969
vt 0.718750 0.500000
vt 0.718750 0.999969
vt 0.687500 0.500000
vt 0.656250 0.999969
vt 0.687500 0.500000
vt 0.687500 0.999969
vt 0.656250 0.500000
vt 0.625000 0.999969
vt 0.656250 0.500000
vt 0.656250 0.999969
vt 0.625000 0.500000
vt 0.593750 0.999969
vt 0.625000 0.500000
vt 0.625000 0.999969
vt 0.593750 0.500000
vt 0.562500 0.999969
vt 0.593750 0.500000
vt 0.593750 0.999969
vt 0.562500 0.500000
vt 0.531250 0.999969
vt 0.562500 0.500000
vt 0.562500 0.999969
vt 0.531250 0.500000
vt 0.500000 0.999969
vt 0.531250 0.500000
vt 0.531250 0.999969
vt 0.500000 0.500000
vt 0.468750 0.999969
vt 0.500000 0.500000
vt 0.500000 0.999969
vt 0.468750 0.500000
vt 0.437500 0.999969
vt 0.468750 0.500000
vt 0.468750 0.999969
vt 0.437500 0.500000
vt 0.406250 0.999969
vt 0.437500 0.500000
vt 0.437500 0.999969
vt 0.406250 0.500000
vt 0.375000 0.999969
vt 0.406250 0.500000
vt 0.406250 0.999969
vt 0.375000 0.500000
vt 0.343750 0.999969
vt 0.375000 0.500000
vt 0.375000 0.999969
vt 0.343750 0.500000
vt 0.312500 0.999969
vt 0.343750 0.500000
vt 0.343750 0.999969
vt 0.312500 0.500000
vt 0.281250 0.999969
vt 0.312500 0.500000
vt 0.312500 0.999969
vt 0.281250 0.500000
vt 0.250000 0.999969
vt 0.281250 0.500000
vt 0.281250 0.999969
vt 0.250000 0.500000
vt 0.218750 0.999969
vt 0.250000 0.500000
vt 0.250000 0.999969
vt 0.218750 0.500000
vt 0.187500 0.999969
vt 0.218750 0.500000
vt 0.218750 0.999969
vt 0.187500 0.500000
vt 0.156250 0.999969
vt 0.187500 0.500000
vt 0.187500 0.999969
vt 0.156250 0.500000
vt 0.125000 0.999969
vt 0.156250 0.500000
vt 0.156250 0.999969
vt 0.125000 0.500000
vt 0.093750 0.999969
vt 0.125000 0.500000
vt 0.125000 0.999969
vt 0.093750 0.500000
vt 0.062500 0.999969
vt 0.093750 0.500000
vt 0.093750 0.999969
vt 0.062500 0.500000
vt 0.031250 0.999969
vt 0.062500 0.500000
vt 0.062500 0.999969
vt 0.031250 0.500000
vt 0.000031 0.999969
vt 0.031250 0.500000
vt 0.031250 0.999969
vt 0.000031 0.500000
vt 0.080322 0.419922
vt 0.158203 0.471680
vt 0.116638 0.449707
vt 0.203125 0.485352
vt 0.028275 0.341797
vt 0.050446 0.383301
vt 0.014610 0.296875
vt 0.014610 0.203125
vt 0.010002 0.250000
vt 0.296875 0.485352
vt 0.250000 0.490234
vt 0.203125 0.014648
vt 0.080322 0.080078
vt 0.028275 0.158203
vt 0.050446 0.116699
vt 0.158203 0.028320
vt 0.116638 0.050293
vt 0.296875 0.014648
vt 0.250000 0.009766
vt 0.485352 0.203125
vt 0.419678 0.080078
vt 0.341797 0.028320
vt 0.383301 0.050293
vt 0.471680 0.158203
vt 0.449463 0.116699
vt 0.485352 0.296875
vt 0.489990 0.250000
vt 0.419678 0.419922
vt 0.471680 0.341797
vt 0.449463 0.383301
vt 0.341797 0.471680
vt 0.383301 0.449707
vt 0.919922 0.419922
vt 0.841797 0.471680
vt 0.883301 0.449707
vt 0.796875 0.485352
vt 0.971680 0.341797
vt 0.949707 0.383301
vt 0.985352 0.296875
vt 0.985352 0.203125
vt 0.990234 0.250000
vt 0.703125 0.485352
vt 0.750000 0.490234
vt 0.796875 0.014648
vt 0.514648 0.296875
vt 0.919922 0.080078
vt 0.971680 0.158203
vt 0.949707 0.116699
vt 0.841797 0.028320
vt 0.883301 0.050293
vt 0.703125 0.014648
vt 0.750000 0.009766
vt 0.514648 0.203125
vt 0.509766 0.250000
vt 0.580078 0.080078
vt 0.658203 0.028320
vt 0.616699 0.050293
vt 0.528320 0.158203
vt 0.550293 0.116699
vt 0.580078 0.419922
vt 0.658203 0.471680
vt 0.616699 0.449707
vt 0.528320 0.341797
vt 0.550293 0.383301
vt 0.116638 0.050293
vt 0.050446 0.116699
vt 0.080322 0.080078
vt 0.158203 0.028320
vt 0.250000 0.009766
vt 0.203125 0.014648
vt 0.341797 0.028320
vt 0.296875 0.014648
vt 0.449463 0.116699
vt 0.383301 0.050293
vt 0.419678 0.080078
vt 0.014610 0.203125
vt 0.028275 0.158203
vt 0.485352 0.203125
vt 0.471680 0.158203
vt 0.014610 0.296875
vt 0.010002 0.250000
vt 0.485352 0.296875
vt 0.489990 0.250000
vt 0.050446 0.383301
vt 0.028275 0.341797
vt 0.116638 0.449707
vt 0.080322 0.419922
vt 0.158203 0.471680
vt 0.449463 0.383301
vt 0.471680 0.341797
vt 0.250000 0.490234
vt 0.203125 0.485352
vt 0.383301 0.449707
vt 0.419678 0.419922
vt 0.341797 0.471680
vt 0.296875 0.485352
vt 0.883301 0.050293
vt 0.949707 0.116699
vt 0.919922 0.080078
vt 0.841797 0.028320
vt 0.750000 0.009766
vt 0.796875 0.014648
vt 0.658203 0.028320
vt 0.703125 0.014648
vt 0.550293 0.116699
vt 0.616699 0.050293
vt 0.580078 0.080078
vt 0.985352 0.203125
vt 0.971680 0.158203
vt 0.514648 0.203125
vt 0.528320 0.158203
vt 0.514648 0.296875
vt 0.509766 0.250000
vt 0.985352 0.296875
vt 0.990234 0.250000
vt 0.949707 0.383301
vt 0.971680 0.341797
vt 0.883301 0.449707
vt 0.919922 0.419922
vt 0.841797 0.471680
vt 0.550293 0.383301
vt 0.528320 0.341797
vt 0.750000 0.490234
vt 0.796875 0.485352
vt 0.616699 0.449707
vt 0.580078 0.419922
vt 0.658203 0.471680
vt 0.703125 0.485352
vt 0.968750 0.999969
vt 1.000000 0.500000
vt 1.000000 0.999969
vt 0.968750 0.500000
vt 0.937500 0.999969
vt 0.968750 0.500000
vt 0.968750 0.999969
vt 0.937500 0.500000
vt 0.906250 0.999969
vt 0.937500 0.500000
vt 0.937500 0.999969
vt 0.906250 0.500000
vt 0.875000 0.999969
vt 0.906250 0.500000
vt 0.906250 0.999969
vt 0.875000 0.500000
vt 0.843750 0.999969
vt 0.875000 0.500000
vt 0.875000 0.999969
vt 0.843750 0.500000
vt 0.812500 0.999969
vt 0.843750 0.500000
vt 0.843750 0.999969
vt 0.812500 0.500000
vt 0.781250 0.999969
vt 0.812500 0.500000
vt 0.812500 0.999969
vt 0.781250 0.500000
vt 0.750000 0.999969
vt 0.781250 0.500000
vt 0.781250 0.999969
vt 0.750000 0.500000
vt 0.718750 0.999969
vt 0.750000 0.500000
vt 0.750000 0.999969
vt 0.718750 0.500000
vt 0.687500 0.999969
vt 0.718750 0.500000
vt 0.718750 0.999969
vt 0.687500 0.500000
vt 0.656250 0.999969
vt 0.687500 0.500000
vt 0.687500 0.999969
vt 0.656250 0.500000
vt 0.625000 0.999969
vt 0.656250 0.500000
vt 0.656250 0.999969
vt 0.625000 0.500000
vt 0.593750 0.999969
vt 0.625000 0.500000
vt 0.625000 0.999969
vt 0.593750 0.500000
vt 0.562500 0.999969
vt 0.593750 0.500000
vt 0.593750 0.999969
vt 0.562500 0.500000
vt 0.531250 0.999969
vt 0.562500 0.500000
vt 0.562500 0.999969
vt 0.531250 0.500000
vt 0.500000 0.999969
vt 0.531250 0.500000
vt 0.531250 0.999969
vt 0.500000 0.500000
vt 0.468750 0.999969
vt 0.500000 0.500000
vt 0.500000 0.999969
vt 0.468750 0.500000
vt 0.437500 0.999969
vt 0.468750 0.500000
vt 0.468750 0.999969
vt 0.437500 0.500000
vt 0.406250 0.999969
vt 0.437500 0.500000
vt 0.437500 0.999969
vt 0.406250 0.500000
vt 0.375000 0.999969
vt 0.406250 0.500000
vt 0.406250 0.999969
vt 0.375000 0.500000
vt 0.343750 0.999969
vt 0.375000 0.500000
vt 0.375000 0.999969
vt 0.343750 0.500000
vt 0.312500 0.999969
vt 0.343750 0.500000
vt 0.343750 0.999969
vt 0.312500 0.500000
vt 0.281250 0.999969
vt 0.312500 0.500000
vt 0.312500 0.999969
vt 0.281250 0.500000
vt 0.250000 0.999969
vt 0.281250 0.500000
vt 0.281250 0.999969
vt 0.250000 0.500000
vt 0.218750 0.999969
vt 0.250000 0.500000
vt 0.250000 0.999969
vt 0.218750 0.500000
vt 0.187500 0.999969
vt 0.218750 0.500000
vt 0.218750 0.999969
vt 0.187500 0.500000
vt 0.156250 0.999969
vt 0.187500 0.500000
vt 0.187500 0.999969
vt 0.156250 0.500000
vt 0.125000 0.999969
vt 0.156250 0.500000
vt 0.156250 0.999969
vt 0.125000 0.500000
vt 0.093750 0.999969
vt 0.125000 0.500000
vt 0.125000 0.999969
vt 0.093750 0.500000
vt 0.062500 0.999969
vt 0.093750 0.500000
vt 0.093750 0.999969
vt 0.062500 0.500000
vt 0.031250 0.999969
vt 0.062500 0.500000
vt 0.062500 0.999969
vt 0.031250 0.500000
vt 0.000031 0.999969
vt 0.031250 0.500000
vt 0.031250 0.999969
vt 0.000031 0.500000
vt 0.968750 0.999969
vt 1.000000 0.500000
vt 1.000000 0.999969
vt 0.968750 0.500000
vt 0.937500 0.999969
vt 0.968750 0.500000
vt 0.968750 0.999969
vt 0.937500 0.500000
vt 0.906250 0.999969
vt 0.937500 0.500000
vt 0.937500 0.999969
vt 0.906250 0.500000
vt 0.875000 0.999969
vt 0.906250 0.500000
vt 0.906250 0.999969
vt 0.875000 0.500000
vt 0.843750 0.999969
vt 0.875000 0.500000
vt 0.875000 0.999969
vt 0.843750 0.500000
vt 0.812500 0.999969
vt 0.843750 0.500000
vt 0.843750 0.999969
vt 0.812500 0.500000
vt 0.781250 0.999969
vt 0.812500 0.500000
vt 0.812500 0.999969
vt 0.781250 0.500000
vt 0.750000 0.999969
vt 0.781250 0.500000
vt 0.781250 0.999969
vt 0.750000 0.500000
vt 0.718750 0.999969
vt 0.750000 0.500000
vt 0.750000 0.999969
vt 0.718750 0.500000
vt 0.687500 0.999969
vt 0.718750 0.500000
vt 0.718750 0.999969
vt 0.687500 0.500000
vt 0.656250 0.999969
vt 0.687500 0.500000
vt 0.687500 0.999969
vt 0.656250 0.500000
vt 0.625000 0.999969
vt 0.656250 0.500000
vt 0.656250 0.999969
vt 0.625000 0.500000
vt 0.593750 0.999969
vt 0.625000 0.500000
vt 0.625000 0.999969
vt 0.593750 0.500000
vt 0.562500 0.999969
vt 0.593750 0.500000
vt 0.593750 0.999969
vt 0.562500 0.500000
vt 0.531250 0.999969
vt 0.562500 0.500000
vt 0.562500 0.999969
vt 0.531250 0.500000
vt 0.500000 0.999969
vt 0.531250 0.500000
vt 0.531250 0.999969
vt 0.500000 0.500000
vt 0.468750 0.999969
vt 0.500000 0.500000
vt 0.500000 0.999969
vt 0.468750 0.500000
vt 0.437500 0.999969
vt 0.468750 0.500000
vt 0.468750 0.999969
vt 0.437500 0.500000
vt 0.406250 0.999969
vt 0.437500 0.500000
vt 0.437500 0.999969
vt 0.406250 0.500000
vt 0.375000 0.999969
vt 0.406250 0.500000
vt 0.406250 0.999969
vt 0.375000 0.500000
vt 0.343750 0.999969
vt 0.375000 0.500000
vt 0.375000 0.999969
vt 0.343750 0.500000
vt 0.312500 0.999969
vt 0.343750 0.500000
vt 0.343750 0.999969
vt 0.312500 0.500000
vt 0.281250 0.999969
vt 0.312500 0.500000
vt 0.312500 0.999969
vt 0.281250 0.500000
vt 0.250000 0.999969
vt 0.281250 0.500000
vt 0.281250 0.999969
vt 0.250000 0.500000
vt 0.218750 0.999969
vt 0.250000 0.500000
vt 0.250000 0.999969
vt 0.218750 0.500000
vt 0.187500 0.999969
vt 0.218750 0.500000
vt 0.218750 0.999969
vt 0.187500 0.500000
vt 0.156250 0.999969
vt 0.187500 0.500000
vt 0.187500 0.999969
vt 0.156250 0.500000
vt 0.125000 0.999969
vt 0.156250 0.500000
vt 0.156250 0.999969
vt 0.125000 0.500000
vt 0.093750 0.999969
vt 0.125000 0.500000
vt 0.125000 0.999969
vt 0.093750 0.500000
vt 0.062500 0.999969
vt 0.093750 0.500000
vt 0.093750 0.999969
vt 0.062500 0.500000
vt 0.031250 0.999969
vt 0.062500 0.500000
vt 0.062500 0.999969
vt 0.031250 0.500000
vt 0.000031 0.999969
vt 0.031250 0.500000
vt 0.031250 0.999969
vt 0.000031 0.500000
vt 1.000000 0.999969
vt 0.968750 0.500000
vt 1.000000 0.500000
vt 0.968750 0.999969
vt 0.937500 0.500000
vt 0.968750 0.999969
vt 0.937500 0.999969
vt 0.968750 0.500000
vt 0.906250 0.500000
vt 0.937500 0.999969
vt 0.906250 0.999969
vt 0.937500 0.500000
vt 0.875000 0.500000
vt 0.906250 0.999969
vt 0.875000 0.999969
vt 0.906250 0.500000
vt 0.843750 0.500000
vt 0.875000 0.999969
vt 0.843750 0.999969
vt 0.875000 0.500000
vt 0.812500 0.500000
vt 0.843750 0.999969
vt 0.812500 0.999969
vt 0.843750 0.500000
vt 0.781250 0.500000
vt 0.812500 0.999969
vt 0.781250 0.999969
vt 0.812500 0.500000
vt 0.750000 0.500000
vt 0.781250 0.999969
vt 0.750000 0.999969
vt 0.781250 0.500000
vt 0.718750 0.500000
vt 0.750000 0.999969
vt 0.718750 0.999969
vt 0.750000 0.500000
vt 0.687500 0.500000
vt 0.718750 0.999969
vt 0.687500 0.999969
vt 0.718750 0.500000
vt 0.656250 0.500000
vt 0.687500 0.999969
vt 0.656250 0.999969
vt 0.687500 0.500000
vt 0.625000 0.500000
vt 0.656250 0.999969
vt 0.625000 0.999969
vt 0.656250 0.500000
vt 0.593750 0.500000
vt 0.625000 0.999969
vt 0.593750 0.999969
vt 0.625000 0.500000
vt 0.562500 0.500000
vt 0.593750 0.999969
vt 0.562500 0.999969
vt 0.593750 0.500000
vt 0.531250 0.500000
vt 0.562500 0.999969
vt 0.531250 0.999969
vt 0.562500 0.500000
vt 0.500000 0.999969
vt 0.500000 0.500000
vt 0.531250 0.500000
vt 0.531250 0.999969
vt 0.468750 0.999969
vt 0.468750 0.500000
vt 0.500000 0.500000
vt 0.500000 0.999969
vt 0.437500 0.999969
vt 0.437500 0.500000
vt 0.468750 0.500000
vt 0.468750 0.999969
vt 0.406250 0.999969
vt 0.406250 0.500000
vt 0.437500 0.500000
vt 0.437500 0.999969
vt 0.375000 0.999969
vt 0.375000 0.500000
vt 0.406250 0.500000
vt 0.406250 0.999969
vt 0.343750 0.999969
vt 0.343750 0.500000
vt 0.375000 0.500000
vt 0.375000 0.999969
vt 0.312500 0.999969
vt 0.312500 0.500000
vt 0.343750 0.500000
vt 0.343750 0.999969
vt 0.281250 0.999969
vt 0.281250 0.500000
vt 0.312500 0.500000
vt 0.312500 0.999969
vt 0.250000 0.999969
vt 0.250000 0.500000
vt 0.281250 0.500000
vt 0.281250 0.999969
vt 0.218750 0.999969
vt 0.218750 0.500000
vt 0.250000 0.500000
vt 0.250000 0.999969
vt 0.187500 0.999969
vt 0.187500 0.500000
vt 0.218750 0.500000
vt 0.218750 0.999969
vt 0.156250 0.999969
vt 0.156250 0.500000
vt 0.187500 0.500000
vt 0.187500 0.999969
vt 0.125000 0.999969
vt 0.125000 0.500000
vt 0.156250 0.500000
vt 0.156250 0.999969
vt 0.093750 0.999969
vt 0.093750 0.500000
vt 0.125000 0.500000
vt 0.125000 0.999969
vt 0.062500 0.999969
vt 0.062500 0.500000
vt 0.093750 0.500000
vt 0.093750 0.999969
vt 0.031250 0.999969
vt 0.031250 0.500000
vt 0.062500 0.500000
vt 0.062500 0.999969
vt 0.031250 0.999969
vt 0.000031 0.500000
vt 0.031250 0.500000
vt 0.000031 0.999969
vt 0.203125 0.485352
vt 0.296875 0.485352
vt 0.250000 0.490234
vt 0.158203 0.471680
vt 0.341797 0.471680
vt 0.383301 0.449707
vt 0.116638 0.449707
vt 0.080322 0.419922
vt 0.419678 0.419922
vt 0.449463 0.383301
vt 0.050446 0.383301
vt 0.471680 0.341797
vt 0.028275 0.341797
vt 0.485352 0.296875
vt 0.014610 0.296875
vt 0.010002 0.250000
vt 0.489990 0.250000
vt 0.485352 0.203125
vt 0.014610 0.203125
vt 0.028275 0.158203
vt 0.471680 0.158203
vt 0.449463 0.116699
vt 0.050446 0.116699
vt 0.419678 0.080078
vt 0.080322 0.080078
vt 0.383301 0.050293
vt 0.116638 0.050293
vt 0.158203 0.028320
vt 0.341797 0.028320
vt 0.296875 0.014648
vt 0.203125 0.014648
vt 0.250000 0.009766
vt 0.703125 0.014648
vt 0.796875 0.014648
vt 0.750000 0.009766
vt 0.841797 0.028320
vt 0.658203 0.028320
vt 0.616699 0.050293
vt 0.883301 0.050293
vt 0.919922 0.080078
vt 0.580078 0.080078
vt 0.949707 0.116699
vt 0.550293 0.116699
vt 0.971680 0.158203
vt 0.528320 0.158203
vt 0.514648 0.203125
vt 0.985352 0.203125
vt 0.990234 0.250000
vt 0.509766 0.250000
vt 0.514648 0.296875
vt 0.985352 0.296875
vt 0.971680 0.341797
vt 0.528320 0.341797
vt 0.949707 0.383301
vt 0.550293 0.383301
vt 0.919922 0.419922
vt 0.580078 0.419922
vt 0.616699 0.449707
vt 0.883301 0.449707
vt 0.841797 0.471680
vt 0.658203 0.471680
vt 0.796875 0.485352
vt 0.703125 0.485352
vt 0.750000 0.490234
vt 0.419678 0.419922
vt 0.471680 0.341797
vt 0.449463 0.383301
vt 0.485352 0.296875
vt 0.485352 0.203125
vt 0.489990 0.250000
vt 0.419678 0.080078
vt 0.471680 0.158203
vt 0.449463 0.116699
vt 0.080322 0.419922
vt 0.383301 0.449707
vt 0.028275 0.341797
vt 0.050446 0.383301
vt 0.014610 0.296875
vt 0.014610 0.203125
vt 0.010002 0.250000
vt 0.296875 0.485352
vt 0.341797 0.471680
vt 0.080322 0.080078
vt 0.028275 0.158203
vt 0.050446 0.116699
vt 0.116638 0.449707
vt 0.383301 0.050293
vt 0.203125 0.485352
vt 0.158203 0.471680
vt 0.250000 0.490234
vt 0.116638 0.050293
vt 0.203125 0.014648
vt 0.158203 0.028320
vt 0.296875 0.014648
vt 0.250000 0.009766
vt 0.341797 0.028320
vt 0.919922 0.080078
vt 0.971680 0.158203
vt 0.949707 0.116699
vt 0.985352 0.203125
vt 0.985352 0.296875
vt 0.990234 0.250000
vt 0.919922 0.419922
vt 0.971680 0.341797
vt 0.949707 0.383301
vt 0.580078 0.080078
vt 0.883301 0.050293
vt 0.528320 0.158203
vt 0.550293 0.116699
vt 0.514648 0.203125
vt 0.514648 0.296875
vt 0.509766 0.250000
vt 0.796875 0.014648
vt 0.841797 0.028320
vt 0.580078 0.419922
vt 0.528320 0.341797
vt 0.550293 0.383301
vt 0.883301 0.449707
vt 0.616699 0.050293
vt 0.616699 0.449707
vt 0.703125 0.014648
vt 0.658203 0.028320
vt 0.750000 0.009766
vt 0.796875 0.485352
vt 0.841797 0.471680
vt 0.703125 0.485352
vt 0.658203 0.471680
vt 0.750000 0.490234
vt 0.250000 0.490234
vt 0.341797 0.471680
vt 0.296875 0.485352
vt 0.158203 0.471680
vt 0.203125 0.485352
vt 0.419678 0.419922
vt 0.383301 0.449707
vt 0.080322 0.419922
vt 0.116638 0.449707
vt 0.471680 0.341797
vt 0.449463 0.383301
vt 0.489990 0.250000
vt 0.485352 0.296875
vt 0.471680 0.158203
vt 0.485352 0.203125
vt 0.419678 0.080078
vt 0.449463 0.116699
vt 0.341797 0.028320
vt 0.383301 0.050293
vt 0.028275 0.341797
vt 0.050446 0.383301
vt 0.080322 0.080078
vt 0.250000 0.009766
vt 0.296875 0.014648
vt 0.158203 0.028320
vt 0.203125 0.014648
vt 0.116638 0.050293
vt 0.028275 0.158203
vt 0.050446 0.116699
vt 0.010002 0.250000
vt 0.014610 0.203125
vt 0.014610 0.296875
vt 0.841797 0.471680
vt 0.750000 0.490234
vt 0.796875 0.485352
vt 0.658203 0.471680
vt 0.703125 0.485352
vt 0.919922 0.419922
vt 0.883301 0.449707
vt 0.580078 0.419922
vt 0.616699 0.449707
vt 0.528320 0.341797
vt 0.550293 0.383301
vt 0.509766 0.250000
vt 0.514648 0.296875
vt 0.528320 0.158203
vt 0.514648 0.203125
vt 0.580078 0.080078
vt 0.550293 0.116699
vt 0.971680 0.341797
vt 0.949707 0.383301
vt 0.990234 0.250000
vt 0.985352 0.296875
vt 0.971680 0.158203
vt 0.985352 0.203125
vt 0.919922 0.080078
vt 0.949707 0.116699
vt 0.841797 0.028320
vt 0.883301 0.050293
vt 0.658203 0.028320
vt 0.616699 0.050293
vt 0.750000 0.009766
vt 0.796875 0.014648
vt 0.703125 0.014648
vt 0.968750 0.999969
vt 1.000000 0.500000
vt 1.000000 0.999969
vt 0.968750 0.500000
vt 0.937500 0.999969
vt 0.968750 0.500000
vt 0.968750 0.999969
vt 0.937500 0.500000
vt 0.906250 0.999969
vt 0.937500 0.500000
vt 0.937500 0.999969
vt 0.906250 0.500000
vt 0.875000 0.999969
vt 0.906250 0.500000
vt 0.906250 0.999969
vt 0.875000 0.500000
vt 0.843750 0.999969
vt 0.875000 0.500000
vt 0.875000 0.999969
vt 0.843750 0.500000
vt 0.812500 0.999969
vt 0.843750 0.500000
vt 0.843750 0.999969
vt 0.812500 0.500000
vt 0.781250 0.999969
vt 0.812500 0.500000
vt 0.812500 0.999969
vt 0.781250 0.500000
vt 0.750000 0.999969
vt 0.781250 0.500000
vt 0.781250 0.999969
vt 0.750000 0.500000
vt 0.718750 0.999969
vt 0.750000 0.500000
vt 0.750000 0.999969
vt 0.718750 0.500000
vt 0.687500 0.999969
vt 0.718750 0.500000
vt 0.718750 0.999969
vt 0.687500 0.500000
vt 0.656250 0.999969
vt 0.687500 0.500000
vt 0.687500 0.999969
vt 0.656250 0.500000
vt 0.625000 0.999969
vt 0.656250 0.500000
vt 0.656250 0.999969
vt 0.625000 0.500000
vt 0.593750 0.999969
vt 0.625000 0.500000
vt 0.625000 0.999969
vt 0.593750 0.500000
vt 0.562500 0.999969
vt 0.593750 0.500000
vt 0.593750 0.999969
vt 0.562500 0.500000
vt 0.531250 0.999969
vt 0.562500 0.500000
vt 0.562500 0.999969
vt 0.531250 0.500000
vt 0.500000 0.999969
vt 0.531250 0.500000
vt 0.531250 0.999969
vt 0.500000 0.500000
vt 0.468750 0.999969
vt 0.500000 0.500000
vt 0.500000 0.999969
vt 0.468750 0.500000
vt 0.437500 0.999969
vt 0.468750 0.500000
vt 0.468750 0.999969
vt 0.437500 0.500000
vt 0.406250 0.999969
vt 0.437500 0.500000
vt 0.437500 0.999969
vt 0.406250 0.500000
vt 0.375000 0.999969
vt 0.406250 0.500000
vt 0.406250 0.999969
vt 0.375000 0.500000
vt 0.343750 0.999969
vt 0.375000 0.500000
vt 0.375000 0.999969
vt 0.343750 0.500000
vt 0.312500 0.999969
vt 0.343750 0.500000
vt 0.343750 0.999969
vt 0.312500 0.500000
vt 0.281250 0.999969
vt 0.312500 0.500000
vt 0.312500 0.999969
vt 0.281250 0.500000
vt 0.250000 0.999969
vt 0.281250 0.500000
vt 0.281250 0.999969
vt 0.250000 0.500000
vt 0.218750 0.999969
vt 0.250000 0.500000
vt 0.250000 0.999969
vt 0.218750 0.500000
vt 0.187500 0.999969
vt 0.218750 0.500000
vt 0.218750 0.999969
vt 0.187500 0.500000
vt 0.156250 0.999969
vt 0.187500 0.500000
vt 0.187500 0.999969
vt 0.156250 0.500000
vt 0.125000 0.999969
vt 0.156250 0.500000
vt 0.156250 0.999969
vt 0.125000 0.500000
vt 0.093750 0.999969
vt 0.125000 0.500000
vt 0.125000 0.999969
vt 0.093750 0.500000
vt 0.062500 0.999969
vt 0.093750 0.500000
vt 0.093750 0.999969
vt 0.062500 0.500000
vt 0.031250 0.999969
vt 0.062500 0.500000
vt 0.062500 0.999969
vt 0.031250 0.500000
vt 0.000031 0.999969
vt 0.031250 0.500000
vt 0.031250 0.999969
vt 0.000031 0.500000
vt 0.968750 0.999969
vt 1.000000 0.500000
vt 1.000000 0.999969
vt 0.968750 0.500000
vt 0.937500 0.999969
vt 0.968750 0.500000
vt 0.968750 0.999969
vt 0.937500 0.500000
vt 0.906250 0.999969
vt 0.937500 0.500000
vt 0.937500 0.999969
vt 0.906250 0.500000
vt 0.875000 0.999969
vt 0.906250 0.500000
vt 0.906250 0.999969
vt 0.875000 0.500000
vt 0.843750 0.999969
vt 0.875000 0.500000
vt 0.875000 0.999969
vt 0.843750 0.500000
vt 0.812500 0.999969
vt 0.843750 0.500000
vt 0.843750 0.999969
vt 0.812500 0.500000
vt 0.781250 0.999969
vt 0.812500 0.500000
vt 0.812500 0.999969
vt 0.781250 0.500000
vt 0.750000 0.999969
vt 0.781250 0.500000
vt 0.781250 0.999969
vt 0.750000 0.500000
vt 0.718750 0.999969
vt 0.750000 0.500000
vt 0.750000 0.999969
vt 0.718750 0.500000
vt 0.687500 0.999969
vt 0.718750 0.500000
vt 0.718750 0.999969
vt 0.687500 0.500000
vt 0.656250 0.999969
vt 0.687500 0.500000
vt 0.687500 0.999969
vt 0.656250 0.500000
vt 0.625000 0.999969
vt 0.656250 0.500000
vt 0.656250 0.999969
vt 0.625000 0.500000
vt 0.593750 0.999969
vt 0.625000 0.500000
vt 0.625000 0.999969
vt 0.593750 0.500000
vt 0.562500 0.999969
vt 0.593750 0.500000
vt 0.593750 0.999969
vt 0.562500 0.500000
vt 0.531250 0.999969
vt 0.562500 0.500000
vt 0.562500 0.999969
vt 0.531250 0.500000
vt 0.500000 0.999969
vt 0.531250 0.500000
vt 0.531250 0.999969
vt 0.500000 0.500000
vt 0.468750 0.999969
vt 0.500000 0.500000
vt 0.500000 0.999969
vt 0.468750 0.500000
vt 0.437500 0.999969
vt 0.468750 0.500000
vt 0.468750 0.999969
vt 0.437500 0.500000
vt 0.406250 0.999969
vt 0.437500 0.500000
vt 0.437500 0.999969
vt 0.406250 0.500000
vt 0.375000 0.999969
vt 0.406250 0.500000
vt 0.406250 0.999969
vt 0.375000 0.500000
vt 0.343750 0.999969
vt 0.375000 0.500000
vt 0.375000 0.999969
vt 0.343750 0.500000
vt 0.312500 0.999969
vt 0.343750 0.500000
vt 0.343750 0.999969
vt 0.312500 0.500000
vt 0.281250 0.999969
vt 0.312500 0.500000
vt 0.312500 0.999969
vt 0.281250 0.500000
vt 0.250000 0.999969
vt 0.281250 0.500000
vt 0.281250 0.999969
vt 0.250000 0.500000
vt 0.218750 0.999969
vt 0.250000 0.500000
vt 0.250000 0.999969
vt 0.218750 0.500000
vt 0.187500 0.999969
vt 0.218750 0.500000
vt 0.218750 0.999969
vt 0.187500 0.500000
vt 0.156250 0.999969
vt 0.187500 0.500000
vt 0.187500 0.999969
vt 0.156250 0.500000
vt 0.125000 0.999969
vt 0.156250 0.500000
vt 0.156250 0.999969
vt 0.125000 0.500000
vt 0.093750 0.999969
vt 0.125000 0.500000
vt 0.125000 0.999969
vt 0.093750 0.500000
vt 0.062500 0.999969
vt 0.093750 0.500000
vt 0.093750 0.999969
vt 0.062500 0.500000
vt 0.031250 0.999969
vt 0.062500 0.500000
vt 0.062500 0.999969
vt 0.031250 0.500000
vt 0.000031 0.999969
vt 0.031250 0.500000
vt 0.031250 0.999969
vt 0.000031 0.500000
vt 0.968750 0.999969
vt 1.000000 0.500000
vt 1.000000 0.999969
vt 0.968750 0.500000
vt 0.937500 0.999969
vt 0.968750 0.500000
vt 0.968750 0.999969
vt 0.937500 0.500000
vt 0.906250 0.999969
vt 0.937500 0.500000
vt 0.937500 0.999969
vt 0.906250 0.500000
vt 0.875000 0.999969
vt 0.906250 0.500000
vt 0.906250 0.999969
vt 0.875000 0.500000
vt 0.843750 0.999969
vt 0.875000 0.500000
vt 0.875000 0.999969
vt 0.843750 0.500000
vt 0.812500 0.999969
vt 0.843750 0.500000
vt 0.843750 0.999969
vt 0.812500 0.500000
vt 0.781250 0.999969
vt 0.812500 0.500000
vt 0.812500 0.999969
vt 0.781250 0.500000
vt 0.750000 0.999969
vt 0.781250 0.500000
vt 0.781250 0.999969
vt 0.750000 0.500000
vt 0.718750 0.999969
vt 0.750000 0.500000
vt 0.750000 0.999969
vt 0.718750 0.500000
vt 0.687500 0.999969
vt 0.718750 0.500000
vt 0.718750 0.999969
vt 0.687500 0.500000
vt 0.656250 0.999969
vt 0.687500 0.500000
vt 0.687500 0.999969
vt 0.656250 0.500000
vt 0.625000 0.999969
vt 0.656250 0.500000
vt 0.656250 0.999969
vt 0.625000 0.500000
vt 0.593750 0.999969
vt 0.625000 0.500000
vt 0.625000 0.999969
vt 0.593750 0.500000
vt 0.562500 0.999969
vt 0.593750 0.500000
vt 0.593750 0.999969
vt 0.562500 0.500000
vt 0.531250 0.999969
vt 0.562500 0.500000
vt 0.562500 0.999969
vt 0.531250 0.500000
vt 0.500000 0.999969
vt 0.531250 0.500000
vt 0.531250 0.999969
vt 0.500000 0.500000
vt 0.468750 0.999969
vt 0.500000 0.500000
vt 0.500000 0.999969
vt 0.468750 0.500000
vt 0.437500 0.999969
vt 0.468750 0.500000
vt 0.468750 0.999969
vt 0.437500 0.500000
vt 0.406250 0.999969
vt 0.437500 0.500000
vt 0.437500 0.999969
vt 0.406250 0.500000
vt 0.375000 0.999969
vt 0.406250 0.500000
vt 0.406250 0.999969
vt 0.375000 0.500000
vt 0.343750 0.999969
vt 0.375000 0.500000
vt 0.375000 0.999969
vt 0.343750 0.500000
vt 0.312500 0.999969
vt 0.343750 0.500000
vt 0.343750 0.999969
vt 0.312500 0.500000
vt 0.281250 0.999969
vt 0.312500 0.500000
vt 0.312500 0.999969
vt 0.281250 0.500000
vt 0.281250 0.999969
vt 0.250000 0.500000
vt 0.281250 0.500000
vt 0.250000 0.999969
vt 0.250000 0.999969
vt 0.218750 0.500000
vt 0.250000 0.500000
vt 0.218750 0.999969
vt 0.187500 0.999969
vt 0.218750 0.500000
vt 0.218750 0.999969
vt 0.187500 0.500000
vt 0.156250 0.999969
vt 0.187500 0.500000
vt 0.187500 0.999969
vt 0.156250 0.500000
vt 0.125000 0.999969
vt 0.156250 0.500000
vt 0.156250 0.999969
vt 0.125000 0.500000
vt 0.093750 0.999969
vt 0.125000 0.500000
vt 0.125000 0.999969
vt 0.093750 0.500000
vt 0.062500 0.999969
vt 0.093750 0.500000
vt 0.093750 0.999969
vt 0.062500 0.500000
vt 0.031250 0.999969
vt 0.062500 0.500000
vt 0.062500 0.999969
vt 0.031250 0.500000
vt 0.000031 0.999969
vt 0.031250 0.500000
vt 0.031250 0.999969
vt 0.000031 0.500000
vt 0.080322 0.419922
vt 0.158203 0.471680
vt 0.116638 0.449707
vt 0.203125 0.485352
vt 0.028275 0.341797
vt 0.050446 0.383301
vt 0.014610 0.296875
vt 0.014610 0.203125
vt 0.010002 0.250000
vt 0.296875 0.485352
vt 0.250000 0.490234
vt 0.203125 0.014648
vt 0.080322 0.080078
vt 0.028275 0.158203
vt 0.050446 0.116699
vt 0.158203 0.028320
vt 0.116638 0.050293
vt 0.296875 0.014648
vt 0.250000 0.009766
vt 0.485352 0.203125
vt 0.419678 0.080078
vt 0.341797 0.028320
vt 0.383301 0.050293
vt 0.471680 0.158203
vt 0.449463 0.116699
vt 0.485352 0.296875
vt 0.489990 0.250000
vt 0.419678 0.419922
vt 0.471680 0.341797
vt 0.449463 0.383301
vt 0.341797 0.471680
vt 0.383301 0.449707
vt 0.919922 0.419922
vt 0.841797 0.471680
vt 0.883301 0.449707
vt 0.796875 0.485352
vt 0.971680 0.341797
vt 0.949707 0.383301
vt 0.985352 0.296875
vt 0.985352 0.203125
vt 0.990234 0.250000
vt 0.703125 0.485352
vt 0.750000 0.490234
vt 0.796875 0.014648
vt 0.514648 0.296875
vt 0.919922 0.080078
vt 0.971680 0.158203
vt 0.949707 0.116699
vt 0.841797 0.028320
vt 0.883301 0.050293
vt 0.703125 0.014648
vt 0.750000 0.009766
vt 0.514648 0.203125
vt 0.509766 0.250000
vt 0.580078 0.080078
vt 0.658203 0.028320
vt 0.616699 0.050293
vt 0.528320 0.158203
vt 0.550293 0.116699
vt 0.580078 0.419922
vt 0.658203 0.471680
vt 0.616699 0.449707
vt 0.528320 0.341797
vt 0.550293 0.383301
vt 0.250000 0.490234
vt 0.341797 0.471680
vt 0.296875 0.485352
vt 0.383301 0.449707
vt 0.158203 0.471680
vt 0.203125 0.485352
vt 0.116638 0.449707
vt 0.028275 0.341797
vt 0.080322 0.419922
vt 0.050446 0.383301
vt 0.471680 0.341797
vt 0.419678 0.419922
vt 0.449463 0.383301
vt 0.010002 0.250000
vt 0.014610 0.296875
vt 0.489990 0.250000
vt 0.485352 0.296875
vt 0.028275 0.158203
vt 0.014610 0.203125
vt 0.471680 0.158203
vt 0.485352 0.203125
vt 0.080322 0.080078
vt 0.050446 0.116699
vt 0.116638 0.050293
vt 0.419678 0.080078
vt 0.449463 0.116699
vt 0.383301 0.050293
vt 0.250000 0.009766
vt 0.158203 0.028320
vt 0.203125 0.014648
vt 0.341797 0.028320
vt 0.296875 0.014648
vt 0.841797 0.471680
vt 0.750000 0.490234
vt 0.796875 0.485352
vt 0.883301 0.449707
vt 0.658203 0.471680
vt 0.703125 0.485352
vt 0.616699 0.449707
vt 0.528320 0.341797
vt 0.580078 0.419922
vt 0.550293 0.383301
vt 0.509766 0.250000
vt 0.514648 0.296875
vt 0.971680 0.341797
vt 0.919922 0.419922
vt 0.949707 0.383301
vt 0.528320 0.158203
vt 0.514648 0.203125
vt 0.580078 0.080078
vt 0.550293 0.116699
vt 0.616699 0.050293
vt 0.990234 0.250000
vt 0.985352 0.296875
vt 0.971680 0.158203
vt 0.985352 0.203125
vt 0.919922 0.080078
vt 0.949707 0.116699
vt 0.883301 0.050293
vt 0.750000 0.009766
vt 0.841797 0.028320
vt 0.796875 0.014648
vt 0.658203 0.028320
vt 0.703125 0.014648
vt 0.116638 0.050293
vt 0.050446 0.116699
vt 0.080322 0.080078
vt 0.158203 0.028320
vt 0.250000 0.009766
vt 0.203125 0.014648
vt 0.341797 0.028320
vt 0.296875 0.014648
vt 0.449463 0.116699
vt 0.383301 0.050293
vt 0.419678 0.080078
vt 0.014610 0.203125
vt 0.028275 0.158203
vt 0.485352 0.203125
vt 0.471680 0.158203
vt 0.014610 0.296875
vt 0.010002 0.250000
vt 0.485352 0.296875
vt 0.489990 0.250000
vt 0.050446 0.383301
vt 0.028275 0.341797
vt 0.116638 0.449707
vt 0.080322 0.419922
vt 0.158203 0.471680
vt 0.449463 0.383301
vt 0.471680 0.341797
vt 0.250000 0.490234
vt 0.203125 0.485352
vt 0.383301 0.449707
vt 0.419678 0.419922
vt 0.341797 0.471680
vt 0.296875 0.485352
vt 0.883301 0.050293
vt 0.949707 0.116699
vt 0.919922 0.080078
vt 0.841797 0.028320
vt 0.750000 0.009766
vt 0.796875 0.014648
vt 0.658203 0.028320
vt 0.703125 0.014648
vt 0.550293 0.116699
vt 0.616699 0.050293
vt 0.580078 0.080078
vt 0.985352 0.203125
vt 0.971680 0.158203
vt 0.514648 0.203125
vt 0.528320 0.158203
vt 0.514648 0.296875
vt 0.509766 0.250000
vt 0.985352 0.296875
vt 0.990234 0.250000
vt 0.949707 0.383301
vt 0.971680 0.341797
vt 0.883301 0.449707
vt 0.919922 0.419922
vt 0.841797 0.471680
vt 0.550293 0.383301
vt 0.528320 0.341797
vt 0.750000 0.490234
vt 0.796875 0.485352
vt 0.616699 0.449707
vt 0.580078 0.419922
vt 0.658203 0.471680
vt 0.703125 0.485352
vn 0.094809 0.995495 -0.000000
vn 0.094809 0.995495 -0.000000
vn 0.094809 0.995495 -0.000000
vn 0.094809 0.995495 -0.000000
vn 0.290225 0.956958 -0.000000
vn 0.290225 0.956958 -0.000000
vn 0.290225 0.956958 -0.000000
vn 0.290225 0.956958 -0.000000
vn 0.472221 0.881480 -0.000000
vn 0.472221 0.881480 -0.000000
vn 0.472221 0.881480 -0.000000
vn 0.472221 0.881480 -0.000000
vn 0.637085 0.770794 -0.000000
vn 0.637085 0.770794 -0.000000
vn 0.637085 0.770794 -0.000000
vn 0.637085 0.770794 -0.000000
vn 0.770794 0.637085 -0.000000
vn 0.770794 0.637085 -0.000000
vn 0.770794 0.637085 -0.000000
vn 0.770794 0.637085 -0.000000
vn 0.881480 0.472221 -0.000000
vn 0.881480 0.472221 -0.000000
vn 0.881480 0.472221 -0.000000
vn 0.881480 0.472221 -0.000000
vn 0.956958 0.290225 -0.000000
vn 0.956958 0.290225 -0.000000
vn 0.956958 0.290225 -0.000000
vn 0.956958 0.290225 -0.000000
vn 0.995495 0.094809 -0.000000
vn 0.995495 0.094809 -0.000000
vn 0.995495 0.094809 -0.000000
vn 0.995495 0.094809 -0.000000
vn 0.995495 -0.094809 -0.000000
vn 0.995495 -0.094809 -0.000000
vn 0.995495 -0.094809 -0.000000
vn 0.995495 -0.094809 -0.000000
vn 0.956958 -0.290225 -0.000000
vn 0.956958 -0.290225 -0.000000
vn 0.956958 -0.290225 -0.000000
vn 0.956958 -0.290225 -0.000000
vn 0.881480 -0.472221 -0.000000
vn 0.881480 -0.472221 -0.000000
vn 0.881480 -0.472221 -0.000000
vn 0.881480 -0.472221 -0.000000
vn 0.770794 -0.637085 -0.000000
vn 0.770794 -0.637085 -0.000000
vn 0.770794 -0.637085 -0.000000
vn 0.770794 -0.637085 -0.000000
vn 0.637085 -0.770794 -0.000000
vn 0.637085 -0.770794 -0.000000
vn 0.637085 -0.770794 -0.000000
vn 0.637085 -0.770794 -0.000000
vn 0.472221 -0.881480 -0.000000
vn 0.472221 -0.881480 -0.000000
vn 0.472221 -0.881480 -0.000000
vn 0.472221 -0.881480 -0.000000
vn 0.290225 -0.956958 -0.000000
vn 0.290225 -0.956958 -0.000000
vn 0.290225 -0.956958 -0.000000
vn 0.290225 -0.956958 -0.000000
vn 0.094809 -0.995495 -0.000000
vn 0.094809 -0.995495 -0.000000
vn 0.094809 -0.995495 -0.000000
vn 0.094809 -0.995495 -0.000000
vn -0.094809 -0.995495 -0.000000
vn -0.094809 -0.995495 -0.000000
vn -0.094809 -0.995495 -0.000000
vn -0.094809 -0.995495 -0.000000
vn -0.290225 -0.956958 -0.000000
vn -0.290225 -0.956958 -0.000000
vn -0.290225 -0.956958 -0.000000
vn -0.290225 -0.956958 -0.000000
vn -0.472221 -0.881480 -0.000000
vn -0.472221 -0.881480 -0.000000
vn -0.472221 -0.881480 -0.000000
vn -0.472221 -0.881480 -0.000000
vn -0.637085 -0.770794 -0.000000
vn -0.637085 -0.770794 -0.000000
vn -0.637085 -0.770794 -0.000000
vn -0.637085 -0.770794 -0.000000
vn -0.770794 -0.637085 -0.000000
vn -0.770794 -0.637085 -0.000000
vn -0.770794 -0.637085 -0.000000
vn -0.770794 -0.637085 -0.000000
vn -0.881480 -0.472221 -0.000000
vn -0.881480 -0.472221 -0.000000
vn -0.881480 -0.472221 -0.000000
vn -0.881480 -0.472221 -0.000000
vn -0.956958 -0.290225 -0.000000
vn -0.956958 -0.290225 -0.000000
vn -0.956958 -0.290225 -0.000000
vn -0.956958 -0.290225 -0.000000
vn -0.995495 -0.094809 -0.000000
vn -0.995495 -0.094809 -0.000000
vn -0.995495 -0.094809 -0.000000
vn -0.995495 -0.094809 -0.000000
vn -0.995495 0.094809 -0.000000
vn -0.995495 0.094809 -0.000000
vn -0.995495 0.094809 -0.000000
vn -0.995495 0.094809 -0.000000
vn -0.956958 0.290225 -0.000000
vn -0.956958 0.290225 -0.000000
vn -0.956958 0.290225 -0.000000
vn -0.956958 0.290225 -0.000000
vn -0.881480 0.472221 -0.000000
vn -0.881480 0.472221 -0.000000
vn -0.881480 0.472221 -0.000000
vn -0.881480 0.472221 -0.000000
vn -0.770794 0.637085 -0.000000
vn -0.770794 0.637085 -0.000000
vn -0.770794 0.637085 -0.000000
vn -0.770794 0.637085 -0.000000
vn -0.637085 0.770794 -0.000000
vn -0.637085 0.770794 -0.000000
vn -0.637085 0.770794 -0.000000
vn -0.637085 0.770794 -0.000000
vn -0.472221 0.881480 -0.000000
vn -0.472221 0.881480 -0.000000
vn -0.472221 0.881480 -0.000000
vn -0.472221 0.881480 -0.000000
vn -0.290225 0.956958 -0.000000
vn -0.290225 0.956958 -0.000000
vn -0.290225 0.956958 -0.000000
vn -0.290225 0.956958 -0.000000
vn -0.094809 0.995495 -0.000000
vn -0.094809 0.995495 -0.000000
vn -0.094809 0.995495 -0.000000
vn -0.094809 0.995495 -0.000000
vn 0.094809 0.995495 -0.000000
vn 0.094809 0.995495 -0.000000
vn 0.094809 0.995495 -0.000000
vn 0.094809 0.995495 -0.000000
vn 0.290225 0.956958 -0.000000
vn 0.290225 0.956958 -0.000000
vn 0.290225 0.956958 -0.000000
vn 0.290225 0.956958 -0.000000
vn 0.472221 0.881480 -0.000000
vn 0.472221 0.881480 -0.000000
vn 0.472221 0.881480 -0.000000
vn 0.472221 0.881480 -0.000000
vn 0.637085 0.770794 -0.000000
vn 0.637085 0.770794 -0.000000
vn 0.637085 0.770794 -0.000000
vn 0.637085 0.770794 -0.000000
vn 0.770794 0.637085 -0.000000
vn 0.770794 0.637085 -0.000000
vn 0.770794 0.637085 -0.000000
vn 0.770794 0.637085 -0.000000
vn 0.881480 0.472221 -0.000000
vn 0.881480 0.472221 -0.000000
vn 0.881480 0.472221 -0.000000
vn 0.881480 0.472221 -0.000000
vn 0.956958 0.290225 -0.000000
vn 0.956958 0.290225 -0.000000
vn 0.956958 0.290225 -0.000000
vn 0.956958 0.290225 -0.000000
vn 0.995495 0.094809 -0.000000
vn 0.995495 0.094809 -0.000000
vn 0.995495 0.094809 -0.000000
vn 0.995495 0.094809 -0.000000
vn 0.995495 -0.094809 -0.000000
vn 0.995495 -0.094809 -0.000000
vn 0.995495 -0.094809 -0.000000
vn 0.995495 -0.094809 -0.000000
vn 0.956958 -0.290225 -0.000000
vn 0.956958 -0.290225 -0.000000
vn 0.956958 -0.290225 -0.000000
vn 0.956958 -0.290225 -0.000000
vn 0.881480 -0.472221 -0.000000
vn 0.881480 -0.472221 -0.000000
vn 0.881480 -0.472221 -0.000000
vn 0.881480 -0.472221 -0.000000
vn 0.770794 -0.637085 -0.000000
vn 0.770794 -0.637085 -0.000000
vn 0.770794 -0.637085 -0.000000
vn 0.770794 -0.637085 -0.000000
vn 0.637085 -0.770794 -0.000000
vn 0.637085 -0.770794 -0.000000
vn 0.637085 -0.770794 -0.000000
vn 0.637085 -0.770794 -0.000000
vn 0.472221 -0.881480 -0.000000
vn 0.472221 -0.881480 -0.000000
vn 0.472221 -0.881480 -0.000000
vn 0.472221 -0.881480 -0.000000
vn 0.290225 -0.956958 -0.000000
vn 0.290225 -0.956958 -0.000000
vn 0.290225 -0.956958 -0.000000
vn 0.290225 -0.956958 -0.000000
vn 0.094809 -0.995495 -0.000000
vn 0.094809 -0.995495 -0.000000
vn 0.094809 -0.995495 -0.000000
vn 0.094809 -0.995495 -0.000000
vn -0.094809 -0.995495 -0.000000
vn -0.094809 -0.995495 -0.000000
vn -0.094809 -0.995495 -0.000000
vn -0.094809 -0.995495 -0.000000
vn -0.290225 -0.956958 -0.000000
vn -0.290225 -0.956958 -0.000000
vn -0.290225 -0.956958 -0.000000
vn -0.290225 -0.956958 -0.000000
vn -0.472221 -0.881480 -0.000000
vn -0.472221 -0.881480 -0.000000
vn -0.472221 -0.881480 -0.000000
vn -0.472221 -0.881480 -0.000000
vn -0.637085 -0.770794 -0.000000
vn -0.637085 -0.770794 -0.000000
vn -0.637085 -0.770794 -0.000000
vn -0.637085 -0.770794 -0.000000
vn -0.770794 -0.637085 -0.000000
vn -0.770794 -0.637085 -0.000000
vn -0.770794 -0.637085 -0.000000
vn -0.770794 -0.637085 -0.000000
vn -0.881480 -0.472221 -0.000000
vn -0.881480 -0.472221 -0.000000
vn -0.881480 -0.472221 -0.000000
vn -0.881480 -0.472221 -0.000000
vn -0.956958 -0.290225 -0.000000
vn -0.956958 -0.290225 -0.000000
vn -0.956958 -0.290225 -0.000000
vn -0.956958 -0.290225 -0.000000
vn -0.995495 -0.094809 -0.000000
vn -0.995495 -0.094809 -0.000000
vn -0.995495 -0.094809 -0.000000
vn -0.995495 -0.094809 -0.000000
vn -0.995495 0.094809 -0.000000
vn -0.995495 0.094809 -0.000000
vn -0.995495 0.094809 -0.000000
vn -0.995495 0.094809 -0.000000
vn -0.956958 0.290225 -0.000000
vn -0.956958 0.290225 -0.000000
vn -0.956958 0.290225 -0.000000
vn -0.956958 0.290225 -0.000000
vn -0.881480 0.472221 -0.000000
vn -0.881480 0.472221 -0.000000
vn -0.881480 0.472221 -0.000000
vn -0.881480 0.472221 -0.000000
vn -0.770794 0.637085 -0.000000
vn -0.770794 0.637085 -0.000000
vn -0.770794 0.637085 -0.000000
vn -0.770794 0.637085 -0.000000
vn -0.637085 0.770794 -0.000000
vn -0.637085 0.770794 -0.000000
vn -0.637085 0.770794 -0.000000
vn -0.637085 0.770794 -0.000000
vn -0.472221 0.881480 -0.000000
vn -0.472221 0.881480 -0.000000
vn -0.472221 0.881480 -0.000000
vn -0.472221 0.881480 -0.000000
vn -0.290225 0.956958 -0.000000
vn -0.290225 0.956958 -0.000000
vn -0.290225 0.956958 -0.000000
vn -0.290225 0.956958 -0.000000
vn -0.094809 0.995495 -0.000000
vn -0.094809 0.995495 -0.000000
vn -0.094809 0.995495 -0.000000
vn -0.094809 0.995495 -0.000000
vn 0.000000 -0.000000 -1.000000
vn 0.000000 -0.000000 -1.000000
vn 0.000000 -0.000000 -1.000000
vn 0.000000 -0.000000 -1.000000
vn 0.000000 -0.000000 -1.000000
vn 0.000000 -0.000000 -1.000000
vn 0.000000 -0.000000 -1.000000
vn 0.000000 -0.000000 -1.000000
vn 0.000000 -0.000000 -1.000000
vn 0.000000 -0.000000 -1.000000
vn 0.000000 -0.000000 -1.000000
vn 0.000000 -0.000000 -1.000000
vn 0.000000 -0.000000 -1.000000
vn 0.000000 -0.000000 -1.000000
vn 0.000000 -0.000000 -1.000000
vn 0.000000 -0.000000 -1.000000
vn 0.000000 -0.000000 -1.000000
vn 0.000000 -0.000000 -1.000000
vn 0.000000 -0.000000 -1.000000
vn 0.000000 -0.000000 -1.000000
vn 0.000000 -0.000000 -1.000000
vn 0.000000 -0.000000 -1.000000
vn 0.000000 -0.000000 -1.000000
vn 0.000000 -0.000000 -1.000000
vn 0.000000 -0.000000 -1.000000
vn 0.000000 -0.000000 -1.000000
vn 0.000000 -0.000000 -1.000000
vn 0.000000 -0.000000 -1.000000
vn 0.000000 -0.000000 -1.000000
vn 0.000000 -0.000000 -1.000000
vn 0.000000 -0.000000 -1.000000
vn 0.000000 -0.000000 -1.000000
vn 0.000000 -0.000000 1.000000
vn 0.000000 -0.000000 1.000000
vn 0.000000 -0.000000 1.000000
vn 0.000000 -0.000000 1.000000
vn 0.000000 -0.000000 1.000000
vn 0.000000 -0.000000 1.000000
vn 0.000000 -0.000000 1.000000
vn 0.000000 -0.000000 1.000000
vn 0.000000 -0.000000 1.000000
vn 0.000000 -0.000000 1.000000
vn 0.000000 -0.000000 1.000000
vn 0.000000 -0.000000 1.000000
vn 0.000000 -0.000000 1.000000
vn 0.000000 -0.000000 1.000000
vn 0.000000 -0.000000 1.000000
vn 0.000000 -0.000000 1.000000
vn 0.000000 -0.000000 1.000000
vn 0.000000 -0.000000 1.000000
vn 0.000000 -0.000000 1.000000
vn 0.000000 -0.000000 1.000000
vn 0.000000 -0.000000 1.000000
vn 0.000000 -0.000000 1.000000
vn 0.000000 -0.000000 1.000000
vn 0.000000 -0.000000 1.000000
vn 0.000000 -0.000000 1.000000
vn 0.000000 -0.000000 1.000000
vn 0.000000 -0.000000 1.000000
vn 0.000000 -0.000000 1.000000
vn 0.000000 -0.000000 1.000000
vn 0.000000 -0.000000 1.000000
vn 0.000000 -0.000000 1.000000
vn 0.000000 -0.000000 1.000000
vn 0.000000 -0.000000 -1.000000
vn 0.000000 -0.000000 -1.000000
vn 0.000000 -0.000000 -1.000000
vn 0.000000 -0.000000 -1.000000
vn 0.000000 -0.000000 -1.000000
vn 0.000000 -0.000000 -1.000000
vn 0.000000 -0.000000 -1.000000
vn 0.000000 -0.000000 -1.000000
vn 0.000000 -0.000000 -1.000000
vn 0.000000 -0.000000 -1.000000
vn 0.000000 -0.000000 -1.000000
vn 0.000000 -0.000000 -1.000000
vn 0.000000 -0.000000 -1.000000
vn 0.000000 -0.000000 -1.000000
vn 0.000000 -0.000000 -1.000000
vn 0.000000 -0.000000 -1.000000
vn 0.000000 -0.000000 -1.000000
vn 0.000000 -0.000000 -1.000000
vn 0.000000 -0.000000 -1.000000
vn 0.000000 -0.000000 -1.000000
vn 0.000000 -0.000000 -1.000000
vn 0.000000 -0.000000 -1.000000
vn 0.000000 -0.000000 -1.000000
vn 0.000000 -0.000000 -1.000000
vn 0.000000 -0.000000 -1.000000
vn 0.000000 -0.000000 -1.000000
vn 0.000000 -0.000000 -1.000000
vn 0.000000 -0.000000 -1.000000
vn 0.000000 -0.000000 -1.000000
vn 0.000000 -0.000000 -1.000000
vn 0.000000 -0.000000 -1.000000
vn 0.000000 -0.000000 -1.000000
vn 0.000000 -0.000000 1.000000
vn 0.000000 -0.000000 1.000000
vn 0.000000 -0.000000 1.000000
vn 0.000000 -0.000000 1.000000
vn 0.000000 -0.000000 1.000000
vn 0.000000 -0.000000 1.000000
vn 0.000000 -0.000000 1.000000
vn 0.000000 -0.000000 1.000000
vn 0.000000 -0.000000 1.000000
vn 0.000000 -0.000000 1.000000
vn 0.000000 -0.000000 1.000000
vn 0.000000 -0.000000 1.000000
vn 0.000000 -0.000000 1.000000
vn 0.000000 -0.000000 1.000000
vn 0.000000 -0.000000 1.000000
vn 0.000000 -0.000000 1.000000
vn 0.000000 -0.000000 1.000000
vn 0.000000 -0.000000 1.000000
vn 0.000000 -0.000000 1.000000
vn 0.000000 -0.000000 1.000000
vn 0.000000 -0.000000 1.000000
vn 0.000000 -0.000000 1.000000
vn 0.000000 -0.000000 1.000000
vn 0.000000 -0.000000 1.000000
vn 0.000000 -0.000000 1.000000
vn 0.000000 -0.000000 1.000000
vn 0.000000 -0.000000 1.000000
vn 0.000000 -0.000000 1.000000
vn 0.000000 -0.000000 1.000000
vn 0.000000 -0.000000 1.000000
vn 0.000000 -0.000000 1.000000
vn 0.000000 -0.000000 1.000000
vn 0.094809 0.995495 -0.000000
vn 0.094809 0.995495 -0.000000
vn 0.094809 0.995495 -0.000000
vn 0.094809 0.995495 -0.000000
vn 0.290225 0.956958 -0.000000
vn 0.290225 0.956958 -0.000000
vn 0.290225 0.956958 -0.000000
vn 0.290225 0.956958 -0.000000
vn 0.472221 0.881480 -0.000000
vn 0.472221 0.881480 -0.000000
vn 0.472221 0.881480 -0.000000
vn 0.472221 0.881480 -0.000000
vn 0.637085 0.770794 -0.000000
vn 0.637085 0.770794 -0.000000
vn 0.637085 0.770794 -0.000000
vn 0.637085 0.770794 -0.000000
vn 0.770794 0.637085 -0.000000
vn 0.770794 0.637085 -0.000000
vn 0.770794 0.637085 -0.000000
vn 0.770794 0.637085 -0.000000
vn 0.881480 0.472221 -0.000000
vn 0.881480 0.472221 -0.000000
vn 0.881480 0.472221 -0.000000
vn 0.881480 0.472221 -0.000000
vn 0.956958 0.290225 -0.000000
vn 0.956958 0.290225 -0.000000
vn 0.956958 0.290225 -0.000000
vn 0.956958 0.290225 -0.000000
vn 0.995495 0.094809 -0.000000
vn 0.995495 0.094809 -0.000000
vn 0.995495 0.094809 -0.000000
vn 0.995495 0.094809 -0.000000
vn 0.995495 -0.094809 -0.000000
vn 0.995495 -0.094809 -0.000000
vn 0.995495 -0.094809 -0.000000
vn 0.995495 -0.094809 -0.000000
vn 0.956958 -0.290225 -0.000000
vn 0.956958 -0.290225 -0.000000
vn 0.956958 -0.290225 -0.000000
vn 0.956958 -0.290225 -0.000000
vn 0.881480 -0.472221 -0.000000
vn 0.881480 -0.472221 -0.000000
vn 0.881480 -0.472221 -0.000000
vn 0.881480 -0.472221 -0.000000
vn 0.770794 -0.637085 -0.000000
vn 0.770794 -0.637085 -0.000000
vn 0.770794 -0.637085 -0.000000
vn 0.770794 -0.637085 -0.000000
vn 0.637085 -0.770794 -0.000000
vn 0.637085 -0.770794 -0.000000
vn 0.637085 -0.770794 -0.000000
vn 0.637085 -0.770794 -0.000000
vn 0.472221 -0.881480 -0.000000
vn 0.472221 -0.881480 -0.000000
vn 0.472221 -0.881480 -0.000000
vn 0.472221 -0.881480 -0.000000
vn 0.290225 -0.956958 -0.000000
vn 0.290225 -0.956958 -0.000000
vn 0.290225 -0.956958 -0.000000
vn 0.290225 -0.956958 -0.000000
vn 0.094809 -0.995495 -0.000000
vn 0.094809 -0.995495 -0.000000
vn 0.094809 -0.995495 -0.000000
vn 0.094809 -0.995495 -0.000000
vn -0.094809 -0.995495 -0.000000
vn -0.094809 -0.995495 -0.000000
vn -0.094809 -0.995495 -0.000000
vn -0.094809 -0.995495 -0.000000
vn -0.290225 -0.956958 -0.000000
vn -0.290225 -0.956958 -0.000000
vn -0.290225 -0.956958 -0.000000
vn -0.290225 -0.956958 -0.000000
vn -0.472221 -0.881480 -0.000000
vn -0.472221 -0.881480 -0.000000
vn -0.472221 -0.881480 -0.000000
vn -0.472221 -0.881480 -0.000000
vn -0.637085 -0.770794 -0.000000
vn -0.637085 -0.770794 -0.000000
vn -0.637085 -0.770794 -0.000000
vn -0.637085 -0.770794 -0.000000
vn -0.770794 -0.637085 -0.000000
vn -0.770794 -0.637085 -0.000000
vn -0.770794 -0.637085 -0.000000
vn -0.770794 -0.637085 -0.000000
vn -0.881480 -0.472221 -0.000000
vn -0.881480 -0.472221 -0.000000
vn -0.881480 -0.472221 -0.000000
vn -0.881480 -0.472221 -0.000000
vn -0.956958 -0.290225 -0.000000
vn -0.956958 -0.290225 -0.000000
vn -0.956958 -0.290225 -0.000000
vn -0.956958 -0.290225 -0.000000
vn -0.995495 -0.094809 -0.000000
vn -0.995495 -0.094809 -0.000000
vn -0.995495 -0.094809 -0.000000
vn -0.995495 -0.094809 -0.000000
vn -0.995495 0.094809 -0.000000
vn -0.995495 0.094809 -0.000000
vn -0.995495 0.094809 -0.000000
vn -0.995495 0.094809 -0.000000
vn -0.956958 0.290225 -0.000000
vn -0.956958 0.290225 -0.000000
vn -0.956958 0.290225 -0.000000
vn -0.956958 0.290225 -0.000000
vn -0.881480 0.472221 -0.000000
vn -0.881480 0.472221 -0.000000
vn -0.881480 0.472221 -0.000000
vn -0.881480 0.472221 -0.000000
vn -0.770794 0.637085 -0.000000
vn -0.770794 0.637085 -0.000000
vn -0.770794 0.637085 -0.000000
vn -0.770794 0.637085 -0.000000
vn -0.637085 0.770794 -0.000000
vn -0.637085 0.770794 -0.000000
vn -0.637085 0.770794 -0.000000
vn -0.637085 0.770794 -0.000000
vn -0.472221 0.881480 -0.000000
vn -0.472221 0.881480 -0.000000
vn -0.472221 0.881480 -0.000000
vn -0.472221 0.881480 -0.000000
vn -0.290225 0.956958 -0.000000
vn -0.290225 0.956958 -0.000000
vn -0.290225 0.956958 -0.000000
vn -0.290225 0.956958 -0.000000
vn -0.094809 0.995495 -0.000000
vn -0.094809 0.995495 -0.000000
vn -0.094809 0.995495 -0.000000
vn -0.094809 0.995495 -0.000000
vn 0.094809 0.995495 -0.000000
vn 0.094809 0.995495 -0.000000
vn 0.094809 0.995495 -0.000000
vn 0.094809 0.995495 -0.000000
vn 0.290225 0.956958 -0.000000
vn 0.290225 0.956958 -0.000000
vn 0.290225 0.956958 -0.000000
vn 0.290225 0.956958 -0.000000
vn 0.472221 0.881480 -0.000000
vn 0.472221 0.881480 -0.000000
vn 0.472221 0.881480 -0.000000
vn 0.472221 0.881480 -0.000000
vn 0.637085 0.770794 -0.000000
vn 0.637085 0.770794 -0.000000
vn 0.637085 0.770794 -0.000000
vn 0.637085 0.770794 -0.000000
vn 0.770794 0.637085 -0.000000
vn 0.770794 0.637085 -0.000000
vn 0.770794 0.637085 -0.000000
vn 0.770794 0.637085 -0.000000
vn 0.881480 0.472221 -0.000000
vn 0.881480 0.472221 -0.000000
vn 0.881480 0.472221 -0.000000
vn 0.881480 0.472221 -0.000000
vn 0.956958 0.290225 -0.000000
vn 0.956958 0.290225 -0.000000
vn 0.956958 0.290225 -0.000000
vn 0.956958 0.290225 -0.000000
vn 0.995495 0.094809 -0.000000
vn 0.995495 0.094809 -0.000000
vn 0.995495 0.094809 -0.000000
vn 0.995495 0.094809 -0.000000
vn 0.995495 -0.094809 -0.000000
vn 0.995495 -0.094809 -0.000000
vn 0.995495 -0.094809 -0.000000
vn 0.995495 -0.094809 -0.000000
vn 0.956958 -0.290225 -0.000000
vn 0.956958 -0.290225 -0.000000
vn 0.956958 -0.290225 -0.000000
vn 0.956958 -0.290225 -0.000000
vn 0.881480 -0.472221 -0.000000
vn 0.881480 -0.472221 -0.000000
vn 0.881480 -0.472221 -0.000000
vn 0.881480 -0.472221 -0.000000
vn 0.770794 -0.637085 -0.000000
vn 0.770794 -0.637085 -0.000000
vn 0.770794 -0.637085 -0.000000
vn 0.770794 -0.637085 -0.000000
vn 0.637085 -0.770794 -0.000000
vn 0.637085 -0.770794 -0.000000
vn 0.637085 -0.770794 -0.000000
vn 0.637085 -0.770794 -0.000000
vn 0.472221 -0.881480 -0.000000
vn 0.472221 -0.881480 -0.000000
vn 0.472221 -0.881480 -0.000000
vn 0.472221 -0.881480 -0.000000
vn 0.290225 -0.956958 -0.000000
vn 0.290225 -0.956958 -0.000000
vn 0.290225 -0.956958 -0.000000
vn 0.290225 -0.956958 -0.000000
vn 0.094809 -0.995495 -0.000000
vn 0.094809 -0.995495 -0.000000
vn 0.094809 -0.995495 -0.000000
vn 0.094809 -0.995495 -0.000000
vn -0.094809 -0.995495 -0.000000
vn -0.094809 -0.995495 -0.000000
vn -0.094809 -0.995495 -0.000000
vn -0.094809 -0.995495 -0.000000
vn -0.290225 -0.956958 -0.000000
vn -0.290225 -0.956958 -0.000000
vn -0.290225 -0.956958 -0.000000
vn -0.290225 -0.956958 -0.000000
vn -0.472221 -0.881480 -0.000000
vn -0.472221 -0.881480 -0.000000
vn -0.472221 -0.881480 -0.000000
vn -0.472221 -0.881480 -0.000000
vn -0.637085 -0.770794 -0.000000
vn -0.637085 -0.770794 -0.000000
vn -0.637085 -0.770794 -0.000000
vn -0.637085 -0.770794 -0.000000
vn -0.770794 -0.637085 -0.000000
vn -0.770794 -0.637085 -0.000000
vn -0.770794 -0.637085 -0.000000
vn -0.770794 -0.637085 -0.000000
vn -0.881480 -0.472221 -0.000000
vn -0.881480 -0.472221 -0.000000
vn -0.881480 -0.472221 -0.000000
vn -0.881480 -0.472221 -0.000000
vn -0.956958 -0.290225 -0.000000
vn -0.956958 -0.290225 -0.000000
vn -0.956958 -0.290225 -0.000000
vn -0.956958 -0.290225 -0.000000
vn -0.995495 -0.094809 -0.000000
vn -0.995495 -0.094809 -0.000000
vn -0.995495 -0.094809 -0.000000
vn -0.995495 -0.094809 -0.000000
vn -0.995495 0.094809 -0.000000
vn -0.995495 0.094809 -0.000000
vn -0.995495 0.094809 -0.000000
vn -0.995495 0.094809 -0.000000
vn -0.956958 0.290225 -0.000000
vn -0.956958 0.290225 -0.000000
vn -0.956958 0.290225 -0.000000
vn -0.956958 0.290225 -0.000000
vn -0.881480 0.472221 -0.000000
vn -0.881480 0.472221 -0.000000
vn -0.881480 0.472221 -0.000000
vn -0.881480 0.472221 -0.000000
vn -0.770794 0.637085 -0.000000
vn -0.770794 0.637085 -0.000000
vn -0.770794 0.637085 -0.000000
vn -0.770794 0.637085 -0.000000
vn -0.637085 0.770794 -0.000000
vn -0.637085 0.770794 -0.000000
vn -0.637085 0.770794 -0.000000
vn -0.637085 0.770794 -0.000000
vn -0.472221 0.881480 -0.000000
vn -0.472221 0.881480 -0.000000
vn -0.472221 0.881480 -0.000000
vn -0.472221 0.881480 -0.000000
vn -0.290225 0.956958 -0.000000
vn -0.290225 0.956958 -0.000000
vn -0.290225 0.956958 -0.000000
vn -0.290225 0.956958 -0.000000
vn -0.094809 0.995495 -0.000000
vn -0.094809 0.995495 -0.000000
vn -0.094809 0.995495 -0.000000
vn -0.094809 0.995495 -0.000000
vn 0.000000 0.995495 0.094809
vn 0.000000 0.995495 0.094809
vn 0.000000 0.995495 0.094809
vn 0.000000 0.995495 0.094809
vn 0.000000 0.956958 0.290225
vn 0.000000 0.956958 0.290225
vn 0.000000 0.956958 0.290225
vn 0.000000 0.956958 0.290225
vn 0.000000 0.881480 0.472221
vn 0.000000 0.881480 0.472221
vn 0.000000 0.881480 0.472221
vn 0.000000 0.881480 0.472221
vn 0.000000 0.770794 0.637085
vn 0.000000 0.770794 0.637085
vn 0.000000 0.770794 0.637085
vn 0.000000 0.770794 0.637085
vn 0.000000 0.637085 0.770794
vn 0.000000 0.637085 0.770794
vn 0.000000 0.637085 0.770794
vn 0.000000 0.637085 0.770794
vn 0.000000 0.472221 0.881480
vn 0.000000 0.472221 0.881480
vn 0.000000 0.472221 0.881480
vn 0.000000 0.472221 0.881480
vn 0.000000 0.290225 0.956958
vn 0.000000 0.290225 0.956958
vn 0.000000 0.290225 0.956958
vn 0.000000 0.290225 0.956958
vn 0.000000 0.094809 0.995495
vn 0.000000 0.094809 0.995495
vn 0.000000 0.094809 0.995495
vn 0.000000 0.094809 0.995495
vn 0.000000 -0.094809 0.995495
vn 0.000000 -0.094809 0.995495
vn 0.000000 -0.094809 0.995495
vn 0.000000 -0.094809 0.995495
vn 0.000000 -0.290225 0.956958
vn 0.000000 -0.290225 0.956958
vn 0.000000 -0.290225 0.956958
vn 0.000000 -0.290225 0.956958
vn 0.000000 -0.472221 0.881480
vn 0.000000 -0.472221 0.881480
vn 0.000000 -0.472221 0.881480
vn 0.000000 -0.472221 0.881480
vn 0.000000 -0.637085 0.770794
vn 0.000000 -0.637085 0.770794
vn 0.000000 -0.637085 0.770794
vn 0.000000 -0.637085 0.770794
vn 0.000000 -0.770794 0.637085
vn 0.000000 -0.770794 0.637085
vn 0.000000 -0.770794 0.637085
vn 0.000000 -0.770794 0.637085
vn 0.000000 -0.881480 0.472221
vn 0.000000 -0.881480 0.472221
vn 0.000000 -0.881480 0.472221
vn 0.000000 -0.881480 0.472221
vn 0.000000 -0.956958 0.290225
vn 0.000000 -0.956958 0.290225
vn 0.000000 -0.956958 0.290225
vn 0.000000 -0.956958 0.290225
vn 0.000000 -0.995495 0.094809
vn 0.000000 -0.995495 0.094809
vn 0.000000 -0.995495 0.094809
vn 0.000000 -0.995495 0.094809
vn 0.000000 -0.995495 -0.094809
vn 0.000000 -0.995495 -0.094809
vn 0.000000 -0.995495 -0.094809
vn 0.000000 -0.995495 -0.094809
vn 0.000000 -0.956958 -0.290225
vn 0.000000 -0.956958 -0.290225
vn 0.000000 -0.956958 -0.290225
vn 0.000000 -0.956958 -0.290225
vn 0.000000 -0.881480 -0.472221
vn 0.000000 -0.881480 -0.472221
vn 0.000000 -0.881480 -0.472221
vn 0.000000 -0.881480 -0.472221
vn 0.000000 -0.770794 -0.637085
vn 0.000000 -0.770794 -0.637085
vn 0.000000 -0.770794 -0.637085
vn 0.000000 -0.770794 -0.637085
vn 0.000000 -0.637085 -0.770794
vn 0.000000 -0.637085 -0.770794
vn 0.000000 -0.637085 -0.770794
vn 0.000000 -0.637085 -0.770794
vn 0.000000 -0.472221 -0.881480
vn 0.000000 -0.472221 -0.881480
vn 0.000000 -0.472221 -0.881480
vn 0.000000 -0.472221 -0.881480
vn 0.000000 -0.290225 -0.956958
vn 0.000000 -0.290225 -0.956958
vn 0.000000 -0.290225 -0.956958
vn 0.000000 -0.290225 -0.956958
vn 0.000000 -0.094809 -0.995495
vn 0.000000 -0.094809 -0.995495
vn 0.000000 -0.094809 -0.995495
vn 0.000000 -0.094809 -0.995495
vn 0.000000 0.094809 -0.995495
vn 0.000000 0.094809 -0.995495
vn 0.000000 0.094809 -0.995495
vn 0.000000 0.094809 -0.995495
vn 0.000000 0.290225 -0.956958
vn 0.000000 0.290225 -0.956958
vn 0.000000 0.290225 -0.956958
vn 0.000000 0.290225 -0.956958
vn 0.000000 0.472221 -0.881480
vn 0.000000 0.472221 -0.881480
vn 0.000000 0.472221 -0.881480
vn 0.000000 0.472221 -0.881480
vn 0.000000 0.637085 -0.770794
vn 0.000000 0.637085 -0.770794
vn 0.000000 0.637085 -0.770794
vn 0.000000 0.637085 -0.770794
vn 0.000000 0.770794 -0.637085
vn 0.000000 0.770794 -0.637085
vn 0.000000 0.770794 -0.637085
vn 0.000000 0.770794 -0.637085
vn 0.000000 0.881480 -0.472221
vn 0.000000 0.881480 -0.472221
vn 0.000000 0.881480 -0.472221
vn 0.000000 0.881480 -0.472221
vn 0.000000 0.956958 -0.290225
vn 0.000000 0.956958 -0.290225
vn 0.000000 0.956958 -0.290225
vn 0.000000 0.956958 -0.290225
vn 0.000000 0.995495 -0.094809
vn 0.000000 0.995495 -0.094809
vn 0.000000 0.995495 -0.094809
vn 0.000000 0.995495 -0.094809
vn 1.000000 -0.000000 -0.000000
vn 1.000000 -0.000000 -0.000000
vn 1.000000 -0.000000 -0.000000
vn 1.000000 -0.000000 -0.000000
vn 1.000000 -0.000000 -0.000000
vn 1.000000 -0.000000 -0.000000
vn 1.000000 -0.000000 -0.000000
vn 1.000000 -0.000000 -0.000000
vn 1.000000 -0.000000 -0.000000
vn 1.000000 -0.000000 -0.000000
vn 1.000000 -0.000000 -0.000000
vn 1.000000 -0.000000 -0.000000
vn 1.000000 -0.000000 -0.000000
vn 1.000000 -0.000000 -0.000000
vn 1.000000 -0.000000 -0.000000
vn 1.000000 -0.000000 -0.000000
vn 1.000000 -0.000000 -0.000000
vn 1.000000 -0.000000 -0.000000
vn 1.000000 -0.000000 -0.000000
vn 1.000000 -0.000000 -0.000000
vn 1.000000 -0.000000 -0.000000
vn 1.000000 -0.000000 -0.000000
vn 1.000000 -0.000000 -0.000000
vn 1.000000 -0.000000 -0.000000
vn 1.000000 -0.000000 -0.000000
vn 1.000000 -0.000000 -0.000000
vn 1.000000 -0.000000 -0.000000
vn 1.000000 -0.000000 -0.000000
vn 1.000000 -0.000000 -0.000000
vn 1.000000 -0.000000 -0.000000
vn 1.000000 -0.000000 -0.000000
vn 1.000000 -0.000000 -0.000000
vn -1.000000 -0.000000 -0.000000
vn -1.000000 -0.000000 -0.000000
vn -1.000000 -0.000000 -0.000000
vn -1.000000 -0.000000 -0.000000
vn -1.000000 -0.000000 -0.000000
vn -1.000000 -0.000000 -0.000000
vn -1.000000 -0.000000 -0.000000
vn -1.000000 -0.000000 -0.000000
vn -1.000000 -0.000000 -0.000000
vn -1.000000 -0.000000 -0.000000
vn -1.000000 -0.000000 -0.000000
vn -1.000000 -0.000000 -0.000000
vn -1.000000 -0.000000 -0.000000
vn -1.000000 -0.000000 -0.000000
vn -1.000000 -0.000000 -0.000000
vn -1.000000 -0.000000 -0.000000
vn -1.000000 -0.000000 -0.000000
vn -1.000000 -0.000000 -0.000000
vn -1.000000 -0.000000 -0.000000
vn -1.000000 -0.000000 -0.000000
vn -1.000000 -0.000000 -0.000000
vn -1.000000 -0.000000 -0.000000
vn -1.000000 -0.000000 -0.000000
vn -1.000000 -0.000000 -0.000000
vn -1.000000 -0.000000 -0.000000
vn -1.000000 -0.000000 -0.000000
vn -1.000000 -0.000000 -0.000000
vn -1.000000 -0.000000 -0.000000
vn -1.000000 -0.000000 -0.000000
vn -1.000000 -0.000000 -0.000000
vn -1.000000 -0.000000 -0.000000
vn -1.000000 -0.000000 -0.000000
vn 0.000000 -0.000000 -1.000000
vn 0.000000 -0.000000 -1.000000
vn 0.000000 -0.000000 -1.000000
vn 0.000000 -0.000000 -1.000000
vn 0.000000 -0.000000 -1.000000
vn 0.000000 -0.000000 -1.000000
vn 0.000000 -0.000000 -1.000000
vn 0.000000 -0.000000 -1.000000
vn 0.000000 -0.000000 -1.000000
vn 0.000000 -0.000000 -1.000000
vn 0.000000 -0.000000 -1.000000
vn 0.000000 -0.000000 -1.000000
vn 0.000000 -0.000000 -1.000000
vn 0.000000 -0.000000 -1.000000
vn 0.000000 -0.000000 -1.000000
vn 0.000000 -0.000000 -1.000000
vn 0.000000 -0.000000 -1.000000
vn 0.000000 -0.000000 -1.000000
vn 0.000000 -0.000000 -1.000000
vn 0.000000 -0.000000 -1.000000
vn 0.000000 -0.000000 -1.000000
vn 0.000000 -0.000000 -1.000000
vn 0.000000 -0.000000 -1.000000
vn 0.000000 -0.000000 -1.000000
vn 0.000000 -0.000000 -1.000000
vn 0.000000 -0.000000 -1.000000
vn 0.000000 -0.000000 -1.000000
vn 0.000000 -0.000000 -1.000000
vn 0.000000 -0.000000 -1.000000
vn 0.000000 -0.000000 -1.000000
vn 0.000000 -0.000000 -1.000000
vn 0.000000 -0.000000 -1.000000
vn 0.000000 -0.000000 1.000000
vn 0.000000 -0.000000 1.000000
vn 0.000000 -0.000000 1.000000
vn 0.000000 -0.000000 1.000000
vn 0.000000 -0.000000 1.000000
vn 0.000000 -0.000000 1.000000
vn 0.000000 -0.000000 1.000000
vn 0.000000 -0.000000 1.000000
vn 0.000000 -0.000000 1.000000
vn 0.000000 -0.000000 1.000000
vn 0.000000 -0.000000 1.000000
vn 0.000000 -0.000000 1.000000
vn 0.000000 -0.000000 1.000000
vn 0.000000 -0.000000 1.000000
vn 0.000000 -0.000000 1.000000
vn 0.000000 -0.000000 1.000000
vn 0.000000 -0.000000 1.000000
vn 0.000000 -0.000000 1.000000
vn 0.000000 -0.000000 1.000000
vn 0.000000 -0.000000 1.000000
vn 0.000000 -0.000000 1.000000
vn 0.000000 -0.000000 1.000000
vn 0.000000 -0.000000 1.000000
vn 0.000000 -0.000000 1.000000
vn 0.000000 -0.000000 1.000000
vn 0.000000 -0.000000 1.000000
vn 0.000000 -0.000000 1.000000
vn 0.000000 -0.000000 1.000000
vn 0.000000 -0.000000 1.000000
vn 0.000000 -0.000000 1.000000
vn 0.000000 -0.000000 1.000000
vn 0.000000 -0.000000 1.000000
vn 0.000000 -0.000000 -1.000000
vn 0.000000 -0.000000 -1.000000
vn 0.000000 -0.000000 -1.000000
vn 0.000000 -0.000000 -1.000000
vn 0.000000 -0.000000 -1.000000
vn 0.000000 -0.000000 -1.000000
vn 0.000000 -0.000000 -1.000000
vn 0.000000 -0.000000 -1.000000
vn 0.000000 -0.000000 -1.000000
vn 0.000000 -0.000000 -1.000000
vn 0.000000 -0.000000 -1.000000
vn 0.000000 -0.000000 -1.000000
vn 0.000000 -0.000000 -1.000000
vn 0.000000 -0.000000 -1.000000
vn 0.000000 -0.000000 -1.000000
vn 0.000000 -0.000000 -1.000000
vn 0.000000 -0.000000 -1.000000
vn 0.000000 -0.000000 -1.000000
vn 0.000000 -0.000000 -1.000000
vn 0.000000 -0.000000 -1.000000
vn 0.000000 -0.000000 -1.000000
vn 0.000000 -0.000000 -1.000000
vn 0.000000 -0.000000 -1.000000
vn 0.000000 -0.000000 -1.000000
vn 0.000000 -0.000000 -1.000000
vn 0.000000 -0.000000 -1.000000
vn 0.000000 -0.000000 -1.000000
vn 0.000000 -0.000000 -1.000000
vn 0.000000 -0.000000 -1.000000
vn 0.000000 -0.000000 -1.000000
vn 0.000000 -0.000000 -1.000000
vn 0.000000 -0.000000 -1.000000
vn 0.000000 -0.000000 1.000000
vn 0.000000 -0.000000 1.000000
vn 0.000000 -0.000000 1.000000
vn 0.000000 -0.000000 1.000000
vn 0.000000 -0.000000 1.000000
vn 0.000000 -0.000000 1.000000
vn 0.000000 -0.000000 1.000000
vn 0.000000 -0.000000 1.000000
vn 0.000000 -0.000000 1.000000
vn 0.000000 -0.000000 1.000000
vn 0.000000 -0.000000 1.000000
vn 0.000000 -0.000000 1.000000
vn 0.000000 -0.000000 1.000000
vn 0.000000 -0.000000 1.000000
vn 0.000000 -0.000000 1.000000
vn 0.000000 -0.000000 1.000000
vn 0.000000 -0.000000 1.000000
vn 0.000000 -0.000000 1.000000
vn 0.000000 -0.000000 1.000000
vn 0.000000 -0.000000 1.000000
vn 0.000000 -0.000000 1.000000
vn 0.000000 -0.000000 1.000000
vn 0.000000 -0.000000 1.000000
vn 0.000000 -0.000000 1.000000
vn 0.000000 -0.000000 1.000000
vn 0.000000 -0.000000 1.000000
vn 0.000000 -0.000000 1.000000
vn 0.000000 -0.000000 1.000000
vn 0.000000 -0.000000 1.000000
vn 0.000000 -0.000000 1.000000
vn 0.000000 -0.000000 1.000000
vn 0.000000 -0.000000 1.000000
vn 0.094809 0.995495 -0.000000
vn 0.094809 0.995495 -0.000000
vn 0.094809 0.995495 -0.000000
vn 0.094809 0.995495 -0.000000
vn 0.290225 0.956958 -0.000000
vn 0.290225 0.956958 -0.000000
vn 0.290225 0.956958 -0.000000
vn 0.290225 0.956958 -0.000000
vn 0.472221 0.881480 -0.000000
vn 0.472221 0.881480 -0.000000
vn 0.472221 0.881480 -0.000000
vn 0.472221 0.881480 -0.000000
vn 0.637085 0.770794 -0.000000
vn 0.637085 0.770794 -0.000000
vn 0.637085 0.770794 -0.000000
vn 0.637085 0.770794 -0.000000
vn 0.770794 0.637085 -0.000000
vn 0.770794 0.637085 -0.000000
vn 0.770794 0.637085 -0.000000
vn 0.770794 0.637085 -0.000000
vn 0.881480 0.472221 -0.000000
vn 0.881480 0.472221 -0.000000
vn 0.881480 0.472221 -0.000000
vn 0.881480 0.472221 -0.000000
vn 0.956958 0.290225 -0.000000
vn 0.956958 0.290225 -0.000000
vn 0.956958 0.290225 -0.000000
vn 0.956958 0.290225 -0.000000
vn 0.995495 0.094809 -0.000000
vn 0.995495 0.094809 -0.000000
vn 0.995495 0.094809 -0.000000
vn 0.995495 0.094809 -0.000000
vn 0.995495 -0.094809 -0.000000
vn 0.995495 -0.094809 -0.000000
vn 0.995495 -0.094809 -0.000000
vn 0.995495 -0.094809 -0.000000
vn 0.956958 -0.290225 -0.000000
vn 0.956958 -0.290225 -0.000000
vn 0.956958 -0.290225 -0.000000
vn 0.956958 -0.290225 -0.000000
vn 0.881480 -0.472221 -0.000000
vn 0.881480 -0.472221 -0.000000
vn 0.881480 -0.472221 -0.000000
vn 0.881480 -0.472221 -0.000000
vn 0.770794 -0.637085 -0.000000
vn 0.770794 -0.637085 -0.000000
vn 0.770794 -0.637085 -0.000000
vn 0.770794 -0.637085 -0.000000
vn 0.637085 -0.770794 -0.000000
vn 0.637085 -0.770794 -0.000000
vn 0.637085 -0.770794 -0.000000
vn 0.637085 -0.770794 -0.000000
vn 0.472221 -0.881480 -0.000000
vn 0.472221 -0.881480 -0.000000
vn 0.472221 -0.881480 -0.000000
vn 0.472221 -0.881480 -0.000000
vn 0.290225 -0.956958 -0.000000
vn 0.290225 -0.956958 -0.000000
vn 0.290225 -0.956958 -0.000000
vn 0.290225 -0.956958 -0.000000
vn 0.094809 -0.995495 -0.000000
vn 0.094809 -0.995495 -0.000000
vn 0.094809 -0.995495 -0.000000
vn 0.094809 -0.995495 -0.000000
vn -0.094809 -0.995495 -0.000000
vn -0.094809 -0.995495 -0.000000
vn -0.094809 -0.995495 -0.000000
vn -0.094809 -0.995495 -0.000000
vn -0.290225 -0.956958 -0.000000
vn -0.290225 -0.956958 -0.000000
vn -0.290225 -0.956958 -0.000000
vn -0.290225 -0.956958 -0.000000
vn -0.472221 -0.881480 -0.000000
vn -0.472221 -0.881480 -0.000000
vn -0.472221 -0.881480 -0.000000
vn -0.472221 -0.881480 -0.000000
vn -0.637085 -0.770794 -0.000000
vn -0.637085 -0.770794 -0.000000
vn -0.637085 -0.770794 -0.000000
vn -0.637085 -0.770794 -0.000000
vn -0.770794 -0.637085 -0.000000
vn -0.770794 -0.637085 -0.000000
vn -0.770794 -0.637085 -0.000000
vn -0.770794 -0.637085 -0.000000
vn -0.881480 -0.472221 -0.000000
vn -0.881480 -0.472221 -0.000000
vn -0.881480 -0.472221 -0.000000
vn -0.881480 -0.472221 -0.000000
vn -0.956958 -0.290225 -0.000000
vn -0.956958 -0.290225 -0.000000
vn -0.956958 -0.290225 -0.000000
vn -0.956958 -0.290225 -0.000000
vn -0.995495 -0.094809 -0.000000
vn -0.995495 -0.094809 -0.000000
vn -0.995495 -0.094809 -0.000000
vn -0.995495 -0.094809 -0.000000
vn -0.995495 0.094809 -0.000000
vn -0.995495 0.094809 -0.000000
vn -0.995495 0.094809 -0.000000
vn -0.995495 0.094809 -0.000000
vn -0.956958 0.290225 -0.000000
vn -0.956958 0.290225 -0.000000
vn -0.956958 0.290225 -0.000000
vn -0.956958 0.290225 -0.000000
vn -0.881480 0.472221 -0.000000
vn -0.881480 0.472221 -0.000000
vn -0.881480 0.472221 -0.000000
vn -0.881480 0.472221 -0.000000
vn -0.770794 0.637085 -0.000000
vn -0.770794 0.637085 -0.000000
vn -0.770794 0.637085 -0.000000
vn -0.770794 0.637085 -0.000000
vn -0.637085 0.770794 -0.000000
vn -0.637085 0.770794 -0.000000
vn -0.637085 0.770794 -0.000000
vn -0.637085 0.770794 -0.000000
vn -0.472221 0.881480 -0.000000
vn -0.472221 0.881480 -0.000000
vn -0.472221 0.881480 -0.000000
vn -0.472221 0.881480 -0.000000
vn -0.290225 0.956958 -0.000000
vn -0.290225 0.956958 -0.000000
vn -0.290225 0.956958 -0.000000
vn -0.290225 0.956958 -0.000000
vn -0.094809 0.995495 -0.000000
vn -0.094809 0.995495 -0.000000
vn -0.094809 0.995495 -0.000000
vn -0.094809 0.995495 -0.000000
vn 0.094809 0.995495 -0.000000
vn 0.094809 0.995495 -0.000000
vn 0.094809 0.995495 -0.000000
vn 0.094809 0.995495 -0.000000
vn 0.290225 0.956958 -0.000000
vn 0.290225 0.956958 -0.000000
vn 0.290225 0.956958 -0.000000
vn 0.290225 0.956958 -0.000000
vn 0.472221 0.881480 -0.000000
vn 0.472221 0.881480 -0.000000
vn 0.472221 0.881480 -0.000000
vn 0.472221 0.881480 -0.000000
vn 0.637085 0.770794 -0.000000
vn 0.637085 0.770794 -0.000000
vn 0.637085 0.770794 -0.000000
vn 0.637085 0.770794 -0.000000
vn 0.770794 0.637085 -0.000000
vn 0.770794 0.637085 -0.000000
vn 0.770794 0.637085 -0.000000
vn 0.770794 0.637085 -0.000000
vn 0.881480 0.472221 -0.000000
vn 0.881480 0.472221 -0.000000
vn 0.881480 0.472221 -0.000000
vn 0.881480 0.472221 -0.000000
vn 0.956958 0.290225 -0.000000
vn 0.956958 0.290225 -0.000000
vn 0.956958 0.290225 -0.000000
vn 0.956958 0.290225 -0.000000
vn 0.995495 0.094809 -0.000000
vn 0.995495 0.094809 -0.000000
vn 0.995495 0.094809 -0.000000
vn 0.995495 0.094809 -0.000000
vn 0.995495 -0.094809 -0.000000
vn 0.995495 -0.094809 -0.000000
vn 0.995495 -0.094809 -0.000000
vn 0.995495 -0.094809 -0.000000
vn 0.956958 -0.290225 -0.000000
vn 0.956958 -0.290225 -0.000000
vn 0.956958 -0.290225 -0.000000
vn 0.956958 -0.290225 -0.000000
vn 0.881480 -0.472221 -0.000000
vn 0.881480 -0.472221 -0.000000
vn 0.881480 -0.472221 -0.000000
vn 0.881480 -0.472221 -0.000000
vn 0.770794 -0.637085 -0.000000
vn 0.770794 -0.637085 -0.000000
vn 0.770794 -0.637085 -0.000000
vn 0.770794 -0.637085 -0.000000
vn 0.637085 -0.770794 -0.000000
vn 0.637085 -0.770794 -0.000000
vn 0.637085 -0.770794 -0.000000
vn 0.637085 -0.770794 -0.000000
vn 0.472221 -0.881480 -0.000000
vn 0.472221 -0.881480 -0.000000
vn 0.472221 -0.881480 -0.000000
vn 0.472221 -0.881480 -0.000000
vn 0.290225 -0.956958 -0.000000
vn 0.290225 -0.956958 -0.000000
vn 0.290225 -0.956958 -0.000000
vn 0.290225 -0.956958 -0.000000
vn 0.094809 -0.995495 -0.000000
vn 0.094809 -0.995495 -0.000000
vn 0.094809 -0.995495 -0.000000
vn 0.094809 -0.995495 -0.000000
vn -0.094809 -0.995495 -0.000000
vn -0.094809 -0.995495 -0.000000
vn -0.094809 -0.995495 -0.000000
vn -0.094809 -0.995495 -0.000000
vn -0.290225 -0.956958 -0.000000
vn -0.290225 -0.956958 -0.000000
vn -0.290225 -0.956958 -0.000000
vn -0.290225 -0.956958 -0.000000
vn -0.472221 -0.881480 -0.000000
vn -0.472221 -0.881480 -0.000000
vn -0.472221 -0.881480 -0.000000
vn -0.472221 -0.881480 -0.000000
vn -0.637085 -0.770794 -0.000000
vn -0.637085 -0.770794 -0.000000
vn -0.637085 -0.770794 -0.000000
vn -0.637085 -0.770794 -0.000000
vn -0.770794 -0.637085 -0.000000
vn -0.770794 -0.637085 -0.000000
vn -0.770794 -0.637085 -0.000000
vn -0.770794 -0.637085 -0.000000
vn -0.881480 -0.472221 -0.000000
vn -0.881480 -0.472221 -0.000000
vn -0.881480 -0.472221 -0.000000
vn -0.881480 -0.472221 -0.000000
vn -0.956958 -0.290225 -0.000000
vn -0.956958 -0.290225 -0.000000
vn -0.956958 -0.290225 -0.000000
vn -0.956958 -0.290225 -0.000000
vn -0.995495 -0.094809 -0.000000
vn -0.995495 -0.094809 -0.000000
vn -0.995495 -0.094809 -0.000000
vn -0.995495 -0.094809 -0.000000
vn -0.995495 0.094809 -0.000000
vn -0.995495 0.094809 -0.000000
vn -0.995495 0.094809 -0.000000
vn -0.995495 0.094809 -0.000000
vn -0.956958 0.290225 -0.000000
vn -0.956958 0.290225 -0.000000
vn -0.956958 0.290225 -0.000000
vn -0.956958 0.290225 -0.000000
vn -0.881480 0.472221 -0.000000
vn -0.881480 0.472221 -0.000000
vn -0.881480 0.472221 -0.000000
vn -0.881480 0.472221 -0.000000
vn -0.770794 0.637085 -0.000000
vn -0.770794 0.637085 -0.000000
vn -0.770794 0.637085 -0.000000
vn -0.770794 0.637085 -0.000000
vn -0.637085 0.770794 -0.000000
vn -0.637085 0.770794 -0.000000
vn -0.637085 0.770794 -0.000000
vn -0.637085 0.770794 -0.000000
vn -0.472221 0.881480 -0.000000
vn -0.472221 0.881480 -0.000000
vn -0.472221 0.881480 -0.000000
vn -0.472221 0.881480 -0.000000
vn -0.290225 0.956958 -0.000000
vn -0.290225 0.956958 -0.000000
vn -0.290225 0.956958 -0.000000
vn -0.290225 0.956958 -0.000000
vn -0.094809 0.995495 -0.000000
vn -0.094809 0.995495 -0.000000
vn -0.094809 0.995495 -0.000000
vn -0.094809 0.995495 -0.000000
vn 0.094809 0.995495 -0.000000
vn 0.094809 0.995495 -0.000000
vn 0.094809 0.995495 -0.000000
vn 0.094809 0.995495 -0.000000
vn 0.290225 0.956958 -0.000000
vn 0.290225 0.956958 -0.000000
vn 0.290225 0.956958 -0.000000
vn 0.290225 0.956958 -0.000000
vn 0.472221 0.881480 -0.000000
vn 0.472221 0.881480 -0.000000
vn 0.472221 0.881480 -0.000000
vn 0.472221 0.881480 -0.000000
vn 0.637085 0.770794 -0.000000
vn 0.637085 0.770794 -0.000000
vn 0.637085 0.770794 -0.000000
vn 0.637085 0.770794 -0.000000
vn 0.770794 0.637085 -0.000000
vn 0.770794 0.637085 -0.000000
vn 0.770794 0.637085 -0.000000
vn 0.770794 0.637085 -0.000000
vn 0.881480 0.472221 -0.000000
vn 0.881480 0.472221 -0.000000
vn 0.881480 0.472221 -0.000000
vn 0.881480 0.472221 -0.000000
vn 0.956958 0.290225 -0.000000
vn 0.956958 0.290225 -0.000000
vn 0.956958 0.290225 -0.000000
vn 0.956958 0.290225 -0.000000
vn 0.995495 0.094809 -0.000000
vn 0.995495 0.094809 -0.000000
vn 0.995495 0.094809 -0.000000
vn 0.995495 0.094809 -0.000000
vn 0.995495 -0.094809 -0.000000
vn 0.995495 -0.094809 -0.000000
vn 0.995495 -0.094809 -0.000000
vn 0.995495 -0.094809 -0.000000
vn 0.956958 -0.290225 -0.000000
vn 0.956958 -0.290225 -0.000000
vn 0.956958 -0.290225 -0.000000
vn 0.956958 -0.290225 -0.000000
vn 0.881480 -0.472221 -0.000000
vn 0.881480 -0.472221 -0.000000
vn 0.881480 -0.472221 -0.000000
vn 0.881480 -0.472221 -0.000000
vn 0.770794 -0.637085 -0.000000
vn 0.770794 -0.637085 -0.000000
vn 0.770794 -0.637085 -0.000000
vn 0.770794 -0.637085 -0.000000
vn 0.637085 -0.770794 -0.000000
vn 0.637085 -0.770794 -0.000000
vn 0.637085 -0.770794 -0.000000
vn 0.637085 -0.770794 -0.000000
vn 0.472221 -0.881480 -0.000000
vn 0.472221 -0.881480 -0.000000
vn 0.472221 -0.881480 -0.000000
vn 0.472221 -0.881480 -0.000000
vn 0.290225 -0.956958 -0.000000
vn 0.290225 -0.956958 -0.000000
vn 0.290225 -0.956958 -0.000000
vn 0.290225 -0.956958 -0.000000
vn 0.094809 -0.995495 -0.000000
vn 0.094809 -0.995495 -0.000000
vn 0.094809 -0.995495 -0.000000
vn 0.094809 -0.995495 -0.000000
vn -0.094809 -0.995495 -0.000000
vn -0.094809 -0.995495 -0.000000
vn -0.094809 -0.995495 -0.000000
vn -0.094809 -0.995495 -0.000000
vn -0.290225 -0.956958 -0.000000
vn -0.290225 -0.956958 -0.000000
vn -0.290225 -0.956958 -0.000000
vn -0.290225 -0.956958 -0.000000
vn -0.472221 -0.881480 -0.000000
vn -0.472221 -0.881480 -0.000000
vn -0.472221 -0.881480 -0.000000
vn -0.472221 -0.881480 -0.000000
vn -0.637085 -0.770794 -0.000000
vn -0.637085 -0.770794 -0.000000
vn -0.637085 -0.770794 -0.000000
vn -0.637085 -0.770794 -0.000000
vn -0.770794 -0.637085 -0.000000
vn -0.770794 -0.637085 -0.000000
vn -0.770794 -0.637085 -0.000000
vn -0.770794 -0.637085 -0.000000
vn -0.881480 -0.472221 -0.000000
vn -0.881480 -0.472221 -0.000000
vn -0.881480 -0.472221 -0.000000
vn -0.881480 -0.472221 -0.000000
vn -0.956958 -0.290225 -0.000000
vn -0.956958 -0.290225 -0.000000
vn -0.956958 -0.290225 -0.000000
vn -0.956958 -0.290225 -0.000000
vn -0.995495 -0.094809 -0.000000
vn -0.995495 -0.094809 -0.000000
vn -0.995495 -0.094809 -0.000000
vn -0.995495 -0.094809 -0.000000
vn -0.995495 0.094809 -0.000000
vn -0.995495 0.094809 -0.000000
vn -0.995495 0.094809 -0.000000
vn -0.995495 0.094809 -0.000000
vn -0.956958 0.290225 -0.000000
vn -0.956958 0.290225 -0.000000
vn -0.956958 0.290225 -0.000000
vn -0.956958 0.290225 -0.000000
vn -0.881480 0.472221 -0.000000
vn -0.881480 0.472221 -0.000000
vn -0.881480 0.472221 -0.000000
vn -0.881480 0.472221 -0.000000
vn -0.770794 0.637085 -0.000000
vn -0.770794 0.637085 -0.000000
vn -0.770794 0.637085 -0.000000
vn -0.770794 0.637085 -0.000000
vn -0.637085 0.770794 -0.000000
vn -0.637085 0.770794 -0.000000
vn -0.637085 0.770794 -0.000000
vn -0.637085 0.770794 -0.000000
vn -0.472221 0.881480 -0.000000
vn -0.472221 0.881480 -0.000000
vn -0.472221 0.881480 -0.000000
vn -0.472221 0.881480 -0.000000
vn -0.290225 0.956958 -0.000000
vn -0.290225 0.956958 -0.000000
vn -0.290225 0.956958 -0.000000
vn -0.290225 0.956958 -0.000000
vn -0.094809 0.995495 -0.000000
vn -0.094809 0.995495 -0.000000
vn -0.094809 0.995495 -0.000000
vn -0.094809 0.995495 -0.000000
vn 0.000000 -0.000000 -1.000000
vn 0.000000 -0.000000 -1.000000
vn 0.000000 -0.000000 -1.000000
vn 0.000000 -0.000000 -1.000000
vn 0.000000 -0.000000 -1.000000
vn 0.000000 -0.000000 -1.000000
vn 0.000000 -0.000000 -1.000000
vn 0.000000 -0.000000 -1.000000
vn 0.000000 -0.000000 -1.000000
vn 0.000000 -0.000000 -1.000000
vn 0.000000 -0.000000 -1.000000
vn 0.000000 -0.000000 -1.000000
vn 0.000000 -0.000000 -1.000000
vn 0.000000 -0.000000 -1.000000
vn 0.000000 -0.000000 -1.000000
vn 0.000000 -0.000000 -1.000000
vn 0.000000 -0.000000 -1.000000
vn 0.000000 -0.000000 -1.000000
vn 0.000000 -0.000000 -1.000000
vn 0.000000 -0.000000 -1.000000
vn 0.000000 -0.000000 -1.000000
vn 0.000000 -0.000000 -1.000000
vn 0.000000 -0.000000 -1.000000
vn 0.000000 -0.000000 -1.000000
vn 0.000000 -0.000000 -1.000000
vn 0.000000 -0.000000 -1.000000
vn 0.000000 -0.000000 -1.000000
vn 0.000000 -0.000000 -1.000000
vn 0.000000 -0.000000 -1.000000
vn 0.000000 -0.000000 -1.000000
vn 0.000000 -0.000000 -1.000000
vn 0.000000 -0.000000 -1.000000
vn 0.000000 -0.000000 1.000000
vn 0.000000 -0.000000 1.000000
vn 0.000000 -0.000000 1.000000
vn 0.000000 -0.000000 1.000000
vn 0.000000 -0.000000 1.000000
vn 0.000000 -0.000000 1.000000
vn 0.000000 -0.000000 1.000000
vn 0.000000 -0.000000 1.000000
vn 0.000000 -0.000000 1.000000
vn 0.000000 -0.000000 1.000000
vn 0.000000 -0.000000 1.000000
vn 0.000000 -0.000000 1.000000
vn 0.000000 -0.000000 1.000000
vn 0.000000 -0.000000 1.000000
vn 0.000000 -0.000000 1.000000
vn 0.000000 -0.000000 1.000000
vn 0.000000 -0.000000 1.000000
vn 0.000000 -0.000000 1.000000
vn 0.000000 -0.000000 1.000000
vn 0.000000 -0.000000 1.000000
vn 0.000000 -0.000000 1.000000
vn 0.000000 -0.000000 1.000000
vn 0.000000 -0.000000 1.000000
vn 0.000000 -0.000000 1.000000
vn 0.000000 -0.000000 1.000000
vn 0.000000 -0.000000 1.000000
vn 0.000000 -0.000000 1.000000
vn 0.000000 -0.000000 1.000000
vn 0.000000 -0.000000 1.000000
vn 0.000000 -0.000000 1.000000
vn 0.000000 -0.000000 1.000000
vn 0.000000 -0.000000 1.000000
vn 0.000000 -0.000000 -1.000000
vn 0.000000 -0.000000 -1.000000
vn 0.000000 -0.000000 -1.000000
vn 0.000000 -0.000000 -1.000000
vn 0.000000 -0.000000 -1.000000
vn 0.000000 -0.000000 -1.000000
vn 0.000000 -0.000000 -1.000000
vn 0.000000 -0.000000 -1.000000
vn 0.000000 -0.000000 -1.000000
vn 0.000000 -0.000000 -1.000000
vn 0.000000 -0.000000 -1.000000
vn 0.000000 -0.000000 -1.000000
vn 0.000000 -0.000000 -1.000000
vn 0.000000 -0.000000 -1.000000
vn 0.000000 -0.000000 -1.000000
vn 0.000000 -0.000000 -1.000000
vn 0.000000 -0.000000 -1.000000
vn 0.000000 -0.000000 -1.000000
vn 0.000000 -0.000000 -1.000000
vn 0.000000 -0.000000 -1.000000
vn 0.000000 -0.000000 -1.000000
vn 0.000000 -0.000000 -1.000000
vn 0.000000 -0.000000 -1.000000
vn 0.000000 -0.000000 -1.000000
vn 0.000000 -0.000000 -1.000000
vn 0.000000 -0.000000 -1.000000
vn 0.000000 -0.000000 -1.000000
vn 0.000000 -0.000000 -1.000000
vn 0.000000 -0.000000 -1.000000
vn 0.000000 -0.000000 -1.000000
vn 0.000000 -0.000000 -1.000000
vn 0.000000 -0.000000 -1.000000
vn 0.000000 -0.000000 1.000000
vn 0.000000 -0.000000 1.000000
vn 0.000000 -0.000000 1.000000
vn 0.000000 -0.000000 1.000000
vn 0.000000 -0.000000 1.000000
vn 0.000000 -0.000000 1.000000
vn 0.000000 -0.000000 1.000000
vn 0.000000 -0.000000 1.000000
vn 0.000000 -0.000000 1.000000
vn 0.000000 -0.000000 1.000000
vn 0.000000 -0.000000 1.000000
vn 0.000000 -0.000000 1.000000
vn 0.000000 -0.000000 1.000000
vn 0.000000 -0.000000 1.000000
vn 0.000000 -0.000000 1.000000
vn 0.000000 -0.000000 1.000000
vn 0.000000 -0.000000 1.000000
vn 0.000000 -0.000000 1.000000
vn 0.000000 -0.000000 1.000000
vn 0.000000 -0.000000 1.000000
vn 0.000000 -0.000000 1.000000
vn 0.000000 -0.000000 1.000000
vn 0.000000 -0.000000 1.000000
vn 0.000000 -0.000000 1.000000
vn 0.000000 -0.000000 1.000000
vn 0.000000 -0.000000 1.000000
vn 0.000000 -0.000000 1.000000
vn 0.000000 -0.000000 1.000000
vn 0.000000 -0.000000 1.000000
vn 0.000000 -0.000000 1.000000
vn 0.000000 -0.000000 1.000000
vn 0.000000 -0.000000 1.000000
vn 0.000000 -0.000000 -1.000000
vn 0.000000 -0.000000 -1.000000
vn 0.000000 -0.000000 -1.000000
vn 0.000000 -0.000000 -1.000000
vn 0.000000 -0.000000 -1.000000
vn 0.000000 -0.000000 -1.000000
vn 0.000000 -0.000000 -1.000000
vn 0.000000 -0.000000 -1.000000
vn 0.000000 -0.000000 -1.000000
vn 0.000000 -0.000000 -1.000000
vn 0.000000 -0.000000 -1.000000
vn 0.000000 -0.000000 -1.000000
vn 0.000000 -0.000000 -1.000000
vn 0.000000 -0.000000 -1.000000
vn 0.000000 -0.000000 -1.000000
vn 0.000000 -0.000000 -1.000000
vn 0.000000 -0.000000 -1.000000
vn 0.000000 -0.000000 -1.000000
vn 0.000000 -0.000000 -1.000000
vn 0.000000 -0.000000 -1.000000
vn 0.000000 -0.000000 -1.000000
vn 0.000000 -0.000000 -1.000000
vn 0.000000 -0.000000 -1.000000
vn 0.000000 -0.000000 -1.000000
vn 0.000000 -0.000000 -1.000000
vn 0.000000 -0.000000 -1.000000
vn 0.000000 -0.000000 -1.000000
vn 0.000000 -0.000000 -1.000000
vn 0.000000 -0.000000 -1.000000
vn 0.000000 -0.000000 -1.000000
vn 0.000000 -0.000000 -1.000000
vn 0.000000 -0.000000 -1.000000
vn 0.000000 -0.000000 1.000000
vn 0.000000 -0.000000 1.000000
vn 0.000000 -0.000000 1.000000
vn 0.000000 -0.000000 1.000000
vn 0.000000 -0.000000 1.000000
vn 0.000000 -0.000000 1.000000
vn 0.000000 -0.000000 1.000000
vn 0.000000 -0.000000 1.000000
vn 0.000000 -0.000000 1.000000
vn 0.000000 -0.000000 1.000000
vn 0.000000 -0.000000 1.000000
vn 0.000000 -0.000000 1.000000
vn 0.000000 -0.000000 1.000000
vn 0.000000 -0.000000 1.000000
vn 0.000000 -0.000000 1.000000
vn 0.000000 -0.000000 1.000000
vn 0.000000 -0.000000 1.000000
vn 0.000000 -0.000000 1.000000
vn 0.000000 -0.000000 1.000000
vn 0.000000 -0.000000 1.000000
vn 0.000000 -0.000000 1.000000
vn 0.000000 -0.000000 1.000000
vn 0.000000 -0.000000 1.000000
vn 0.000000 -0.000000 1.000000
vn 0.000000 -0.000000 1.000000
vn 0.000000 -0.000000 1.000000
vn 0.000000 -0.000000 1.000000
vn 0.000000 -0.000000 1.000000
vn 0.000000 -0.000000 1.000000
vn 0.000000 -0.000000 1.000000
vn 0.000000 -0.000000 1.000000
vn 0.000000 -0.000000 1.000000
g gate_Material_003
usemtl Material_003
f 2/2/2 3/3/3 1/1/1
f 1/1/1 4/4/4 2/2/2
f 6/6/6 7/7/7 5/5/5
f 5/5/5 8/8/8 6/6/6
f 10/10/10 11/11/11 9/9/9
f 9/9/9 12/12/12 10/10/10
f 14/14/14 15/15/15 13/13/13
f 13/13/13 16/16/16 14/14/14
f 18/18/18 19/19/19 17/17/17
f 17/17/17 20/20/20 18/18/18
f 22/22/22 23/23/23 21/21/21
f 21/21/21 24/24/24 22/22/22
f 26/26/26 27/27/27 25/25/25
f 25/25/25 28/28/28 26/26/26
f 30/30/30 31/31/31 29/29/29
f 29/29/29 32/32/32 30/30/30
f 34/34/34 35/35/35 33/33/33
f 33/33/33 36/36/36 34/34/34
f 38/38/38 39/39/39 37/37/37
f 37/37/37 40/40/40 38/38/38
f 42/42/42 43/43/43 41/41/41
f 41/41/41 44/44/44 42/42/42
f 46/46/46 47/47/47 45/45/45
f 45/45/45 48/48/48 46/46/46
f 50/50/50 51/51/51 49/49/49
f 49/49/49 52/52/52 50/50/50
f 54/54/54 55/55/55 53/53/53
f 53/53/53 56/56/56 54/54/54
f 58/58/58 59/59/59 57/57/57
f 57/57/57 60/60/60 58/58/58
f 62/62/62 63/63/63 61/61/61
f 61/61/61 64/64/64 62/62/62
f 66/66/66 67/67/67 65/65/65
f 65/65/65 68/68/68 66/66/66
f 70/70/70 71/71/71 69/69/69
f 69/69/69 72/72/72 70/70/70
f 74/74/74 75/75/75 73/73/73
f 73/73/73 76/76/76 74/74/74
f 78/78/78 79/79/79 77/77/77
f 77/77/77 80/80/80 78/78/78
f 82/82/82 83/83/83 81/81/81
f 81/81/81 84/84/84 82/82/82
f 86/86/86 87/87/87 85/85/85
f 85/85/85 88/88/88 86/86/86
f 90/90/90 91/91/91 89/89/89
f 89/89/89 92/92/92 90/90/90
f 94/94/94 95/95/95 93/93/93
f 93/93/93 96/96/96 94/94/94
f 98/98/98 99/99/99 97/97/97
f 97/97/97 100/100/100 98/98/98
f 102/102/102 103/103/103 101/101/101
f 101/101/101 104/104/104 102/102/102
f 106/106/106 107/107/107 105/105/105
f 105/105/105 108/108/108 106/106/106
f 110/110/110 111/111/111 109/109/109
f 109/109/109 112/112/112 110/110/110
f 114/114/114 115/115/115 113/113/113
f 113/113/113 116/116/116 114/114/114
f 118/118/118 119/119/119 117/117/117
f 117/117/117 120/120/120 118/118/118
f 122/122/122 123/123/123 121/121/121
f 121/121/121 124/124/124 122/122/122
f 126/126/126 127/127/127 125/125/125
f 125/125/125 128/128/128 126/126/126
f 130/130/130 131/131/131 129/129/129
f 129/129/129 132/132/132 130/130/130
f 134/134/134 135/135/135 133/133/133
f 133/133/133 136/136/136 134/134/134
f 138/138/138 139/139/139 137/137/137
f 137/137/137 140/140/140 138/138/138
f 142/142/142 143/143/143 141/141/141
f 141/141/141 144/144/144 142/142/142
f 146/146/146 147/147/147 145/145/145
f 145/145/145 148/148/148 146/146/146
f 150/150/150 151/151/151 149/149/149
f 149/149/149 152/152/152 150/150/150
f 154/154/154 155/155/155 153/153/153
f 153/153/153 156/156/156 154/154/154
f 158/158/158 159/159/159 157/157/157
f 157/157/157 160/160/160 158/158/158
f 162/162/162 163/163/163 161/161/161
f 161/161/161 164/164/164 162/162/162
f 166/166/166 167/167/167 165/165/165
f 165/165/165 168/168/168 166/166/166
f 170/170/170 171/171/171 169/169/169
f 169/169/169 172/172/172 170/170/170
f 174/174/174 175/175/175 173/173/173
f 173/173/173 176/176/176 174/174/174
f 178/178/178 179/179/179 177/177/177
f 177/177/177 180/180/180 178/178/178
f 182/182/182 183/183/183 181/181/181
f 181/181/181 184/184/184 182/182/182
f 186/186/186 187/187/187 185/185/185
f 185/185/185 188/188/188 186/186/186
f 190/190/190 191/191/191 189/189/189
f 189/189/189 192/192/192 190/190/190
f 194/194/194 195/195/195 193/193/193
f 193/193/193 196/196/196 194/194/194
f 198/198/198 199/199/199 197/197/197
f 197/197/197 200/200/200 198/198/198
f 202/202/202 203/203/203 201/201/201
f 201/201/201 204/204/204 202/202/202
f 206/206/206 207/207/207 205/205/205
f 205/205/205 208/208/208 206/206/206
f 210/210/210 211/211/211 209/209/209
f 209/209/209 212/212/212 210/210/210
f 214/214/214 215/215/215 213/213/213
f 213/213/213 216/216/216 214/214/214
f 218/218/218 219/219/219 217/217/217
f 217/217/217 220/220/220 218/218/218
f 222/222/222 223/223/223 221/221/221
f 221/221/221 224/224/224 222/222/222
f 226/226/226 227/227/227 225/225/225
f 225/225/225 228/228/228 226/226/226
f 230/230/230 231/231/231 229/229/229
f 229/229/229 232/232/232 230/230/230
f 234/234/234 235/235/235 233/233/233
f 233/233/233 236/236/236 234/234/234
f 238/238/238 239/239/239 237/237/237
f 237/237/237 240/240/240 238/238/238
f 242/242/242 243/243/243 241/241/241
f 241/241/241 244/244/244 242/242/242
f 246/246/246 247/247/247 245/245/245
f 245/245/245 248/248/248 246/246/246
f 250/250/250 251/251/251 249/249/249
f 249/249/249 252/252/252 250/250/250
f 254/254/254 255/255/255 253/253/253
f 253/253/253 256/256/256 254/254/254
f 258/258/258 259/259/259 257/257/257
f 260/260/260 258/258/258 257/257/257
f 257/257/257 262/262/262 261/261/261
f 257/257/257 261/261/261 263/263/263
f 263/263/263 260/260/260 257/257/257
f 263/263/263 265/265/265 264/264/264
f 263/263/263 264/264/264 260/260/260
f 266/266/266 267/267/267 260/260/260
f 264/264/264 266/266/266 260/260/260
f 268/268/268 266/266/266 264/264/264
f 268/268/268 264/264/264 269/269/269
f 264/264/264 270/270/270 269/269/269
f 270/270/270 271/271/271 269/269/269
f 269/269/269 272/272/272 268/268/268
f 269/269/269 273/273/273 272/272/272
f 268/268/268 275/275/275 274/274/274
f 266/266/266 268/268/268 274/274/274
f 276/276/276 266/266/266 274/274/274
f 276/276/276 274/274/274 277/277/277
f 274/274/274 278/278/278 277/277/277
f 278/278/278 279/279/279 277/277/277
f 277/277/277 280/280/280 276/276/276
f 277/277/277 281/281/281 280/280/280
f 276/276/276 283/283/283 282/282/282
f 266/266/266 276/276/276 282/282/282
f 284/284/284 266/266/266 282/282/282
f 282/282/282 285/285/285 284/284/284
f 285/285/285 286/286/286 284/284/284
f 287/287/287 266/266/266 284/284/284
f 284/284/284 288/288/288 287/287/287
f 290/290/290 291/291/291 289/289/289
f 292/292/292 290/290/290 289/289/289
f 289/289/289 294/294/294 293/293/293
f 289/289/289 293/293/293 295/295/295
f 295/295/295 292/292/292 289/289/289
f 295/295/295 297/297/297 296/296/296
f 298/298/298 299/299/299 292/292/292
f 300/300/300 295/295/295 296/296/296
f 300/300/300 292/292/292 295/295/295
f 298/298/298 292/292/292 301/301/301
f 300/300/300 301/301/301 292/292/292
f 302/302/302 300/300/300 296/296/296
f 296/296/296 303/303/303 302/302/302
f 303/303/303 304/304/304 302/302/302
f 305/305/305 300/300/300 302/302/302
f 302/302/302 306/306/306 305/305/305
f 300/300/300 308/308/308 307/307/307
f 301/301/301 300/300/300 307/307/307
f 309/309/309 310/310/310 301/301/301
f 309/309/309 301/301/301 307/307/307
f 309/309/309 307/307/307 311/311/311
f 307/307/307 312/312/312 311/311/311
f 312/312/312 313/313/313 311/311/311
f 311/311/311 314/314/314 309/309/309
f 311/311/311 315/315/315 314/314/314
f 298/298/298 301/301/301 316/316/316
f 316/316/316 317/317/317 298/298/298
f 316/316/316 318/318/318 317/317/317
f 301/301/301 319/319/319 316/316/316
f 319/319/319 320/320/320 316/316/316
f 322/322/322 323/323/323 321/321/321
f 321/321/321 324/324/324 322/322/322
f 324/324/324 326/326/326 325/325/325
f 325/325/325 322/322/322 324/324/324
f 325/325/325 328/328/328 327/327/327
f 325/325/325 327/327/327 329/329/329
f 329/329/329 322/322/322 325/325/325
f 329/329/329 327/327/327 330/330/330
f 330/330/330 331/331/331 329/329/329
f 332/332/332 333/333/333 322/322/322
f 329/329/329 332/332/332 322/322/322
f 329/329/329 335/335/335 334/334/334
f 332/332/332 329/329/329 334/334/334
f 336/336/336 337/337/337 332/332/332
f 334/334/334 336/336/336 332/332/332
f 334/334/334 339/339/339 338/338/338
f 336/336/336 334/334/334 338/338/338
f 340/340/340 341/341/341 336/336/336
f 338/338/338 340/340/340 336/336/336
f 342/342/342 343/343/343 340/340/340
f 340/340/340 344/344/344 342/342/342
f 338/338/338 346/346/346 345/345/345
f 340/340/340 338/338/338 345/345/345
f 347/347/347 344/344/344 340/340/340
f 345/345/345 347/347/347 340/340/340
f 347/347/347 348/348/348 344/344/344
f 345/345/345 350/350/350 349/349/349
f 345/345/345 349/349/349 351/351/351
f 347/347/347 345/345/345 351/351/351
f 351/351/351 352/352/352 347/347/347
f 354/354/354 355/355/355 353/353/353
f 354/354/354 353/353/353 356/356/356
f 356/356/356 358/358/358 357/357/357
f 357/357/357 354/354/354 356/356/356
f 357/357/357 360/360/360 359/359/359
f 357/357/357 359/359/359 361/361/361
f 361/361/361 354/354/354 357/357/357
f 361/361/361 359/359/359 362/362/362
f 362/362/362 363/363/363 361/361/361
f 364/364/364 365/365/365 354/354/354
f 364/364/364 354/354/354 361/361/361
f 361/361/361 367/367/367 366/366/366
f 364/364/364 361/361/361 366/366/366
f 366/366/366 369/369/369 368/368/368
f 366/366/366 368/368/368 364/364/364
f 370/370/370 371/371/371 364/364/364
f 368/368/368 370/370/370 364/364/364
f 372/372/372 373/373/373 370/370/370
f 368/368/368 372/372/372 370/370/370
f 374/374/374 375/375/375 372/372/372
f 376/376/376 374/374/374 372/372/372
f 368/368/368 378/378/378 377/377/377
f 372/372/372 368/368/368 377/377/377
f 376/376/376 372/372/372 379/379/379
f 379/379/379 372/372/372 377/377/377
f 379/379/379 380/380/380 376/376/376
f 377/377/377 382/382/382 381/381/381
f 381/381/381 383/383/383 377/377/377
f 377/377/377 383/383/383 379/379/379
f 383/383/383 384/384/384 379/379/379
g gate_Material_002
usemtl Material_002
f 386/386/386 387/387/387 385/385/385
f 385/385/385 388/388/388 386/386/386
f 390/390/390 391/391/391 389/389/389
f 389/389/389 392/392/392 390/390/390
f 394/394/394 395/395/395 393/393/393
f 393/393/393 396/396/396 394/394/394
f 398/398/398 399/399/399 397/397/397
f 397/397/397 400/400/400 398/398/398
f 402/402/402 403/403/403 401/401/401
f 401/401/401 404/404/404 402/402/402
f 406/406/406 407/407/407 405/405/405
f 405/405/405 408/408/408 406/406/406
f 410/410/410 411/411/411 409/409/409
f 409/409/409 412/412/412 410/410/410
f 414/414/414 415/415/415 413/413/413
f 413/413/413 416/416/416 414/414/414
f 418/418/418 419/419/419 417/417/417
f 417/417/417 420/420/420 418/418/418
f 422/422/422 423/423/423 421/421/421
f 421/421/421 424/424/424 422/422/422
f 426/426/426 427/427/427 425/425/425
f 425/425/425 428/428/428 426/426/426
f 430/430/430 431/431/431 429/429/429
f 429/429/429 432/432/432 430/430/430
f 434/434/434 435/435/435 433/433/433
f 433/433/433 436/436/436 434/434/434
f 438/438/438 439/439/439 437/437/437
f 437/437/437 440/440/440 438/438/438
f 442/442/442 443/443/443 441/441/441
f 441/441/441 444/444/444 442/442/442
f 446/446/446 447/447/447 445/445/445
f 445/445/445 448/448/448 446/446/446
f 450/450/450 451/451/451 449/449/449
f 449/449/449 452/452/452 450/450/450
f 454/454/454 455/455/455 453/453/453
f 453/453/453 456/456/456 454/454/454
f 458/458/458 459/459/459 457/457/457
f 457/457/457 460/460/460 458/458/458
f 462/462/462 463/463/463 461/461/461
f 461/461/461 464/464/464 462/462/462
f 466/466/466 467/467/467 465/465/465
f 465/465/465 468/468/468 466/466/466
f 470/470/470 471/471/471 469/469/469
f 469/469/469 472/472/472 470/470/470
f 474/474/474 475/475/475 473/473/473
f 473/473/473 476/476/476 474/474/474
f 478/478/478 479/479/479 477/477/477
f 477/477/477 480/480/480 478/478/478
f 482/482/482 483/483/483 481/481/481
f 481/481/481 484/484/484 482/482/482
f 486/486/486 487/487/487 485/485/485
f 485/485/485 488/488/488 486/486/486
f 490/490/490 491/491/491 489/489/489
f 489/489/489 492/492/492 490/490/490
f 494/494/494 495/495/495 493/493/493
f 493/493/493 496/496/496 494/494/494
f 498/498/498 499/499/499 497/497/497
f 497/497/497 500/500/500 498/498/498
f 502/502/502 503/503/503 501/501/501
f 501/501/501 504/504/504 502/502/502
f 506/506/506 507/507/507 505/505/505
f 505/505/505 508/508/508 506/506/506
f 510/510/510 511/511/511 509/509/509
f 509/509/509 512/512/512 510/510/510
f 514/514/514 515/515/515 513/513/513
f 513/513/513 516/516/516 514/514/514
f 518/518/518 519/519/519 517/517/517
f 517/517/517 520/520/520 518/518/518
f 522/522/522 523/523/523 521/521/521
f 521/521/521 524/524/524 522/522/522
f 526/526/526 527/527/527 525/525/525
f 525/525/525 528/528/528 526/526/526
f 530/530/530 531/531/531 529/529/529
f 529/529/529 532/532/532 530/530/530
f 534/534/534 535/535/535 533/533/533
f 533/533/533 536/536/536 534/534/534
f 538/538/538 539/539/539 537/537/537
f 537/537/537 540/540/540 538/538/538
f 542/542/542 543/543/543 541/541/541
f 541/541/541 544/544/544 542/542/542
f 546/546/546 547/547/547 545/545/545
f 545/545/545 548/548/548 546/546/546
f 550/550/550 551/551/551 549/549/549
f 549/549/549 552/552/552 550/550/550
f 554/554/554 555/555/555 553/553/553
f 553/553/553 556/556/556 554/554/554
f 558/558/558 559/559/559 557/557/557
f 557/557/557 560/560/560 558/558/558
f 562/562/562 563/563/563 561/561/561
f 561/561/561 564/564/564 562/562/562
f 566/566/566 567/567/567 565/565/565
f 565/565/565 568/568/568 566/566/566
f 570/570/570 571/571/571 569/569/569
f 569/569/569 572/572/572 570/570/570
f 574/574/574 575/575/575 573/573/573
f 573/573/573 576/576/576 574/574/574
f 578/578/578 579/579/579 577/577/577
f 577/577/577 580/580/580 578/578/578
f 582/582/582 583/583/583 581/581/581
f 581/581/581 584/584/584 582/582/582
f 586/586/586 587/587/587 585/585/585
f 585/585/585 588/588/588 586/586/586
f 590/590/590 591/591/591 589/589/589
f 589/589/589 592/592/592 590/590/590
f 594/594/594 595/595/595 593/593/593
f 593/593/593 596/596/596 594/594/594
f 598/598/598 599/599/599 597/597/597
f 597/597/597 600/600/600 598/598/598
f 602/602/602 603/603/603 601/601/601
f 601/601/601 604/604/604 602/602/602
f 606/606/606 607/607/607 605/605/605
f 605/605/605 608/608/608 606/606/606
f 610/610/610 611/611/611 609/609/609
f 609/609/609 612/612/612 610/610/610
f 614/614/614 615/615/615 613/613/613
f 613/613/613 616/616/616 614/614/614
f 618/618/618 619/619/619 617/617/617
f 617/617/617 620/620/620 618/618/618
f 622/622/622 623/623/623 621/621/621
f 621/621/621 624/624/624 622/622/622
f 626/626/626 627/627/627 625/625/625
f 625/625/625 628/628/628 626/626/626
f 630/630/630 631/631/631 629/629/629
f 629/629/629 632/632/632 630/630/630
f 634/634/634 635/635/635 633/633/633
f 633/633/633 636/636/636 634/634/634
f 638/638/638 639/639/639 637/637/637
f 637/637/637 640/640/640 638/638/638
f 642/642/642 643/643/643 641/641/641
f 641/641/641 644/644/644 642/642/642
f 646/646/646 647/647/647 645/645/645
f 645/645/645 648/648/648 646/646/646
f 650/650/650 651/651/651 649/649/649
f 649/649/649 652/652/652 650/650/650
f 654/654/654 655/655/655 653/653/653
f 653/653/653 656/656/656 654/654/654
f 658/658/658 659/659/659 657/657/657
f 657/657/657 660/660/660 658/658/658
f 662/662/662 663/663/663 661/661/661
f 661/661/661 664/664/664 662/662/662
f 666/666/666 667/667/667 665/665/665
f 665/665/665 668/668/668 666/666/666
f 670/670/670 671/671/671 669/669/669
f 669/669/669 672/672/672 670/670/670
f 674/674/674 675/675/675 673/673/673
f 673/673/673 676/676/676 674/674/674
f 678/678/678 679/679/679 677/677/677
f 677/677/677 680/680/680 678/678/678
f 682/682/682 683/683/683 681/681/681
f 681/681/681 684/684/684 682/682/682
f 686/686/686 687/687/687 685/685/685
f 685/685/685 688/688/688 686/686/686
f 690/690/690 691/691/691 689/689/689
f 689/689/689 692/692/692 690/690/690
f 694/694/694 695/695/695 693/693/693
f 693/693/693 696/696/696 694/694/694
f 698/698/698 699/699/699 697/697/697
f 697/697/697 700/700/700 698/698/698
f 702/702/702 703/703/703 701/701/701
f 703/703/703 704/704/704 701/701/701
f 706/706/706 707/707/707 705/705/705
f 707/707/707 708/708/708 705/705/705
f 710/710/710 711/711/711 709/709/709
f 711/711/711 712/712/712 709/709/709
f 714/714/714 715/715/715 713/713/713
f 715/715/715 716/716/716 713/713/713
f 718/718/718 719/719/719 717/717/717
f 719/719/719 720/720/720 717/717/717
f 722/722/722 723/723/723 721/721/721
f 723/723/723 724/724/724 721/721/721
f 726/726/726 727/727/727 725/725/725
f 727/727/727 728/728/728 725/725/725
f 730/730/730 731/731/731 729/729/729
f 731/731/731 732/732/732 729/729/729
f 734/734/734 735/735/735 733/733/733
f 735/735/735 736/736/736 733/733/733
f 738/738/738 739/739/739 737/737/737
f 739/739/739 740/740/740 737/737/737
f 742/742/742 743/743/743 741/741/741
f 743/743/743 744/744/744 741/741/741
f 746/746/746 747/747/747 745/745/745
f 747/747/747 748/748/748 745/745/745
f 750/750/750 751/751/751 749/749/749
f 751/751/751 752/752/752 749/749/749
f 754/754/754 755/755/755 753/753/753
f 755/755/755 756/756/756 753/753/753
f 758/758/758 759/759/759 757/757/757
f 759/759/759 760/760/760 757/757/757
f 762/762/762 763/763/763 761/761/761
f 763/763/763 764/764/764 761/761/761
f 766/766/766 767/767/767 765/765/765
f 765/765/765 768/768/768 766/766/766
f 770/770/770 771/771/771 769/769/769
f 770/770/770 769/769/769 772/772/772
f 773/773/773 770/770/770 772/772/772
f 772/772/772 774/774/774 773/773/773
f 774/774/774 772/772/772 775/775/775
f 775/775/775 776/776/776 774/774/774
f 777/777/777 774/774/774 776/776/776
f 776/776/776 778/778/778 777/777/777
f 776/776/776 779/779/779 778/778/778
f 779/779/779 780/780/780 778/778/778
f 780/780/780 779/779/779 781/781/781
f 781/781/781 782/782/782 780/780/780
f 782/782/782 781/781/781 783/783/783
f 782/782/782 783/783/783 784/784/784
f 784/784/784 785/785/785 782/782/782
f 786/786/786 785/785/785 784/784/784
f 784/784/784 787/787/787 786/786/786
f 786/786/786 787/787/787 788/788/788
f 788/788/788 789/789/789 786/786/786
f 788/788/788 790/790/790 789/789/789
f 790/790/790 788/788/788 791/791/791
f 791/791/791 792/792/792 790/790/790
f 792/792/792 791/791/791 793/793/793
f 793/793/793 794/794/794 792/792/792
f 794/794/794 793/793/793 795/795/795
f 795/795/795 796/796/796 794/794/794
f 797/797/797 794/794/794 796/796/796
f 796/796/796 798/798/798 797/797/797
f 798/798/798 796/796/796 799/799/799
f 799/799/799 800/800/800 798/798/798
f 802/802/802 803/803/803 801/801/801
f 801/801/801 804/804/804 802/802/802
f 804/804/804 801/801/801 805/805/805
f 804/804/804 805/805/805 806/806/806
f 806/806/806 807/807/807 804/804/804
f 808/808/808 807/807/807 806/806/806
f 806/806/806 809/809/809 808/808/808
f 809/809/809 810/810/810 808/808/808
f 810/810/810 809/809/809 811/811/811
f 811/811/811 812/812/812 810/810/810
f 812/812/812 811/811/811 813/813/813
f 812/812/812 813/813/813 814/814/814
f 814/814/814 815/815/815 812/812/812
f 814/814/814 816/816/816 815/815/815
f 816/816/816 814/814/814 817/817/817
f 817/817/817 818/818/818 816/816/816
f 818/818/818 819/819/819 816/816/816
f 818/818/818 820/820/820 819/819/819
f 820/820/820 818/818/818 821/821/821
f 821/821/821 822/822/822 820/820/820
f 822/822/822 821/821/821 823/823/823
f 823/823/823 824/824/824 822/822/822
f 824/824/824 823/823/823 825/825/825
f 824/824/824 825/825/825 826/826/826
f 826/826/826 827/827/827 824/824/824
f 828/828/828 827/827/827 826/826/826
f 826/826/826 829/829/829 828/828/828
f 829/829/829 830/830/830 828/828/828
f 830/830/830 829/829/829 831/831/831
f 831/831/831 832/832/832 830/830/830
f 834/834/834 835/835/835 833/833/833
f 836/836/836 834/834/834 833/833/833
f 837/837/837 838/838/838 836/836/836
f 839/839/839 837/837/837 836/836/836
f 833/833/833 839/839/839 836/836/836
f 839/839/839 840/840/840 837/837/837
f 839/839/839 841/841/841 840/840/840
f 842/842/842 839/839/839 833/833/833
f 833/833/833 843/843/843 842/842/842
f 842/842/842 845/845/845 844/844/844
f 842/842/842 844/844/844 846/846/846
f 846/846/846 848/848/848 847/847/847
f 846/846/846 847/847/847 842/842/842
f 843/843/843 850/850/850 849/849/849
f 851/851/851 842/842/842 847/847/847
f 839/839/839 842/842/842 851/851/851
f 847/847/847 852/852/852 851/851/851
f 852/852/852 853/853/853 851/851/851
f 854/854/854 842/842/842 843/843/843
f 851/851/851 855/855/855 839/839/839
f 843/843/843 856/856/856 854/854/854
f 843/843/843 849/849/849 856/856/856
f 856/856/856 857/857/857 854/854/854
f 849/849/849 858/858/858 856/856/856
f 855/855/855 851/851/851 859/859/859
f 859/859/859 861/861/861 860/860/860
f 860/860/860 855/855/855 859/859/859
f 862/862/862 855/855/855 860/860/860
f 860/860/860 863/863/863 862/862/862
f 862/862/862 864/864/864 855/855/855
f 866/866/866 867/867/867 865/865/865
f 868/868/868 866/866/866 865/865/865
f 869/869/869 870/870/870 868/868/868
f 871/871/871 869/869/869 868/868/868
f 865/865/865 871/871/871 868/868/868
f 871/871/871 872/872/872 869/869/869
f 871/871/871 873/873/873 872/872/872
f 874/874/874 871/871/871 865/865/865
f 874/874/874 865/865/865 875/875/875
f 874/874/874 877/877/877 876/876/876
f 874/874/874 876/876/876 878/878/878
f 878/878/878 880/880/880 879/879/879
f 878/878/878 879/879/879 874/874/874
f 875/875/875 882/882/882 881/881/881
f 883/883/883 874/874/874 879/879/879
f 871/871/871 874/874/874 883/883/883
f 879/879/879 884/884/884 883/883/883
f 884/884/884 885/885/885 883/883/883
f 886/886/886 871/871/871 883/883/883
f 887/887/887 874/874/874 875/875/875
f 886/886/886 883/883/883 888/888/888
f 875/875/875 889/889/889 887/887/887
f 875/875/875 881/881/881 889/889/889
f 889/889/889 890/890/890 887/887/887
f 881/881/881 891/891/891 889/889/889
f 888/888/888 892/892/892 886/886/886
f 892/892/892 893/893/893 886/886/886
f 892/892/892 888/888/888 894/894/894
f 888/888/888 895/895/895 894/894/894
f 894/894/894 896/896/896 892/892/892
f 898/898/898 899/899/899 897/897/897
f 897/897/897 901/901/901 900/900/900
f 897/897/897 900/900/900 898/898/898
f 902/902/902 903/903/903 898/898/898
f 900/900/900 902/902/902 898/898/898
f 900/900/900 905/905/905 904/904/904
f 902/902/902 900/900/900 904/904/904
f 906/906/906 907/907/907 902/902/902
f 908/908/908 909/909/909 906/906/906
f 910/910/910 911/911/911 908/908/908
f 906/906/906 910/910/910 908/908/908
f 912/912/912 906/906/906 902/902/902
f 912/912/912 910/910/910 906/906/906
f 912/912/912 913/913/913 910/910/910
f 902/902/902 904/904/904 912/912/912
f 914/914/914 915/915/915 912/912/912
f 904/904/904 917/917/917 916/916/916
f 918/918/918 914/914/914 912/912/912
f 912/912/912 904/904/904 918/918/918
f 919/919/919 920/920/920 914/914/914
f 914/914/914 921/921/921 919/919/919
f 921/921/921 922/922/922 919/919/919
f 918/918/918 921/921/921 914/914/914
f 918/918/918 923/923/923 921/921/921
f 904/904/904 924/924/924 918/918/918
f 924/924/924 925/925/925 918/918/918
f 904/904/904 916/916/916 924/924/924
f 924/924/924 916/916/916 926/926/926
f 926/926/926 927/927/927 924/924/924
f 916/916/916 928/928/928 926/926/926
f 930/930/930 931/931/931 929/929/929
f 932/932/932 933/933/933 930/930/930
f 929/929/929 932/932/932 930/930/930
f 929/929/929 935/935/935 934/934/934
f 932/932/932 929/929/929 934/934/934
f 936/936/936 937/937/937 932/932/932
f 936/936/936 932/932/932 934/934/934
f 938/938/938 939/939/939 936/936/936
f 940/940/940 941/941/941 938/938/938
f 942/942/942 943/943/943 940/940/940
f 938/938/938 942/942/942 940/940/940
f 944/944/944 938/938/938 936/936/936
f 944/944/944 942/942/942 938/938/938
f 944/944/944 945/945/945 942/942/942
f 934/934/934 944/944/944 936/936/936
f 934/934/934 947/947/947 946/946/946
f 946/946/946 949/949/949 948/948/948
f 948/948/948 950/950/950 946/946/946
f 946/946/946 950/950/950 934/934/934
f 948/948/948 951/951/951 950/950/950
f 934/934/934 950/950/950 952/952/952
f 950/950/950 953/953/953 952/952/952
f 952/952/952 944/944/944 934/934/934
f 952/952/952 955/955/955 954/954/954
f 944/944/944 952/952/952 954/954/954
f 956/956/956 957/957/957 944/944/944
f 956/956/956 944/944/944 954/954/954
f 956/956/956 954/954/954 958/958/958
f 954/954/954 959/959/959 958/958/958
f 958/958/958 960/960/960 956/956/956
g gate_Material_001
usemtl Material_001
f 962/962/962 963/963/963 961/961/961
f 961/961/961 964/964/964 962/962/962
f 966/966/966 967/967/967 965/965/965
f 965/965/965 968/968/968 966/966/966
f 970/970/970 971/971/971 969/969/969
f 969/969/969 972/972/972 970/970/970
f 974/974/974 975/975/975 973/973/973
f 973/973/973 976/976/976 974/974/974
f 978/978/978 979/979/979 977/977/977
f 977/977/977 980/980/980 978/978/978
f 982/982/982 983/983/983 981/981/981
f 981/981/981 984/984/984 982/982/982
f 986/986/986 987/987/987 985/985/985
f 985/985/985 988/988/988 986/986/986
f 990/990/990 991/991/991 989/989/989
f 989/989/989 992/992/992 990/990/990
f 994/994/994 995/995/995 993/993/993
f 993/993/993 996/996/996 994/994/994
f 998/998/998 999/999/999 997/997/997
f 997/997/997 1000/1000/1000 998/998/998
f 1002/1002/1002 1003/1003/1003 1001/1001/1001
f 1001/1001/1001 1004/1004/1004 1002/1002/1002
f 1006/1006/1006 1007/1007/1007 1005/1005/1005
f 1005/1005/1005 1008/1008/1008 1006/1006/1006
f 1010/1010/1010 1011/1011/1011 1009/1009/1009
f 1009/1009/1009 1012/1012/1012 1010/1010/1010
f 1014/1014/1014 1015/1015/1015 1013/1013/1013
f 1013/1013/1013 1016/1016/1016 1014/1014/1014
f 1018/1018/1018 1019/1019/1019 1017/1017/1017
f 1017/1017/1017 1020/1020/1020 1018/1018/1018
f 1022/1022/1022 1023/1023/1023 1021/1021/1021
f 1021/1021/1021 1024/1024/1024 1022/1022/1022
f 1026/1026/1026 1027/1027/1027 1025/1025/1025
f 1025/1025/1025 1028/1028/1028 1026/1026/1026
f 1030/1030/1030 1031/1031/1031 1029/1029/1029
f 1029/1029/1029 1032/1032/1032 1030/1030/1030
f 1034/1034/1034 1035/1035/1035 1033/1033/1033
f 1033/1033/1033 1036/1036/1036 1034/1034/1034
f 1038/1038/1038 1039/1039/1039 1037/1037/1037
f 1037/1037/1037 1040/1040/1040 1038/1038/1038
f 1042/1042/1042 1043/1043/1043 1041/1041/1041
f 1041/1041/1041 1044/1044/1044 1042/1042/1042
f 1046/1046/1046 1047/1047/1047 1045/1045/1045
f 1045/1045/1045 1048/1048/1048 1046/1046/1046
f 1050/1050/1050 1051/1051/1051 1049/1049/1049
f 1049/1049/1049 1052/1052/1052 1050/1050/1050
f 1054/1054/1054 1055/1055/1055 1053/1053/1053
f 1053/1053/1053 1056/1056/1056 1054/1054/1054
f 1058/1058/1058 1059/1059/1059 1057/1057/1057
f 1057/1057/1057 1060/1060/1060 1058/1058/1058
f 1062/1062/1062 1063/1063/1063 1061/1061/1061
f 1061/1061/1061 1064/1064/1064 1062/1062/1062
f 1066/1066/1066 1067/1067/1067 1065/1065/1065
f 1065/1065/1065 1068/1068/1068 1066/1066/1066
f 1070/1070/1070 1071/1071/1071 1069/1069/1069
f 1069/1069/1069 1072/1072/1072 1070/1070/1070
f 1074/1074/1074 1075/1075/1075 1073/1073/1073
f 1073/1073/1073 1076/1076/1076 1074/1074/1074
f 1078/1078/1078 1079/1079/1079 1077/1077/1077
f 1077/1077/1077 1080/1080/1080 1078/1078/1078
f 1082/1082/1082 1083/1083/1083 1081/1081/1081
f 1081/1081/1081 1084/1084/1084 1082/1082/1082
f 1086/1086/1086 1087/1087/1087 1085/1085/1085
f 1085/1085/1085 1088/1088/1088 1086/1086/1086
f 1090/1090/1090 1091/1091/1091 1089/1089/1089
f 1089/1089/1089 1092/1092/1092 1090/1090/1090
f 1094/1094/1094 1095/1095/1095 1093/1093/1093
f 1093/1093/1093 1096/1096/1096 1094/1094/1094
f 1098/1098/1098 1099/1099/1099 1097/1097/1097
f 1097/1097/1097 1100/1100/1100 1098/1098/1098
f 1102/1102/1102 1103/1103/1103 1101/1101/1101
f 1101/1101/1101 1104/1104/1104 1102/1102/1102
f 1106/1106/1106 1107/1107/1107 1105/1105/1105
f 1105/1105/1105 1108/1108/1108 1106/1106/1106
f 1110/1110/1110 1111/1111/1111 1109/1109/1109
f 1109/1109/1109 1112/1112/1112 1110/1110/1110
f 1114/1114/1114 1115/1115/1115 1113/1113/1113
f 1113/1113/1113 1116/1116/1116 1114/1114/1114
f 1118/1118/1118 1119/1119/1119 1117/1117/1117
f 1117/1117/1117 1120/1120/1120 1118/1118/1118
f 1122/1122/1122 1123/1123/1123 1121/1121/1121
f 1121/1121/1121 1124/1124/1124 1122/1122/1122
f 1126/1126/1126 1127/1127/1127 1125/1125/1125
f 1125/1125/1125 1128/1128/1128 1126/1126/1126
f 1130/1130/1130 1131/1131/1131 1129/1129/1129
f 1129/1129/1129 1132/1132/1132 1130/1130/1130
f 1134/1134/1134 1135/1135/1135 1133/1133/1133
f 1133/1133/1133 1136/1136/1136 1134/1134/1134
f 1138/1138/1138 1139/1139/1139 1137/1137/1137
f 1137/1137/1137 1140/1140/1140 1138/1138/1138
f 1142/1142/1142 1143/1143/1143 1141/1141/1141
f 1141/1141/1141 1144/1144/1144 1142/1142/1142
f 1146/1146/1146 1147/1147/1147 1145/1145/1145
f 1145/1145/1145 1148/1148/1148 1146/1146/1146
f 1150/1150/1150 1151/1151/1151 1149/1149/1149
f 1149/1149/1149 1152/1152/1152 1150/1150/1150
f 1154/1154/1154 1155/1155/1155 1153/1153/1153
f 1153/1153/1153 1156/1156/1156 1154/1154/1154
f 1158/1158/1158 1159/1159/1159 1157/1157/1157
f 1157/1157/1157 1160/1160/1160 1158/1158/1158
f 1162/1162/1162 1163/1163/1163 1161/1161/1161
f 1161/1161/1161 1164/1164/1164 1162/1162/1162
f 1166/1166/1166 1167/1167/1167 1165/1165/1165
f 1165/1165/1165 1168/1168/1168 1166/1166/1166
f 1170/1170/1170 1171/1171/1171 1169/1169/1169
f 1169/1169/1169 1172/1172/1172 1170/1170/1170
f 1174/1174/1174 1175/1175/1175 1173/1173/1173
f 1173/1173/1173 1176/1176/1176 1174/1174/1174
f 1178/1178/1178 1179/1179/1179 1177/1177/1177
f 1177/1177/1177 1180/1180/1180 1178/1178/1178
f 1182/1182/1182 1183/1183/1183 1181/1181/1181
f 1181/1181/1181 1184/1184/1184 1182/1182/1182
f 1186/1186/1186 1187/1187/1187 1185/1185/1185
f 1185/1185/1185 1188/1188/1188 1186/1186/1186
f 1190/1190/1190 1191/1191/1191 1189/1189/1189
f 1189/1189/1189 1192/1192/1192 1190/1190/1190
f 1194/1194/1194 1195/1195/1195 1193/1193/1193
f 1193/1193/1193 1196/1196/1196 1194/1194/1194
f 1198/1198/1198 1199/1199/1199 1197/1197/1197
f 1197/1197/1197 1200/1200/1200 1198/1198/1198
f 1202/1202/1202 1203/1203/1203 1201/1201/1201
f 1201/1201/1201 1204/1204/1204 1202/1202/1202
f 1206/1206/1206 1207/1207/1207 1205/1205/1205
f 1205/1205/1205 1208/1208/1208 1206/1206/1206
f 1210/1210/1210 1211/1211/1211 1209/1209/1209
f 1209/1209/1209 1212/1212/1212 1210/1210/1210
f 1214/1214/1214 1215/1215/1215 1213/1213/1213
f 1213/1213/1213 1216/1216/1216 1214/1214/1214
f 1218/1218/1218 1219/1219/1219 1217/1217/1217
f 1217/1217/1217 1220/1220/1220 1218/1218/1218
f 1222/1222/1222 1223/1223/1223 1221/1221/1221
f 1221/1221/1221 1224/1224/1224 1222/1222/1222
f 1226/1226/1226 1227/1227/1227 1225/1225/1225
f 1225/1225/1225 1228/1228/1228 1226/1226/1226
f 1230/1230/1230 1231/1231/1231 1229/1229/1229
f 1229/1229/1229 1232/1232/1232 1230/1230/1230
f 1234/1234/1234 1235/1235/1235 1233/1233/1233
f 1233/1233/1233 1236/1236/1236 1234/1234/1234
f 1238/1238/1238 1239/1239/1239 1237/1237/1237
f 1237/1237/1237 1240/1240/1240 1238/1238/1238
f 1242/1242/1242 1243/1243/1243 1241/1241/1241
f 1241/1241/1241 1244/1244/1244 1242/1242/1242
f 1246/1246/1246 1247/1247/1247 1245/1245/1245
f 1245/1245/1245 1248/1248/1248 1246/1246/1246
f 1250/1250/1250 1251/1251/1251 1249/1249/1249
f 1249/1249/1249 1252/1252/1252 1250/1250/1250
f 1254/1254/1254 1255/1255/1255 1253/1253/1253
f 1253/1253/1253 1256/1256/1256 1254/1254/1254
f 1258/1258/1258 1259/1259/1259 1257/1257/1257
f 1257/1257/1257 1260/1260/1260 1258/1258/1258
f 1262/1262/1262 1263/1263/1263 1261/1261/1261
f 1261/1261/1261 1264/1264/1264 1262/1262/1262
f 1266/1266/1266 1267/1267/1267 1265/1265/1265
f 1265/1265/1265 1268/1268/1268 1266/1266/1266
f 1270/1270/1270 1271/1271/1271 1269/1269/1269
f 1269/1269/1269 1272/1272/1272 1270/1270/1270
f 1274/1274/1274 1275/1275/1275 1273/1273/1273
f 1273/1273/1273 1276/1276/1276 1274/1274/1274
f 1278/1278/1278 1279/1279/1279 1277/1277/1277
f 1277/1277/1277 1280/1280/1280 1278/1278/1278
f 1282/1282/1282 1283/1283/1283 1281/1281/1281
f 1281/1281/1281 1284/1284/1284 1282/1282/1282
f 1286/1286/1286 1287/1287/1287 1285/1285/1285
f 1285/1285/1285 1288/1288/1288 1286/1286/1286
f 1290/1290/1290 1291/1291/1291 1289/1289/1289
f 1289/1289/1289 1292/1292/1292 1290/1290/1290
f 1294/1294/1294 1295/1295/1295 1293/1293/1293
f 1293/1293/1293 1296/1296/1296 1294/1294/1294
f 1298/1298/1298 1299/1299/1299 1297/1297/1297
f 1297/1297/1297 1300/1300/1300 1298/1298/1298
f 1302/1302/1302 1303/1303/1303 1301/1301/1301
f 1301/1301/1301 1304/1304/1304 1302/1302/1302
f 1306/1306/1306 1307/1307/1307 1305/1305/1305
f 1305/1305/1305 1308/1308/1308 1306/1306/1306
f 1310/1310/1310 1311/1311/1311 1309/1309/1309
f 1309/1309/1309 1312/1312/1312 1310/1310/1310
f 1314/1314/1314 1315/1315/1315 1313/1313/1313
f 1313/1313/1313 1316/1316/1316 1314/1314/1314
f 1318/1318/1318 1319/1319/1319 1317/1317/1317
f 1317/1317/1317 1320/1320/1320 1318/1318/1318
f 1322/1322/1322 1323/1323/1323 1321/1321/1321
f 1321/1321/1321 1324/1324/1324 1322/1322/1322
f 1326/1326/1326 1327/1327/1327 1325/1325/1325
f 1325/1325/1325 1328/1328/1328 1326/1326/1326
f 1330/1330/1330 1331/1331/1331 1329/1329/1329
f 1329/1329/1329 1332/1332/1332 1330/1330/1330
f 1334/1334/1334 1335/1335/1335 1333/1333/1333
f 1333/1333/1333 1336/1336/1336 1334/1334/1334
f 1338/1338/1338 1339/1339/1339 1337/1337/1337
f 1337/1337/1337 1340/1340/1340 1338/1338/1338
f 1342/1342/1342 1343/1343/1343 1341/1341/1341
f 1341/1341/1341 1344/1344/1344 1342/1342/1342
f 1346/1346/1346 1347/1347/1347 1345/1345/1345
f 1348/1348/1348 1346/1346/1346 1345/1345/1345
f 1345/1345/1345 1350/1350/1350 1349/1349/1349
f 1345/1345/1345 1349/1349/1349 1351/1351/1351
f 1351/1351/1351 1348/1348/1348 1345/1345/1345
f 1351/1351/1351 1353/1353/1353 1352/1352/1352
f 1351/1351/1351 1352/1352/1352 1348/1348/1348
f 1354/1354/1354 1355/1355/1355 1348/1348/1348
f 1352/1352/1352 1354/1354/1354 1348/1348/1348
f 1356/1356/1356 1354/1354/1354 1352/1352/1352
f 1356/1356/1356 1352/1352/1352 1357/1357/1357
f 1352/1352/1352 1358/1358/1358 1357/1357/1357
f 1358/1358/1358 1359/1359/1359 1357/1357/1357
f 1357/1357/1357 1360/1360/1360 1356/1356/1356
f 1357/1357/1357 1361/1361/1361 1360/1360/1360
f 1356/1356/1356 1363/1363/1363 1362/1362/1362
f 1354/1354/1354 1356/1356/1356 1362/1362/1362
f 1364/1364/1364 1354/1354/1354 1362/1362/1362
f 1364/1364/1364 1362/1362/1362 1365/1365/1365
f 1362/1362/1362 1366/1366/1366 1365/1365/1365
f 1366/1366/1366 1367/1367/1367 1365/1365/1365
f 1365/1365/1365 1368/1368/1368 1364/1364/1364
f 1365/1365/1365 1369/1369/1369 1368/1368/1368
f 1364/1364/1364 1371/1371/1371 1370/1370/1370
f 1354/1354/1354 1364/1364/1364 1370/1370/1370
f 1372/1372/1372 1354/1354/1354 1370/1370/1370
f 1370/1370/1370 1373/1373/1373 1372/1372/1372
f 1373/1373/1373 1374/1374/1374 1372/1372/1372
f 1375/1375/1375 1354/1354/1354 1372/1372/1372
f 1372/1372/1372 1376/1376/1376 1375/1375/1375
f 1378/1378/1378 1379/1379/1379 1377/1377/1377
f 1380/1380/1380 1378/1378/1378 1377/1377/1377
f 1377/1377/1377 1382/1382/1382 1381/1381/1381
f 1377/1377/1377 1381/1381/1381 1383/1383/1383
f 1383/1383/1383 1380/1380/1380 1377/1377/1377
f 1383/1383/1383 1385/1385/1385 1384/1384/1384
f 1386/1386/1386 1387/1387/1387 1380/1380/1380
f 1388/1388/1388 1383/1383/1383 1384/1384/1384
f 1388/1388/1388 1380/1380/1380 1383/1383/1383
f 1386/1386/1386 1380/1380/1380 1389/1389/1389
f 1388/1388/1388 1389/1389/1389 1380/1380/1380
f 1390/1390/1390 1388/1388/1388 1384/1384/1384
f 1384/1384/1384 1391/1391/1391 1390/1390/1390
f 1391/1391/1391 1392/1392/1392 1390/1390/1390
f 1393/1393/1393 1388/1388/1388 1390/1390/1390
f 1390/1390/1390 1394/1394/1394 1393/1393/1393
f 1388/1388/1388 1396/1396/1396 1395/1395/1395
f 1389/1389/1389 1388/1388/1388 1395/1395/1395
f 1397/1397/1397 1398/1398/1398 1389/1389/1389
f 1397/1397/1397 1389/1389/1389 1395/1395/1395
f 1397/1397/1397 1395/1395/1395 1399/1399/1399
f 1395/1395/1395 1400/1400/1400 1399/1399/1399
f 1400/1400/1400 1401/1401/1401 1399/1399/1399
f 1399/1399/1399 1402/1402/1402 1397/1397/1397
f 1399/1399/1399 1403/1403/1403 1402/1402/1402
f 1386/1386/1386 1389/1389/1389 1404/1404/1404
f 1404/1404/1404 1405/1405/1405 1386/1386/1386
f 1404/1404/1404 1406/1406/1406 1405/1405/1405
f 1389/1389/1389 1407/1407/1407 1404/1404/1404
f 1407/1407/1407 1408/1408/1408 1404/1404/1404
f 1410/1410/1410 1411/1411/1411 1409/1409/1409
f 1409/1409/1409 1412/1412/1412 1410/1410/1410
f 1409/1409/1409 1414/1414/1414 1413/1413/1413
f 1409/1409/1409 1413/1413/1413 1415/1415/1415
f 1415/1415/1415 1412/1412/1412 1409/1409/1409
f 1412/1412/1412 1415/1415/1415 1416/1416/1416
f 1416/1416/1416 1415/1415/1415 1417/1417/1417
f 1417/1417/1417 1418/1418/1418 1416/1416/1416
f 1419/1419/1419 1412/1412/1412 1416/1416/1416
f 1420/1420/1420 1412/1412/1412 1419/1419/1419
f 1419/1419/1419 1421/1421/1421 1420/1420/1420
f 1416/1416/1416 1423/1423/1423 1422/1422/1422
f 1424/1424/1424 1425/1425/1425 1419/1419/1419
f 1426/1426/1426 1416/1416/1416 1422/1422/1422
f 1422/1422/1422 1427/1427/1427 1426/1426/1426
f 1416/1416/1416 1428/1428/1428 1419/1419/1419
f 1419/1419/1419 1428/1428/1428 1424/1424/1424
f 1428/1428/1428 1416/1416/1416 1426/1426/1426
f 1428/1428/1428 1429/1429/1429 1424/1424/1424
f 1426/1426/1426 1431/1431/1431 1430/1430/1430
f 1426/1426/1426 1430/1430/1430 1432/1432/1432
f 1433/1433/1433 1434/1434/1434 1428/1428/1428
f 1428/1428/1428 1435/1435/1435 1433/1433/1433
f 1426/1426/1426 1435/1435/1435 1428/1428/1428
f 1435/1435/1435 1426/1426/1426 1432/1432/1432
f 1436/1436/1436 1435/1435/1435 1432/1432/1432
f 1432/1432/1432 1437/1437/1437 1436/1436/1436
f 1437/1437/1437 1438/1438/1438 1436/1436/1436
f 1439/1439/1439 1435/1435/1435 1436/1436/1436
f 1436/1436/1436 1440/1440/1440 1439/1439/1439
f 1442/1442/1442 1443/1443/1443 1441/1441/1441
f 1442/1442/1442 1441/1441/1441 1444/1444/1444
f 1445/1445/1445 1446/1446/1446 1442/1442/1442
f 1447/1447/1447 1445/1445/1445 1442/1442/1442
f 1442/1442/1442 1444/1444/1444 1447/1447/1447
f 1444/1444/1444 1448/1448/1448 1447/1447/1447
f 1448/1448/1448 1449/1449/1449 1447/1447/1447
f 1448/1448/1448 1450/1450/1450 1449/1449/1449
f 1451/1451/1451 1452/1452/1452 1448/1448/1448
f 1444/1444/1444 1453/1453/1453 1448/1448/1448
f 1453/1453/1453 1444/1444/1444 1454/1454/1454
f 1454/1454/1454 1455/1455/1455 1453/1453/1453
f 1448/1448/1448 1456/1456/1456 1451/1451/1451
f 1456/1456/1456 1457/1457/1457 1451/1451/1451
f 1453/1453/1453 1456/1456/1456 1448/1448/1448
f 1458/1458/1458 1459/1459/1459 1456/1456/1456
f 1456/1456/1456 1460/1460/1460 1458/1458/1458
f 1453/1453/1453 1462/1462/1462 1461/1461/1461
f 1456/1456/1456 1453/1453/1453 1463/1463/1463
f 1461/1461/1461 1463/1463/1463 1453/1453/1453
f 1463/1463/1463 1460/1460/1460 1456/1456/1456
f 1461/1461/1461 1464/1464/1464 1463/1463/1463
f 1463/1463/1463 1466/1466/1466 1465/1465/1465
f 1463/1463/1463 1465/1465/1465 1467/1467/1467
f 1460/1460/1460 1463/1463/1463 1467/1467/1467
f 1460/1460/1460 1467/1467/1467 1468/1468/1468
f 1467/1467/1467 1469/1469/1469 1468/1468/1468
f 1469/1469/1469 1470/1470/1470 1468/1468/1468
f 1468/1468/1468 1471/1471/1471 1460/1460/1460
f 1468/1468/1468 1472/1472/1472 1471/1471/1471
f 1474/1474/1474 1475/1475/1475 1473/1473/1473
f 1473/1473/1473 1476/1476/1476 1474/1474/1474
f 1476/1476/1476 1478/1478/1478 1477/1477/1477
f 1477/1477/1477 1474/1474/1474 1476/1476/1476
f 1477/1477/1477 1480/1480/1480 1479/1479/1479
f 1477/1477/1477 1479/1479/1479 1481/1481/1481
f 1481/1481/1481 1474/1474/1474 1477/1477/1477
f 1481/1481/1481 1479/1479/1479 1482/1482/1482
f 1482/1482/1482 1483/1483/1483 1481/1481/1481
f 1484/1484/1484 1485/1485/1485 1474/1474/1474
f 1481/1481/1481 1484/1484/1484 1474/1474/1474
f 1481/1481/1481 1487/1487/1487 1486/1486/1486
f 1484/1484/1484 1481/1481/1481 1486/1486/1486
f 1488/1488/1488 1489/1489/1489 1484/1484/1484
f 1486/1486/1486 1488/1488/1488 1484/1484/1484
f 1486/1486/1486 1491/1491/1491 1490/1490/1490
f 1488/1488/1488 1486/1486/1486 1490/1490/1490
f 1492/1492/1492 1493/1493/1493 1488/1488/1488
f 1490/1490/1490 1492/1492/1492 1488/1488/1488
f 1494/1494/1494 1495/1495/1495 1492/1492/1492
f 1492/1492/1492 1496/1496/1496 1494/1494/1494
f 1490/1490/1490 1498/1498/1498 1497/1497/1497
f 1492/1492/1492 1490/1490/1490 1497/1497/1497
f 1499/1499/1499 1496/1496/1496 1492/1492/1492
f 1497/1497/1497 1499/1499/1499 1492/1492/1492
f 1499/1499/1499 1500/1500/1500 1496/1496/1496
f 1497/1497/1497 1502/1502/1502 1501/1501/1501
f 1497/1497/1497 1501/1501/1501 1503/1503/1503
f 1499/1499/1499 1497/1497/1497 1503/1503/1503
f 1503/1503/1503 1504/1504/1504 1499/1499/1499
f 1506/1506/1506 1507/1507/1507 1505/1505/1505
f 1506/1506/1506 1505/1505/1505 1508/1508/1508
f 1508/1508/1508 1510/1510/1510 1509/1509/1509
f 1509/1509/1509 1506/1506/1506 1508/1508/1508
f 1509/1509/1509 1512/1512/1512 1511/1511/1511
f 1509/1509/1509 1511/1511/1511 1513/1513/1513
f 1513/1513/1513 1506/1506/1506 1509/1509/1509
f 1513/1513/1513 1511/1511/1511 1514/1514/1514
f 1514/1514/1514 1515/1515/1515 1513/1513/1513
f 1516/1516/1516 1517/1517/1517 1506/1506/1506
f 1516/1516/1516 1506/1506/1506 1513/1513/1513
f 1513/1513/1513 1519/1519/1519 1518/1518/1518
f 1516/1516/1516 1513/1513/1513 1518/1518/1518
f 1518/1518/1518 1521/1521/1521 1520/1520/1520
f 1518/1518/1518 1520/1520/1520 1516/1516/1516
f 1522/1522/1522 1523/1523/1523 1516/1516/1516
f 1520/1520/1520 1522/1522/1522 1516/1516/1516
f 1524/1524/1524 1525/1525/1525 1522/1522/1522
f 1520/1520/1520 1524/1524/1524 1522/1522/1522
f 1526/1526/1526 1527/1527/1527 1524/1524/1524
f 1528/1528/1528 1526/1526/1526 1524/1524/1524
f 1520/1520/1520 1530/1530/1530 1529/1529/1529
f 1524/1524/1524 1520/1520/1520 1529/1529/1529
f 1528/1528/1528 1524/1524/1524 1531/1531/1531
f 1531/1531/1531 1524/1524/1524 1529/1529/1529
f 1531/1531/1531 1532/1532/1532 1528/1528/1528
f 1529/1529/1529 1534/1534/1534 1533/1533/1533
f 1533/1533/1533 1535/1535/1535 1529/1529/1529
f 1529/1529/1529 1535/1535/1535 1531/1531/1531
f 1535/1535/1535 1536/1536/1536 1531/1531/1531
