# from octagon.pskx  scale=0.01 flipZ=True
v 0.369402 -0.372906 0.012456
v -0.371154 0.371154 0.012700
v 0.371154 -0.371154 0.012700
v -0.372906 0.369402 0.012456
v 0.367717 -0.374591 0.011733
v -0.372906 0.369402 0.012456
v 0.369402 -0.372906 0.012456
v -0.374591 0.367717 0.011733
v 0.366165 -0.376143 0.010560
v -0.374591 0.367717 0.011733
v 0.367717 -0.374591 0.011733
v -0.376143 0.366165 0.010560
v 0.364804 -0.377504 0.008980
v -0.376143 0.366165 0.010560
v 0.366165 -0.376143 0.010560
v -0.377504 0.364804 0.008980
v 0.363687 -0.378621 0.007056
v -0.377504 0.364804 0.008980
v 0.364804 -0.377504 0.008980
v -0.378621 0.363687 0.007056
v 0.362857 -0.379451 0.004860
v -0.378621 0.363687 0.007056
v 0.363687 -0.378621 0.007056
v -0.379451 0.362857 0.004860
v 0.362346 -0.379962 0.002478
v -0.379451 0.362857 0.004860
v 0.362857 -0.379451 0.004860
v -0.379962 0.362346 0.002478
v 0.362174 -0.380134 0.000000
v -0.379962 0.362346 0.002478
v 0.362346 -0.379962 0.002478
v -0.380134 0.362174 -0.000000
v 0.362346 -0.379962 -0.002478
v -0.380134 0.362174 -0.000000
v 0.362174 -0.380134 0.000000
v -0.379962 0.362346 -0.002478
v 0.362857 -0.379451 -0.004860
v -0.379962 0.362346 -0.002478
v 0.362346 -0.379962 -0.002478
v -0.379451 0.362857 -0.004860
v 0.363687 -0.378621 -0.007056
v -0.379451 0.362857 -0.004860
v 0.362857 -0.379451 -0.004860
v -0.378621 0.363687 -0.007056
v 0.364804 -0.377504 -0.008980
v -0.378621 0.363687 -0.007056
v 0.363687 -0.378621 -0.007056
v -0.377504 0.364804 -0.008980
v 0.366165 -0.376143 -0.010560
v -0.377504 0.364804 -0.008980
v 0.364804 -0.377504 -0.008980
v -0.376143 0.366165 -0.010560
v 0.367717 -0.374591 -0.011733
v -0.376143 0.366165 -0.010560
v 0.366165 -0.376143 -0.010560
v -0.374591 0.367717 -0.011733
v 0.369402 -0.372906 -0.012456
v -0.374591 0.367717 -0.011733
v 0.367717 -0.374591 -0.011733
v -0.372906 0.369402 -0.012456
v 0.371154 -0.371154 -0.012700
v -0.372906 0.369402 -0.012456
v 0.369402 -0.372906 -0.012456
v -0.371154 0.371154 -0.012700
v 0.372906 -0.369402 -0.012456
v -0.371154 0.371154 -0.012700
v 0.371154 -0.371154 -0.012700
v -0.369402 0.372906 -0.012456
v 0.374591 -0.367717 -0.011733
v -0.369402 0.372906 -0.012456
v 0.372906 -0.369402 -0.012456
v -0.367717 0.374591 -0.011733
v 0.376143 -0.366165 -0.010560
v -0.367717 0.374591 -0.011733
v 0.374591 -0.367717 -0.011733
v -0.366165 0.376143 -0.010560
v 0.377504 -0.364804 -0.008980
v -0.366165 0.376143 -0.010560
v 0.376143 -0.366165 -0.010560
v -0.364804 0.377504 -0.008980
v 0.378621 -0.363687 -0.007056
v -0.364804 0.377504 -0.008980
v 0.377504 -0.364804 -0.008980
v -0.363687 0.378621 -0.007056
v 0.379451 -0.362857 -0.004860
v -0.363687 0.378621 -0.007056
v 0.378621 -0.363687 -0.007056
v -0.362857 0.379451 -0.004860
v 0.379962 -0.362346 -0.002478
v -0.362857 0.379451 -0.004860
v 0.379451 -0.362857 -0.004860
v -0.362346 0.379962 -0.002478
v 0.380134 -0.362174 0.000000
v -0.362346 0.379962 -0.002478
v 0.379962 -0.362346 -0.002478
v -0.362174 0.380134 -0.000000
v 0.379962 -0.362346 0.002478
v -0.362174 0.380134 -0.000000
v 0.380134 -0.362174 0.000000
v -0.362346 0.379962 0.002478
v 0.379451 -0.362857 0.004860
v -0.362346 0.379962 0.002478
v 0.379962 -0.362346 0.002478
v -0.362857 0.379451 0.004860
v 0.378621 -0.363687 0.007056
v -0.362857 0.379451 0.004860
v 0.379451 -0.362857 0.004860
v -0.363687 0.378621 0.007056
v 0.377504 -0.364804 0.008980
v -0.363687 0.378621 0.007056
v 0.378621 -0.363687 0.007056
v -0.364804 0.377504 0.008980
v 0.376143 -0.366165 0.010560
v -0.364804 0.377504 0.008980
v 0.377504 -0.364804 0.008980
v -0.366165 0.376143 0.010560
v 0.374591 -0.367717 0.011733
v -0.366165 0.376143 0.010560
v 0.376143 -0.366165 0.010560
v -0.367717 0.374591 0.011733
v 0.372906 -0.369402 0.012456
v -0.367717 0.374591 0.011733
v 0.374591 -0.367717 0.011733
v -0.369402 0.372906 0.012456
v 0.371154 -0.371154 0.012700
v -0.369402 0.372906 0.012456
v 0.372906 -0.369402 0.012456
v -0.371154 0.371154 0.012700
v -0.364960 0.358998 -0.012456
v -0.364960 1.408781 -0.012456
v -0.367437 1.408781 -0.012700
v -0.367437 0.358998 -0.012700
v -0.362577 0.358998 -0.011733
v -0.362577 1.408781 -0.011733
v -0.364960 1.408781 -0.012456
v -0.364960 0.358998 -0.012456
v -0.360382 0.358998 -0.010560
v -0.360381 1.408780 -0.010560
v -0.362577 1.408781 -0.011733
v -0.362577 0.358998 -0.011733
v -0.358457 0.358998 -0.008980
v -0.358457 1.408781 -0.008980
v -0.360381 1.408780 -0.010560
v -0.360382 0.358998 -0.010560
v -0.356878 0.358998 -0.007056
v -0.356877 1.408781 -0.007056
v -0.358457 1.408781 -0.008980
v -0.358457 0.358998 -0.008980
v -0.355704 0.358998 -0.004860
v -0.355704 1.408781 -0.004860
v -0.356877 1.408781 -0.007056
v -0.356878 0.358998 -0.007056
v -0.354981 0.358998 -0.002478
v -0.354981 1.408781 -0.002478
v -0.355704 1.408781 -0.004860
v -0.355704 0.358998 -0.004860
v -0.354737 0.358998 0.000000
v -0.354737 1.408781 -0.000000
v -0.354981 1.408781 -0.002478
v -0.354981 0.358998 -0.002478
v -0.354981 1.408781 0.002478
v -0.354737 0.358998 0.000000
v -0.354981 0.358998 0.002478
v -0.354737 1.408781 -0.000000
v -0.355704 1.408781 0.004860
v -0.354981 0.358998 0.002478
v -0.355704 0.358998 0.004860
v -0.354981 1.408781 0.002478
v -0.356877 1.408781 0.007056
v -0.355704 0.358998 0.004860
v -0.356878 0.358998 0.007056
v -0.355704 1.408781 0.004860
v -0.358457 1.408781 0.008980
v -0.356878 0.358998 0.007056
v -0.358457 0.358998 0.008980
v -0.356877 1.408781 0.007056
v -0.360381 1.408780 0.010560
v -0.358457 0.358998 0.008980
v -0.360382 0.358998 0.010560
v -0.358457 1.408781 0.008980
v -0.362577 1.408781 0.011733
v -0.360382 0.358998 0.010560
v -0.362577 0.358998 0.011733
v -0.360381 1.408780 0.010560
v -0.364960 0.358998 0.012456
v -0.364960 1.408781 0.012456
v -0.362577 0.358998 0.011733
v -0.362577 1.408781 0.011733
v -0.364960 1.408781 0.012456
v -0.364960 0.358998 0.012456
v -0.367437 1.408781 0.012700
v -0.367437 0.358998 0.012700
v -0.367437 1.408781 0.012700
v -0.367437 0.358998 0.012700
v -0.369915 1.408780 0.012456
v -0.369915 0.358998 0.012456
v -0.372297 0.358998 0.011733
v -0.372297 1.408781 0.011733
v -0.369915 0.358998 0.012456
v -0.369915 1.408780 0.012456
v -0.374493 1.408781 0.010560
v -0.372297 0.358998 0.011733
v -0.374493 0.358998 0.010560
v -0.372297 1.408781 0.011733
v -0.376417 1.408781 0.008980
v -0.374493 0.358998 0.010560
v -0.376418 0.358998 0.008980
v -0.374493 1.408781 0.010560
v -0.377997 1.408781 0.007056
v -0.376418 0.358998 0.008980
v -0.377997 0.358998 0.007056
v -0.376417 1.408781 0.008980
v -0.379170 1.408780 0.004860
v -0.377997 0.358998 0.007056
v -0.379171 0.358998 0.004860
v -0.377997 1.408781 0.007056
v -0.379893 1.408781 0.002478
v -0.379171 0.358998 0.004860
v -0.379893 0.358998 0.002478
v -0.379170 1.408780 0.004860
v -0.380137 1.408781 -0.000000
v -0.379893 0.358998 0.002478
v -0.380137 0.358998 0.000000
v -0.379893 1.408781 0.002478
v -0.379893 0.358998 -0.002478
v -0.379893 1.408781 -0.002478
v -0.380137 1.408781 -0.000000
v -0.380137 0.358998 0.000000
v -0.379171 0.358998 -0.004860
v -0.379170 1.408780 -0.004860
v -0.379893 1.408781 -0.002478
v -0.379893 0.358998 -0.002478
v -0.377997 0.358998 -0.007056
v -0.377997 1.408781 -0.007056
v -0.379170 1.408780 -0.004860
v -0.379171 0.358998 -0.004860
v -0.376418 0.358998 -0.008980
v -0.376417 1.408781 -0.008980
v -0.377997 1.408781 -0.007056
v -0.377997 0.358998 -0.007056
v -0.374493 0.358998 -0.010560
v -0.374493 1.408781 -0.010560
v -0.376417 1.408781 -0.008980
v -0.376418 0.358998 -0.008980
v -0.372297 0.358998 -0.011733
v -0.372297 1.408781 -0.011733
v -0.374493 1.408781 -0.010560
v -0.374493 0.358998 -0.010560
v -0.369915 0.358998 -0.012456
v -0.369915 1.408780 -0.012456
v -0.372297 1.408781 -0.011733
v -0.372297 0.358998 -0.011733
v -0.367437 0.358998 -0.012700
v -0.367437 1.408781 -0.012700
v -0.369915 1.408780 -0.012456
v -0.369915 0.358998 -0.012456
v 2.146422 0.353341 -0.012456
v 2.146422 1.403123 -0.012456
v 2.143944 1.403123 -0.012700
v 2.143944 0.353341 -0.012700
v 2.148804 0.353341 -0.011733
v 2.148804 1.403123 -0.011733
v 2.146422 1.403123 -0.012456
v 2.146422 0.353341 -0.012456
v 2.151000 0.353340 -0.010560
v 2.151000 1.403123 -0.010560
v 2.148804 1.403123 -0.011733
v 2.148804 0.353341 -0.011733
v 2.152924 0.353341 -0.008980
v 2.152924 1.403123 -0.008980
v 2.151000 1.403123 -0.010560
v 2.151000 0.353340 -0.010560
v 2.154504 0.353341 -0.007056
v 2.154504 1.403123 -0.007056
v 2.152924 1.403123 -0.008980
v 2.152924 0.353341 -0.008980
v 2.155677 0.353341 -0.004860
v 2.155677 1.403123 -0.004860
v 2.154504 1.403123 -0.007056
v 2.154504 0.353341 -0.007056
v 2.156400 0.353341 -0.002478
v 2.156400 1.403123 -0.002478
v 2.155677 1.403123 -0.004860
v 2.155677 0.353341 -0.004860
v 2.156644 0.353341 0.000000
v 2.156644 1.403123 0.000000
v 2.156400 1.403123 -0.002478
v 2.156400 0.353341 -0.002478
v 2.156400 1.403123 0.002478
v 2.156644 0.353341 0.000000
v 2.156400 0.353341 0.002478
v 2.156644 1.403123 0.000000
v 2.155677 1.403123 0.004860
v 2.156400 0.353341 0.002478
v 2.155677 0.353341 0.004860
v 2.156400 1.403123 0.002478
v 2.154504 1.403123 0.007056
v 2.155677 0.353341 0.004860
v 2.154504 0.353341 0.007056
v 2.155677 1.403123 0.004860
v 2.152924 1.403123 0.008980
v 2.154504 0.353341 0.007056
v 2.152924 0.353341 0.008980
v 2.154504 1.403123 0.007056
v 2.151000 1.403123 0.010560
v 2.152924 0.353341 0.008980
v 2.151000 0.353340 0.010560
v 2.152924 1.403123 0.008980
v 2.148804 1.403123 0.011733
v 2.151000 0.353340 0.010560
v 2.148804 0.353341 0.011733
v 2.151000 1.403123 0.010560
v 2.146422 0.353341 0.012456
v 2.146422 1.403123 0.012456
v 2.148804 0.353341 0.011733
v 2.148804 1.403123 0.011733
v 2.146422 1.403123 0.012456
v 2.146422 0.353341 0.012456
v 2.143944 1.403123 0.012700
v 2.143944 0.353341 0.012700
v 2.143944 1.403123 0.012700
v 2.143944 0.353341 0.012700
v 2.141467 1.403123 0.012456
v 2.141466 0.353341 0.012456
v 2.139084 0.353341 0.011733
v 2.139084 1.403123 0.011733
v 2.141466 0.353341 0.012456
v 2.141467 1.403123 0.012456
v 2.136888 1.403123 0.010560
v 2.139084 0.353341 0.011733
v 2.136888 0.353341 0.010560
v 2.139084 1.403123 0.011733
v 2.134964 1.403123 0.008980
v 2.136888 0.353341 0.010560
v 2.134964 0.353341 0.008980
v 2.136888 1.403123 0.010560
v 2.133385 1.403123 0.007056
v 2.134964 0.353341 0.008980
v 2.133384 0.353341 0.007056
v 2.134964 1.403123 0.008980
v 2.132211 1.403123 0.004860
v 2.133384 0.353341 0.007056
v 2.132211 0.353341 0.004860
v 2.133385 1.403123 0.007056
v 2.131488 1.403123 0.002478
v 2.132211 0.353341 0.004860
v 2.131488 0.353341 0.002478
v 2.132211 1.403123 0.004860
v 2.131244 1.403123 0.000000
v 2.131488 0.353341 0.002478
v 2.131244 0.353341 0.000000
v 2.131488 1.403123 0.002478
v 2.131488 0.353341 -0.002478
v 2.131488 1.403123 -0.002478
v 2.131244 1.403123 0.000000
v 2.131244 0.353341 0.000000
v 2.132211 0.353341 -0.004860
v 2.132211 1.403123 -0.004860
v 2.131488 1.403123 -0.002478
v 2.131488 0.353341 -0.002478
v 2.133384 0.353341 -0.007056
v 2.133385 1.403123 -0.007056
v 2.132211 1.403123 -0.004860
v 2.132211 0.353341 -0.004860
v 2.134964 0.353341 -0.008980
v 2.134964 1.403123 -0.008980
v 2.133385 1.403123 -0.007056
v 2.133384 0.353341 -0.007056
v 2.136888 0.353341 -0.010560
v 2.136888 1.403123 -0.010560
v 2.134964 1.403123 -0.008980
v 2.134964 0.353341 -0.008980
v 2.139084 0.353341 -0.011733
v 2.139084 1.403123 -0.011733
v 2.136888 1.403123 -0.010560
v 2.136888 0.353341 -0.010560
v 2.141466 0.353341 -0.012456
v 2.141467 1.403123 -0.012456
v 2.139084 1.403123 -0.011733
v 2.139084 0.353341 -0.011733
v 2.143944 0.353341 -0.012700
v 2.143944 1.403123 -0.012700
v 2.141467 1.403123 -0.012456
v 2.141466 0.353341 -0.012456
v -0.370820 1.397276 -0.012700
v 0.371488 2.139584 -0.012700
v 0.369737 2.141336 -0.012456
v -0.372572 1.399028 -0.012456
v -0.372572 1.399028 -0.012456
v 0.369737 2.141336 -0.012456
v 0.368052 2.143021 -0.011733
v -0.374256 1.400713 -0.011733
v -0.374256 1.400713 -0.011733
v 0.368052 2.143021 -0.011733
v 0.366499 2.144573 -0.010560
v -0.375809 1.402265 -0.010560
v -0.375809 1.402265 -0.010560
v 0.366499 2.144573 -0.010560
v 0.365138 2.145934 -0.008980
v -0.377170 1.403626 -0.008980
v -0.377170 1.403626 -0.008980
v 0.365138 2.145934 -0.008980
v 0.364022 2.147051 -0.007056
v -0.378286 1.404743 -0.007056
v -0.378286 1.404743 -0.007056
v 0.364022 2.147051 -0.007056
v 0.363192 2.147881 -0.004860
v -0.379116 1.405573 -0.004860
v -0.379116 1.405573 -0.004860
v 0.363192 2.147881 -0.004860
v 0.362681 2.148392 -0.002478
v -0.379627 1.406084 -0.002478
v -0.379627 1.406084 -0.002478
v 0.362681 2.148392 -0.002478
v 0.362508 2.148564 0.000000
v -0.379800 1.406257 -0.000000
v -0.379800 1.406257 -0.000000
v 0.362508 2.148564 0.000000
v 0.362681 2.148392 0.002478
v -0.379627 1.406084 0.002478
v -0.379627 1.406084 0.002478
v 0.362681 2.148392 0.002478
v 0.363192 2.147881 0.004860
v -0.379116 1.405573 0.004860
v -0.379116 1.405573 0.004860
v 0.363192 2.147881 0.004860
v 0.364022 2.147051 0.007056
v -0.378286 1.404743 0.007056
v -0.378286 1.404743 0.007056
v 0.364022 2.147051 0.007056
v 0.365138 2.145934 0.008980
v -0.377170 1.403626 0.008980
v -0.377170 1.403626 0.008980
v 0.365138 2.145934 0.008980
v 0.366499 2.144573 0.010560
v -0.375809 1.402265 0.010560
v -0.375809 1.402265 0.010560
v 0.366499 2.144573 0.010560
v 0.368052 2.143021 0.011733
v -0.374256 1.400713 0.011733
v -0.374256 1.400713 0.011733
v 0.368052 2.143021 0.011733
v 0.369737 2.141336 0.012456
v -0.372572 1.399028 0.012456
v -0.372572 1.399028 0.012456
v 0.369737 2.141336 0.012456
v 0.371488 2.139584 0.012700
v -0.370820 1.397276 0.012700
v 0.371488 2.139584 0.012700
v -0.369068 1.395524 0.012456
v -0.370820 1.397276 0.012700
v 0.373240 2.137832 0.012456
v 0.373240 2.137832 0.012456
v -0.367383 1.393840 0.011733
v -0.369068 1.395524 0.012456
v 0.374925 2.136148 0.011733
v 0.374925 2.136148 0.011733
v -0.365830 1.392287 0.010560
v -0.367383 1.393840 0.011733
v 0.376478 2.134595 0.010560
v 0.376478 2.134595 0.010560
v -0.364470 1.390926 0.008980
v -0.365830 1.392287 0.010560
v 0.377838 2.133234 0.008980
v 0.377838 2.133234 0.008980
v -0.363353 1.389809 0.007056
v -0.364470 1.390926 0.008980
v 0.378955 2.132117 0.007056
v 0.378955 2.132117 0.007056
v -0.362523 1.388980 0.004860
v -0.363353 1.389809 0.007056
v 0.379785 2.131288 0.004860
v 0.379785 2.131288 0.004860
v -0.362012 1.388469 0.002478
v -0.362523 1.388980 0.004860
v 0.380296 2.130777 0.002478
v 0.380296 2.130777 0.002478
v -0.361839 1.388296 -0.000000
v -0.362012 1.388469 0.002478
v 0.380469 2.130604 0.000000
v 0.380469 2.130604 0.000000
v -0.362012 1.388469 -0.002478
v -0.361839 1.388296 -0.000000
v 0.380296 2.130777 -0.002478
v 0.380296 2.130777 -0.002478
v -0.362523 1.388980 -0.004860
v -0.362012 1.388469 -0.002478
v 0.379785 2.131288 -0.004860
v 0.379785 2.131288 -0.004860
v -0.363353 1.389809 -0.007056
v -0.362523 1.388980 -0.004860
v 0.378955 2.132117 -0.007056
v 0.378955 2.132117 -0.007056
v -0.364470 1.390926 -0.008980
v -0.363353 1.389809 -0.007056
v 0.377838 2.133234 -0.008980
v 0.377838 2.133234 -0.008980
v -0.365830 1.392287 -0.010560
v -0.364470 1.390926 -0.008980
v 0.376478 2.134595 -0.010560
v 0.376478 2.134595 -0.010560
v -0.367383 1.393840 -0.011733
v -0.365830 1.392287 -0.010560
v 0.374925 2.136148 -0.011733
v 0.374925 2.136148 -0.011733
v -0.369068 1.395524 -0.012456
v -0.367383 1.393840 -0.011733
v 0.373240 2.137832 -0.012456
v 0.373240 2.137832 -0.012456
v -0.370820 1.397276 -0.012700
v -0.369068 1.395524 -0.012456
v 0.371488 2.139584 -0.012700
v 0.363488 2.135191 -0.012700
v 1.413270 2.135191 -0.012700
v 0.363488 2.137668 -0.012456
v 1.413270 2.137668 -0.012456
v 0.363488 2.140051 -0.011733
v 1.413270 2.137668 -0.012456
v 1.413270 2.140051 -0.011733
v 0.363488 2.137668 -0.012456
v 0.363488 2.142246 -0.010560
v 1.413270 2.140051 -0.011733
v 1.413270 2.142246 -0.010560
v 0.363488 2.140051 -0.011733
v 1.413270 2.142246 -0.010560
v 0.363488 2.144171 -0.008980
v 0.363488 2.142246 -0.010560
v 1.413270 2.144171 -0.008980
v 1.413270 2.144171 -0.008980
v 0.363488 2.145750 -0.007056
v 0.363488 2.144171 -0.008980
v 1.413270 2.145750 -0.007056
v 1.413270 2.145750 -0.007056
v 0.363488 2.146924 -0.004860
v 0.363488 2.145750 -0.007056
v 1.413270 2.146924 -0.004860
v 1.413270 2.146924 -0.004860
v 0.363488 2.147646 -0.002478
v 0.363488 2.146924 -0.004860
v 1.413270 2.147647 -0.002478
v 1.413270 2.147647 -0.002478
v 0.363488 2.147891 -0.000000
v 0.363488 2.147646 -0.002478
v 1.413270 2.147891 0.000000
v 0.363488 2.147891 -0.000000
v 1.413270 2.147891 0.000000
v 1.413270 2.147647 0.002478
v 0.363488 2.147646 0.002478
v 0.363488 2.147646 0.002478
v 1.413270 2.147647 0.002478
v 1.413270 2.146924 0.004860
v 0.363488 2.146924 0.004860
v 0.363488 2.146924 0.004860
v 1.413270 2.146924 0.004860
v 1.413270 2.145750 0.007056
v 0.363488 2.145750 0.007056
v 0.363488 2.145750 0.007056
v 1.413270 2.145750 0.007056
v 1.413270 2.144171 0.008980
v 0.363488 2.144171 0.008980
v 0.363488 2.144171 0.008980
v 1.413270 2.144171 0.008980
v 1.413270 2.142246 0.010560
v 0.363488 2.142246 0.010560
v 1.413270 2.140051 0.011733
v 0.363488 2.140051 0.011733
v 0.363488 2.142246 0.010560
v 1.413270 2.142246 0.010560
v 1.413270 2.137668 0.012456
v 0.363488 2.137668 0.012456
v 0.363488 2.140051 0.011733
v 1.413270 2.140051 0.011733
v 1.413270 2.135191 0.012700
v 0.363488 2.135191 0.012700
v 0.363488 2.137668 0.012456
v 1.413270 2.137668 0.012456
v 1.413270 2.132713 0.012456
v 0.363487 2.132713 0.012456
v 0.363488 2.135191 0.012700
v 1.413270 2.135191 0.012700
v 1.413270 2.130331 0.011733
v 0.363488 2.130331 0.011733
v 0.363487 2.132713 0.012456
v 1.413270 2.132713 0.012456
v 1.413270 2.128135 0.010560
v 0.363488 2.128135 0.010560
v 0.363488 2.130331 0.011733
v 1.413270 2.130331 0.011733
v 0.363488 2.128135 0.010560
v 1.413270 2.128135 0.010560
v 1.413270 2.126210 0.008980
v 0.363488 2.126210 0.008980
v 0.363488 2.126210 0.008980
v 1.413270 2.126210 0.008980
v 1.413270 2.124631 0.007056
v 0.363488 2.124631 0.007056
v 0.363488 2.124631 0.007056
v 1.413270 2.124631 0.007056
v 1.413270 2.123457 0.004860
v 0.363488 2.123457 0.004860
v 0.363488 2.123457 0.004860
v 1.413270 2.123457 0.004860
v 1.413270 2.122735 0.002478
v 0.363488 2.122735 0.002478
v 0.363488 2.122735 0.002478
v 1.413270 2.122735 0.002478
v 1.413270 2.122491 0.000000
v 0.363488 2.122491 -0.000000
v 1.413270 2.122491 0.000000
v 0.363488 2.122735 -0.002478
v 0.363488 2.122491 -0.000000
v 1.413270 2.122735 -0.002478
v 1.413270 2.122735 -0.002478
v 0.363488 2.123457 -0.004860
v 0.363488 2.122735 -0.002478
v 1.413270 2.123457 -0.004860
v 1.413270 2.123457 -0.004860
v 0.363488 2.124631 -0.007056
v 0.363488 2.123457 -0.004860
v 1.413270 2.124631 -0.007056
v 1.413270 2.124631 -0.007056
v 0.363488 2.126210 -0.008980
v 0.363488 2.124631 -0.007056
v 1.413270 2.126210 -0.008980
v 1.413270 2.126210 -0.008980
v 0.363488 2.128135 -0.010560
v 0.363488 2.126210 -0.008980
v 1.413270 2.128135 -0.010560
v 0.363488 2.130331 -0.011733
v 1.413270 2.128135 -0.010560
v 1.413270 2.130331 -0.011733
v 0.363488 2.128135 -0.010560
v 0.363487 2.132713 -0.012456
v 1.413270 2.130331 -0.011733
v 1.413270 2.132713 -0.012456
v 0.363488 2.130331 -0.011733
v 0.363487 2.132713 -0.012456
v 1.413270 2.132713 -0.012456
v 0.363488 2.135191 -0.012700
v 1.413270 2.135191 -0.012700
v 1.403218 2.135482 -0.012456
v 2.145526 1.393174 -0.012456
v 2.147278 1.394926 -0.012700
v 1.404970 2.137234 -0.012700
v 1.401534 2.133798 -0.011733
v 2.143842 1.391490 -0.011733
v 2.145526 1.393174 -0.012456
v 1.403218 2.135482 -0.012456
v 1.399981 2.132245 -0.010560
v 2.142289 1.389937 -0.010560
v 2.143842 1.391490 -0.011733
v 1.401534 2.133798 -0.011733
v 1.398620 2.130884 -0.008980
v 2.140928 1.388577 -0.008980
v 2.142289 1.389937 -0.010560
v 1.399981 2.132245 -0.010560
v 2.139811 1.387460 -0.007056
v 1.398620 2.130884 -0.008980
v 1.397504 2.129768 -0.007056
v 2.140928 1.388577 -0.008980
v 2.138982 1.386630 -0.004860
v 1.397504 2.129768 -0.007056
v 1.396674 2.128938 -0.004860
v 2.139811 1.387460 -0.007056
v 2.138470 1.386119 -0.002478
v 1.396674 2.128938 -0.004860
v 1.396163 2.128427 -0.002478
v 2.138982 1.386630 -0.004860
v 2.138298 1.385946 0.000000
v 1.396163 2.128427 -0.002478
v 1.395990 2.128254 0.000000
v 2.138470 1.386119 -0.002478
v 2.138470 1.386119 0.002478
v 1.395990 2.128254 0.000000
v 1.396163 2.128427 0.002478
v 2.138298 1.385946 0.000000
v 2.138982 1.386630 0.004860
v 1.396163 2.128427 0.002478
v 1.396674 2.128938 0.004860
v 2.138470 1.386119 0.002478
v 2.139811 1.387460 0.007056
v 1.396674 2.128938 0.004860
v 1.397504 2.129768 0.007056
v 2.138982 1.386630 0.004860
v 2.140928 1.388577 0.008980
v 1.397504 2.129768 0.007056
v 1.398620 2.130884 0.008980
v 2.139811 1.387460 0.007056
v 2.142289 1.389937 0.010560
v 1.398620 2.130884 0.008980
v 1.399981 2.132245 0.010560
v 2.140928 1.388577 0.008980
v 2.143842 1.391490 0.011733
v 1.399981 2.132245 0.010560
v 1.401534 2.133798 0.011733
v 2.142289 1.389937 0.010560
v 2.145526 1.393174 0.012456
v 1.401534 2.133798 0.011733
v 1.403218 2.135482 0.012456
v 2.143842 1.391490 0.011733
v 2.147278 1.394926 0.012700
v 1.403218 2.135482 0.012456
v 1.404970 2.137234 0.012700
v 2.145526 1.393174 0.012456
v 2.149030 1.396678 0.012456
v 1.404970 2.137234 0.012700
v 1.406722 2.138986 0.012456
v 2.147278 1.394926 0.012700
v 2.150715 1.398363 0.011733
v 1.406722 2.138986 0.012456
v 1.408407 2.140671 0.011733
v 2.149030 1.396678 0.012456
v 2.152267 1.399915 0.010560
v 1.408407 2.140671 0.011733
v 1.409960 2.142224 0.010560
v 2.150715 1.398363 0.011733
v 2.153628 1.401276 0.008980
v 1.409960 2.142224 0.010560
v 1.411320 2.143584 0.008980
v 2.152267 1.399915 0.010560
v 1.412437 2.144701 0.007056
v 2.154745 1.402393 0.007056
v 2.153628 1.401276 0.008980
v 1.411320 2.143584 0.008980
v 1.413267 2.145531 0.004860
v 2.155575 1.403223 0.004860
v 2.154745 1.402393 0.007056
v 1.412437 2.144701 0.007056
v 1.413778 2.146042 0.002478
v 2.156086 1.403734 0.002478
v 2.155575 1.403223 0.004860
v 1.413267 2.145531 0.004860
v 1.413951 2.146215 0.000000
v 2.156259 1.403907 0.000000
v 2.156086 1.403734 0.002478
v 1.413778 2.146042 0.002478
v 1.413778 2.146042 -0.002478
v 2.156086 1.403734 -0.002478
v 2.156259 1.403907 0.000000
v 1.413951 2.146215 0.000000
v 1.413267 2.145531 -0.004860
v 2.155575 1.403223 -0.004860
v 2.156086 1.403734 -0.002478
v 1.413778 2.146042 -0.002478
v 1.412437 2.144701 -0.007056
v 2.154745 1.402393 -0.007056
v 2.155575 1.403223 -0.004860
v 1.413267 2.145531 -0.004860
v 1.411320 2.143584 -0.008980
v 2.153628 1.401276 -0.008980
v 2.154745 1.402393 -0.007056
v 1.412437 2.144701 -0.007056
v 1.409959 2.142224 -0.010560
v 2.152267 1.399915 -0.010560
v 2.153628 1.401276 -0.008980
v 1.411320 2.143584 -0.008980
v 1.408407 2.140671 -0.011733
v 2.150715 1.398363 -0.011733
v 2.152267 1.399915 -0.010560
v 1.409959 2.142224 -0.010560
v 1.406722 2.138986 -0.012456
v 2.149030 1.396678 -0.012456
v 2.150715 1.398363 -0.011733
v 1.408407 2.140671 -0.011733
v 1.404970 2.137234 -0.012700
v 2.147278 1.394926 -0.012700
v 2.149030 1.396678 -0.012456
v 1.406722 2.138986 -0.012456
v 0.362855 -0.366633 0.012456
v 1.412637 -0.366633 0.012456
v 1.412637 -0.369110 0.012700
v 0.362855 -0.369110 0.012700
v 0.362855 -0.364250 0.011733
v 1.412637 -0.364250 0.011733
v 1.412637 -0.366633 0.012456
v 0.362855 -0.366633 0.012456
v 0.362855 -0.362055 0.010560
v 1.412637 -0.362055 0.010560
v 1.412637 -0.364250 0.011733
v 0.362855 -0.364250 0.011733
v 0.362855 -0.360130 0.008980
v 1.412637 -0.360130 0.008980
v 1.412637 -0.362055 0.010560
v 0.362855 -0.362055 0.010560
v 0.362855 -0.358551 0.007056
v 1.412637 -0.358551 0.007056
v 1.412637 -0.360130 0.008980
v 0.362855 -0.360130 0.008980
v 0.362855 -0.357377 0.004860
v 1.412637 -0.357377 0.004860
v 1.412637 -0.358551 0.007056
v 0.362855 -0.358551 0.007056
v 0.362855 -0.356654 0.002478
v 1.412637 -0.356654 0.002478
v 1.412637 -0.357377 0.004860
v 0.362855 -0.357377 0.004860
v 0.362855 -0.356410 0.000000
v 1.412637 -0.356410 -0.000000
v 1.412637 -0.356654 0.002478
v 0.362855 -0.356654 0.002478
v 1.412637 -0.356654 -0.002478
v 0.362855 -0.356410 0.000000
v 0.362855 -0.356654 -0.002478
v 1.412637 -0.356410 -0.000000
v 1.412637 -0.357377 -0.004860
v 0.362855 -0.356654 -0.002478
v 0.362855 -0.357377 -0.004860
v 1.412637 -0.356654 -0.002478
v 1.412637 -0.358551 -0.007056
v 0.362855 -0.357377 -0.004860
v 0.362855 -0.358551 -0.007056
v 1.412637 -0.357377 -0.004860
v 1.412637 -0.360130 -0.008980
v 0.362855 -0.358551 -0.007056
v 0.362855 -0.360130 -0.008980
v 1.412637 -0.358551 -0.007056
v 1.412637 -0.362055 -0.010560
v 0.362855 -0.360130 -0.008980
v 0.362855 -0.362055 -0.010560
v 1.412637 -0.360130 -0.008980
v 1.412637 -0.364250 -0.011733
v 0.362855 -0.362055 -0.010560
v 0.362855 -0.364250 -0.011733
v 1.412637 -0.362055 -0.010560
v 0.362855 -0.366633 -0.012456
v 1.412637 -0.366633 -0.012456
v 0.362855 -0.364250 -0.011733
v 1.412637 -0.364250 -0.011733
v 1.412637 -0.366633 -0.012456
v 0.362855 -0.366633 -0.012456
v 1.412637 -0.369110 -0.012700
v 0.362855 -0.369110 -0.012700
v 1.412637 -0.369110 -0.012700
v 0.362855 -0.369110 -0.012700
v 1.412637 -0.371588 -0.012456
v 0.362855 -0.371588 -0.012456
v 0.362855 -0.373970 -0.011733
v 1.412637 -0.373970 -0.011733
v 0.362855 -0.371588 -0.012456
v 1.412637 -0.371588 -0.012456
v 1.412637 -0.376166 -0.010560
v 0.362855 -0.373970 -0.011733
v 0.362855 -0.376166 -0.010560
v 1.412637 -0.373970 -0.011733
v 1.412637 -0.378091 -0.008980
v 0.362855 -0.376166 -0.010560
v 0.362855 -0.378091 -0.008980
v 1.412637 -0.376166 -0.010560
v 1.412637 -0.379670 -0.007056
v 0.362855 -0.378091 -0.008980
v 0.362855 -0.379670 -0.007056
v 1.412637 -0.378091 -0.008980
v 1.412637 -0.380844 -0.004860
v 0.362855 -0.379670 -0.007056
v 0.362855 -0.380844 -0.004860
v 1.412637 -0.379670 -0.007056
v 1.412637 -0.381566 -0.002478
v 0.362855 -0.380844 -0.004860
v 0.362855 -0.381566 -0.002478
v 1.412637 -0.380844 -0.004860
v 1.412637 -0.381810 0.000000
v 0.362855 -0.381566 -0.002478
v 0.362855 -0.381810 0.000000
v 1.412637 -0.381566 -0.002478
v 0.362855 -0.381566 0.002478
v 1.412637 -0.381566 0.002478
v 1.412637 -0.381810 0.000000
v 0.362855 -0.381810 0.000000
v 0.362855 -0.380844 0.004860
v 1.412637 -0.380844 0.004860
v 1.412637 -0.381566 0.002478
v 0.362855 -0.381566 0.002478
v 0.362855 -0.379670 0.007056
v 1.412637 -0.379670 0.007056
v 1.412637 -0.380844 0.004860
v 0.362855 -0.380844 0.004860
v 0.362855 -0.378091 0.008980
v 1.412637 -0.378091 0.008980
v 1.412637 -0.379670 0.007056
v 0.362855 -0.379670 0.007056
v 0.362855 -0.376166 0.010560
v 1.412637 -0.376166 0.010560
v 1.412637 -0.378091 0.008980
v 0.362855 -0.378091 0.008980
v 0.362855 -0.373970 0.011733
v 1.412637 -0.373970 0.011733
v 1.412637 -0.376166 0.010560
v 0.362855 -0.376166 0.010560
v 0.362855 -0.371588 0.012456
v 1.412637 -0.371588 0.012456
v 1.412637 -0.373970 0.011733
v 0.362855 -0.373970 0.011733
v 0.362855 -0.369110 0.012700
v 1.412637 -0.369110 0.012700
v 1.412637 -0.371588 0.012456
v 0.362855 -0.371588 0.012456
v 1.402884 -0.371752 0.012456
v 2.145192 0.370556 0.012456
v 2.146944 0.368804 0.012700
v 1.404636 -0.373504 0.012700
v 1.401199 -0.370067 0.011733
v 2.143507 0.372241 0.011733
v 2.145192 0.370556 0.012456
v 1.402884 -0.371752 0.012456
v 1.399647 -0.368515 0.010560
v 2.141955 0.373793 0.010560
v 2.143507 0.372241 0.011733
v 1.401199 -0.370067 0.011733
v 1.398286 -0.367154 0.008980
v 2.140594 0.375154 0.008980
v 2.141955 0.373793 0.010560
v 1.399647 -0.368515 0.010560
v 1.397169 -0.366037 0.007056
v 2.139477 0.376271 0.007056
v 2.140594 0.375154 0.008980
v 1.398286 -0.367154 0.008980
v 1.396339 -0.365207 0.004860
v 2.138647 0.377101 0.004860
v 2.139477 0.376271 0.007056
v 1.397169 -0.366037 0.007056
v 1.395828 -0.364696 0.002478
v 2.138136 0.377612 0.002478
v 2.138647 0.377101 0.004860
v 1.396339 -0.365207 0.004860
v 1.395656 -0.364524 0.000000
v 2.137964 0.377784 0.000000
v 2.138136 0.377612 0.002478
v 1.395828 -0.364696 0.002478
v 1.395828 -0.364696 -0.002478
v 2.138136 0.377612 -0.002478
v 2.137964 0.377784 0.000000
v 1.395656 -0.364524 0.000000
v 1.396339 -0.365207 -0.004860
v 2.138647 0.377101 -0.004860
v 2.138136 0.377612 -0.002478
v 1.395828 -0.364696 -0.002478
v 1.397169 -0.366037 -0.007056
v 2.139477 0.376271 -0.007056
v 2.138647 0.377101 -0.004860
v 1.396339 -0.365207 -0.004860
v 1.398286 -0.367154 -0.008980
v 2.140594 0.375154 -0.008980
v 2.139477 0.376271 -0.007056
v 1.397169 -0.366037 -0.007056
v 1.399647 -0.368515 -0.010560
v 2.141955 0.373793 -0.010560
v 2.140594 0.375154 -0.008980
v 1.398286 -0.367154 -0.008980
v 1.401199 -0.370067 -0.011733
v 2.143507 0.372241 -0.011733
v 2.141955 0.373793 -0.010560
v 1.399647 -0.368515 -0.010560
v 1.402884 -0.371752 -0.012456
v 2.145192 0.370556 -0.012456
v 2.143507 0.372241 -0.011733
v 1.401199 -0.370067 -0.011733
v 1.404636 -0.373504 -0.012700
v 2.146944 0.368804 -0.012700
v 2.145192 0.370556 -0.012456
v 1.402884 -0.371752 -0.012456
v 2.148696 0.367052 -0.012456
v 1.404636 -0.373504 -0.012700
v 1.406388 -0.375256 -0.012456
v 2.146944 0.368804 -0.012700
v 2.150381 0.365367 -0.011733
v 1.406388 -0.375256 -0.012456
v 1.408072 -0.376940 -0.011733
v 2.148696 0.367052 -0.012456
v 2.151933 0.363815 -0.010560
v 1.408072 -0.376940 -0.011733
v 1.409625 -0.378493 -0.010560
v 2.150381 0.365367 -0.011733
v 2.153294 0.362454 -0.008980
v 1.409625 -0.378493 -0.010560
v 1.410986 -0.379854 -0.008980
v 2.151933 0.363815 -0.010560
v 2.154411 0.361337 -0.007056
v 1.410986 -0.379854 -0.008980
v 1.412103 -0.380971 -0.007056
v 2.153294 0.362454 -0.008980
v 2.155241 0.360507 -0.004860
v 1.412103 -0.380971 -0.007056
v 1.412932 -0.381800 -0.004860
v 2.154411 0.361337 -0.007056
v 2.155752 0.359996 -0.002478
v 1.412932 -0.381800 -0.004860
v 1.413443 -0.382311 -0.002478
v 2.155241 0.360507 -0.004860
v 2.155924 0.359824 0.000000
v 1.413443 -0.382311 -0.002478
v 1.413616 -0.382484 0.000000
v 2.155752 0.359996 -0.002478
v 2.155752 0.359996 0.002478
v 1.413616 -0.382484 0.000000
v 1.413443 -0.382311 0.002478
v 2.155924 0.359824 0.000000
v 2.155241 0.360507 0.004860
v 1.413443 -0.382311 0.002478
v 1.412932 -0.381800 0.004860
v 2.155752 0.359996 0.002478
v 2.154411 0.361337 0.007056
v 1.412932 -0.381800 0.004860
v 1.412103 -0.380971 0.007056
v 2.155241 0.360507 0.004860
v 2.153294 0.362454 0.008980
v 1.412103 -0.380971 0.007056
v 1.410986 -0.379854 0.008980
v 2.154411 0.361337 0.007056
v 2.151933 0.363815 0.010560
v 1.410986 -0.379854 0.008980
v 1.409625 -0.378493 0.010560
v 2.153294 0.362454 0.008980
v 2.150381 0.365367 0.011733
v 1.409625 -0.378493 0.010560
v 1.408072 -0.376940 0.011733
v 2.151933 0.363815 0.010560
v 2.148696 0.367052 0.012456
v 1.408072 -0.376940 0.011733
v 1.406388 -0.375256 0.012456
v 2.150381 0.365367 0.011733
v 2.146944 0.368804 0.012700
v 1.406388 -0.375256 0.012456
v 1.404636 -0.373504 0.012700
v 2.148696 0.367052 0.012456
v -0.369915 0.358998 -0.012456
v -0.364960 0.358998 -0.012456
v -0.367437 0.358998 -0.012700
v -0.372297 0.358998 -0.011733
v -0.362577 0.358998 -0.011733
v -0.374493 0.358998 -0.010560
v -0.360382 0.358998 -0.010560
v -0.358457 0.358998 -0.008980
v -0.376418 0.358998 -0.008980
v -0.356878 0.358998 -0.007056
v -0.377997 0.358998 -0.007056
v -0.355704 0.358998 -0.004860
v -0.379171 0.358998 -0.004860
v -0.354981 0.358998 -0.002478
v -0.379893 0.358998 -0.002478
v -0.354737 0.358998 0.000000
v -0.380137 0.358998 0.000000
v -0.354981 0.358998 0.002478
v -0.379893 0.358998 0.002478
v -0.355704 0.358998 0.004860
v -0.379171 0.358998 0.004860
v -0.356878 0.358998 0.007056
v -0.377997 0.358998 0.007056
v -0.358457 0.358998 0.008980
v -0.376418 0.358998 0.008980
v -0.360382 0.358998 0.010560
v -0.374493 0.358998 0.010560
v -0.372297 0.358998 0.011733
v -0.362577 0.358998 0.011733
v -0.364960 0.358998 0.012456
v -0.369915 0.358998 0.012456
v -0.367437 0.358998 0.012700
v -0.364960 1.408781 -0.012456
v -0.369915 1.408780 -0.012456
v -0.367437 1.408781 -0.012700
v -0.372297 1.408781 -0.011733
v -0.362577 1.408781 -0.011733
v -0.374493 1.408781 -0.010560
v -0.360381 1.408780 -0.010560
v -0.358457 1.408781 -0.008980
v -0.376417 1.408781 -0.008980
v -0.377997 1.408781 -0.007056
v -0.356877 1.408781 -0.007056
v -0.355704 1.408781 -0.004860
v -0.379170 1.408780 -0.004860
v -0.354981 1.408781 -0.002478
v -0.379893 1.408781 -0.002478
v -0.380137 1.408781 -0.000000
v -0.354737 1.408781 -0.000000
v -0.354981 1.408781 0.002478
v -0.379893 1.408781 0.002478
v -0.355704 1.408781 0.004860
v -0.379170 1.408780 0.004860
v -0.377997 1.408781 0.007056
v -0.356877 1.408781 0.007056
v -0.358457 1.408781 0.008980
v -0.376417 1.408781 0.008980
v -0.374493 1.408781 0.010560
v -0.360381 1.408780 0.010560
v -0.362577 1.408781 0.011733
v -0.372297 1.408781 0.011733
v -0.364960 1.408781 0.012456
v -0.369915 1.408780 0.012456
v -0.367437 1.408781 0.012700
v 2.141466 0.353341 -0.012456
v 2.146422 0.353341 -0.012456
v 2.143944 0.353341 -0.012700
v 2.148804 0.353341 -0.011733
v 2.139084 0.353341 -0.011733
v 2.136888 0.353341 -0.010560
v 2.151000 0.353340 -0.010560
v 2.152924 0.353341 -0.008980
v 2.134964 0.353341 -0.008980
v 2.154504 0.353341 -0.007056
v 2.133384 0.353341 -0.007056
v 2.132211 0.353341 -0.004860
v 2.155677 0.353341 -0.004860
v 2.156400 0.353341 -0.002478
v 2.131488 0.353341 -0.002478
v 2.156644 0.353341 0.000000
v 2.131244 0.353341 0.000000
v 2.156400 0.353341 0.002478
v 2.131488 0.353341 0.002478
v 2.132211 0.353341 0.004860
v 2.155677 0.353341 0.004860
v 2.154504 0.353341 0.007056
v 2.133384 0.353341 0.007056
v 2.152924 0.353341 0.008980
v 2.134964 0.353341 0.008980
v 2.151000 0.353340 0.010560
v 2.136888 0.353341 0.010560
v 2.139084 0.353341 0.011733
v 2.148804 0.353341 0.011733
v 2.141466 0.353341 0.012456
v 2.146422 0.353341 0.012456
v 2.143944 0.353341 0.012700
v 2.146422 1.403123 -0.012456
v 2.141467 1.403123 -0.012456
v 2.143944 1.403123 -0.012700
v 2.139084 1.403123 -0.011733
v 2.148804 1.403123 -0.011733
v 2.136888 1.403123 -0.010560
v 2.151000 1.403123 -0.010560
v 2.152924 1.403123 -0.008980
v 2.134964 1.403123 -0.008980
v 2.154504 1.403123 -0.007056
v 2.133385 1.403123 -0.007056
v 2.155677 1.403123 -0.004860
v 2.132211 1.403123 -0.004860
v 2.131488 1.403123 -0.002478
v 2.156400 1.403123 -0.002478
v 2.156644 1.403123 0.000000
v 2.131244 1.403123 0.000000
v 2.156400 1.403123 0.002478
v 2.131488 1.403123 0.002478
v 2.155677 1.403123 0.004860
v 2.132211 1.403123 0.004860
v 2.133385 1.403123 0.007056
v 2.154504 1.403123 0.007056
v 2.152924 1.403123 0.008980
v 2.134964 1.403123 0.008980
v 2.151000 1.403123 0.010560
v 2.136888 1.403123 0.010560
v 2.139084 1.403123 0.011733
v 2.148804 1.403123 0.011733
v 2.146422 1.403123 0.012456
v 2.141467 1.403123 0.012456
v 2.143944 1.403123 0.012700
v 0.373240 2.137832 -0.012456
v 0.369737 2.141336 -0.012456
v 0.371488 2.139584 -0.012700
v 0.374925 2.136148 -0.011733
v 0.368052 2.143021 -0.011733
v 0.366499 2.144573 -0.010560
v 0.376478 2.134595 -0.010560
v 0.377838 2.133234 -0.008980
v 0.365138 2.145934 -0.008980
v 0.378955 2.132117 -0.007056
v 0.364022 2.147051 -0.007056
v 0.379785 2.131288 -0.004860
v 0.363192 2.147881 -0.004860
v 0.380296 2.130777 -0.002478
v 0.362681 2.148392 -0.002478
v 0.380469 2.130604 0.000000
v 0.362508 2.148564 0.000000
v 0.380296 2.130777 0.002478
v 0.362681 2.148392 0.002478
v 0.379785 2.131288 0.004860
v 0.363192 2.147881 0.004860
v 0.378955 2.132117 0.007056
v 0.364022 2.147051 0.007056
v 0.377838 2.133234 0.008980
v 0.365138 2.145934 0.008980
v 0.376478 2.134595 0.010560
v 0.366499 2.144573 0.010560
v 0.374925 2.136148 0.011733
v 0.368052 2.143021 0.011733
v 0.369737 2.141336 0.012456
v 0.373240 2.137832 0.012456
v 0.371488 2.139584 0.012700
v -0.369068 1.395524 0.012456
v -0.372572 1.399028 0.012456
v -0.370820 1.397276 0.012700
v -0.374256 1.400713 0.011733
v -0.367383 1.393840 0.011733
v -0.375809 1.402265 0.010560
v -0.365830 1.392287 0.010560
v -0.377170 1.403626 0.008980
v -0.364470 1.390926 0.008980
v -0.378286 1.404743 0.007056
v -0.363353 1.389809 0.007056
v -0.379116 1.405573 0.004860
v -0.362523 1.388980 0.004860
v -0.379627 1.406084 0.002478
v -0.362012 1.388469 0.002478
v -0.379800 1.406257 -0.000000
v -0.361839 1.388296 -0.000000
v -0.379627 1.406084 -0.002478
v -0.362012 1.388469 -0.002478
v -0.379116 1.405573 -0.004860
v -0.362523 1.388980 -0.004860
v -0.378286 1.404743 -0.007056
v -0.363353 1.389809 -0.007056
v -0.377170 1.403626 -0.008980
v -0.364470 1.390926 -0.008980
v -0.375809 1.402265 -0.010560
v -0.365830 1.392287 -0.010560
v -0.367383 1.393840 -0.011733
v -0.374256 1.400713 -0.011733
v -0.372572 1.399028 -0.012456
v -0.369068 1.395524 -0.012456
v -0.370820 1.397276 -0.012700
v 1.413270 2.132713 -0.012456
v 1.413270 2.137668 -0.012456
v 1.413270 2.135191 -0.012700
v 1.413270 2.130331 -0.011733
v 1.413270 2.140051 -0.011733
v 1.413270 2.142246 -0.010560
v 1.413270 2.128135 -0.010560
v 1.413270 2.126210 -0.008980
v 1.413270 2.144171 -0.008980
v 1.413270 2.145750 -0.007056
v 1.413270 2.124631 -0.007056
v 1.413270 2.146924 -0.004860
v 1.413270 2.123457 -0.004860
v 1.413270 2.122735 -0.002478
v 1.413270 2.147647 -0.002478
v 1.413270 2.147891 0.000000
v 1.413270 2.122491 0.000000
v 1.413270 2.147647 0.002478
v 1.413270 2.122735 0.002478
v 1.413270 2.123457 0.004860
v 1.413270 2.146924 0.004860
v 1.413270 2.145750 0.007056
v 1.413270 2.124631 0.007056
v 1.413270 2.144171 0.008980
v 1.413270 2.126210 0.008980
v 1.413270 2.142246 0.010560
v 1.413270 2.128135 0.010560
v 1.413270 2.130331 0.011733
v 1.413270 2.140051 0.011733
v 1.413270 2.137668 0.012456
v 1.413270 2.132713 0.012456
v 1.413270 2.135191 0.012700
v 0.363488 2.137668 -0.012456
v 0.363487 2.132713 -0.012456
v 0.363488 2.135191 -0.012700
v 0.363488 2.130331 -0.011733
v 0.363488 2.140051 -0.011733
v 0.363488 2.142246 -0.010560
v 0.363488 2.128135 -0.010560
v 0.363488 2.126210 -0.008980
v 0.363488 2.144171 -0.008980
v 0.363488 2.124631 -0.007056
v 0.363488 2.145750 -0.007056
v 0.363488 2.123457 -0.004860
v 0.363488 2.146924 -0.004860
v 0.363488 2.122735 -0.002478
v 0.363488 2.147646 -0.002478
v 0.363488 2.147891 -0.000000
v 0.363488 2.122491 -0.000000
v 0.363488 2.147646 0.002478
v 0.363488 2.122735 0.002478
v 0.363488 2.123457 0.004860
v 0.363488 2.146924 0.004860
v 0.363488 2.124631 0.007056
v 0.363488 2.145750 0.007056
v 0.363488 2.126210 0.008980
v 0.363488 2.144171 0.008980
v 0.363488 2.142246 0.010560
v 0.363488 2.128135 0.010560
v 0.363488 2.130331 0.011733
v 0.363488 2.140051 0.011733
v 0.363487 2.132713 0.012456
v 0.363488 2.137668 0.012456
v 0.363488 2.135191 0.012700
v 0.362855 -0.371588 0.012456
v 0.362855 -0.366633 0.012456
v 0.362855 -0.369110 0.012700
v 0.362855 -0.364250 0.011733
v 0.362855 -0.373970 0.011733
v 0.362855 -0.362055 0.010560
v 0.362855 -0.376166 0.010560
v 0.362855 -0.378091 0.008980
v 0.362855 -0.360130 0.008980
v 0.362855 -0.379670 0.007056
v 0.362855 -0.358551 0.007056
v 0.362855 -0.357377 0.004860
v 0.362855 -0.380844 0.004860
v 0.362855 -0.381566 0.002478
v 0.362855 -0.356654 0.002478
v 0.362855 -0.381810 0.000000
v 0.362855 -0.356410 0.000000
v 0.362855 -0.381566 -0.002478
v 0.362855 -0.356654 -0.002478
v 0.362855 -0.380844 -0.004860
v 0.362855 -0.357377 -0.004860
v 0.362855 -0.358551 -0.007056
v 0.362855 -0.379670 -0.007056
v 0.362855 -0.378091 -0.008980
v 0.362855 -0.360130 -0.008980
v 0.362855 -0.376166 -0.010560
v 0.362855 -0.362055 -0.010560
v 0.362855 -0.364250 -0.011733
v 0.362855 -0.373970 -0.011733
v 0.362855 -0.366633 -0.012456
v 0.362855 -0.371588 -0.012456
v 0.362855 -0.369110 -0.012700
v 1.412637 -0.366633 0.012456
v 1.412637 -0.371588 0.012456
v 1.412637 -0.369110 0.012700
v 1.412637 -0.364250 0.011733
v 1.412637 -0.373970 0.011733
v 1.412637 -0.362055 0.010560
v 1.412637 -0.376166 0.010560
v 1.412637 -0.378091 0.008980
v 1.412637 -0.360130 0.008980
v 1.412637 -0.358551 0.007056
v 1.412637 -0.379670 0.007056
v 1.412637 -0.380844 0.004860
v 1.412637 -0.357377 0.004860
v 1.412637 -0.381566 0.002478
v 1.412637 -0.356654 0.002478
v 1.412637 -0.381810 0.000000
v 1.412637 -0.356410 -0.000000
v 1.412637 -0.381566 -0.002478
v 1.412637 -0.356654 -0.002478
v 1.412637 -0.380844 -0.004860
v 1.412637 -0.357377 -0.004860
v 1.412637 -0.379670 -0.007056
v 1.412637 -0.358551 -0.007056
v 1.412637 -0.360130 -0.008980
v 1.412637 -0.378091 -0.008980
v 1.412637 -0.376166 -0.010560
v 1.412637 -0.362055 -0.010560
v 1.412637 -0.364250 -0.011733
v 1.412637 -0.373970 -0.011733
v 1.412637 -0.366633 -0.012456
v 1.412637 -0.371588 -0.012456
v 1.412637 -0.369110 -0.012700
v 1.406388 -0.375256 0.012456
v 1.402884 -0.371752 0.012456
v 1.404636 -0.373504 0.012700
v 1.408072 -0.376940 0.011733
v 1.401199 -0.370067 0.011733
v 1.399647 -0.368515 0.010560
v 1.409625 -0.378493 0.010560
v 1.410986 -0.379854 0.008980
v 1.398286 -0.367154 0.008980
v 1.397169 -0.366037 0.007056
v 1.412103 -0.380971 0.007056
v 1.396339 -0.365207 0.004860
v 1.412932 -0.381800 0.004860
v 1.413443 -0.382311 0.002478
v 1.395828 -0.364696 0.002478
v 1.413616 -0.382484 0.000000
v 1.395656 -0.364524 0.000000
v 1.413443 -0.382311 -0.002478
v 1.395828 -0.364696 -0.002478
v 1.412932 -0.381800 -0.004860
v 1.396339 -0.365207 -0.004860
v 1.397169 -0.366037 -0.007056
v 1.412103 -0.380971 -0.007056
v 1.398286 -0.367154 -0.008980
v 1.410986 -0.379854 -0.008980
v 1.399647 -0.368515 -0.010560
v 1.409625 -0.378493 -0.010560
v 1.408072 -0.376940 -0.011733
v 1.401199 -0.370067 -0.011733
v 1.402884 -0.371752 -0.012456
v 1.406388 -0.375256 -0.012456
v 1.404636 -0.373504 -0.012700
v 2.148696 0.367052 -0.012456
v 2.145192 0.370556 -0.012456
v 2.146944 0.368804 -0.012700
v 2.143507 0.372241 -0.011733
v 2.150381 0.365367 -0.011733
v 2.141955 0.373793 -0.010560
v 2.151933 0.363815 -0.010560
v 2.153294 0.362454 -0.008980
v 2.140594 0.375154 -0.008980
v 2.139477 0.376271 -0.007056
v 2.154411 0.361337 -0.007056
v 2.138647 0.377101 -0.004860
v 2.155241 0.360507 -0.004860
v 2.138136 0.377612 -0.002478
v 2.155752 0.359996 -0.002478
v 2.137964 0.377784 0.000000
v 2.155924 0.359824 0.000000
v 2.138136 0.377612 0.002478
v 2.155752 0.359996 0.002478
v 2.138647 0.377101 0.004860
v 2.155241 0.360507 0.004860
v 2.139477 0.376271 0.007056
v 2.154411 0.361337 0.007056
v 2.140594 0.375154 0.008980
v 2.153294 0.362454 0.008980
v 2.141955 0.373793 0.010560
v 2.151933 0.363815 0.010560
v 2.150381 0.365367 0.011733
v 2.143507 0.372241 0.011733
v 2.145192 0.370556 0.012456
v 2.148696 0.367052 0.012456
v 2.146944 0.368804 0.012700
v 0.377504 -0.364804 0.008980
v 0.374591 -0.367717 0.011733
v 0.376143 -0.366165 0.010560
v 0.372906 -0.369402 0.012456
v 0.379451 -0.362857 0.004860
v 0.378621 -0.363687 0.007056
v 0.379962 -0.362346 0.002478
v 0.379962 -0.362346 -0.002478
v 0.380134 -0.362174 0.000000
v 0.369402 -0.372906 0.012456
v 0.371154 -0.371154 0.012700
v 0.372906 -0.369402 -0.012456
v 0.377504 -0.364804 -0.008980
v 0.379451 -0.362857 -0.004860
v 0.378621 -0.363687 -0.007056
v 0.374591 -0.367717 -0.011733
v 0.376143 -0.366165 -0.010560
v 0.369402 -0.372906 -0.012456
v 0.371154 -0.371154 -0.012700
v 0.362346 -0.379962 -0.002478
v 0.364804 -0.377504 -0.008980
v 0.367717 -0.374591 -0.011733
v 0.366165 -0.376143 -0.010560
v 0.362857 -0.379451 -0.004860
v 0.363687 -0.378621 -0.007056
v 0.362346 -0.379962 0.002478
v 0.362174 -0.380134 0.000000
v 0.364804 -0.377504 0.008980
v 0.362857 -0.379451 0.004860
v 0.363687 -0.378621 0.007056
v 0.367717 -0.374591 0.011733
v 0.366165 -0.376143 0.010560
v -0.377504 0.364804 0.008980
v -0.374591 0.367717 0.011733
v -0.376143 0.366165 0.010560
v -0.372906 0.369402 0.012456
v -0.379451 0.362857 0.004860
v -0.378621 0.363687 0.007056
v -0.379962 0.362346 0.002478
v -0.379962 0.362346 -0.002478
v -0.380134 0.362174 -0.000000
v -0.369402 0.372906 0.012456
v -0.371154 0.371154 0.012700
v -0.372906 0.369402 -0.012456
v -0.362346 0.379962 0.002478
v -0.377504 0.364804 -0.008980
v -0.379451 0.362857 -0.004860
v -0.378621 0.363687 -0.007056
v -0.374591 0.367717 -0.011733
v -0.376143 0.366165 -0.010560
v -0.369402 0.372906 -0.012456
v -0.371154 0.371154 -0.012700
v -0.362346 0.379962 -0.002478
v -0.362174 0.380134 -0.000000
v -0.364804 0.377504 -0.008980
v -0.367717 0.374591 -0.011733
v -0.366165 0.376143 -0.010560
v -0.362857 0.379451 -0.004860
v -0.363687 0.378621 -0.007056
v -0.364804 0.377504 0.008980
v -0.367717 0.374591 0.011733
v -0.366165 0.376143 0.010560
v -0.362857 0.379451 0.004860
v -0.363687 0.378621 0.007056
v 1.409959 2.142224 -0.010560
v 1.406722 2.138986 -0.012456
v 1.408407 2.140671 -0.011733
v 1.404970 2.137234 -0.012700
v 1.403218 2.135482 -0.012456
v 1.401534 2.133798 -0.011733
v 1.411320 2.143584 -0.008980
v 1.398620 2.130884 -0.008980
v 1.399981 2.132245 -0.010560
v 1.411320 2.143584 0.008980
v 1.408407 2.140671 0.011733
v 1.409960 2.142224 0.010560
v 1.406722 2.138986 0.012456
v 1.404970 2.137234 0.012700
v 1.403218 2.135482 0.012456
v 1.401534 2.133798 0.011733
v 1.398620 2.130884 0.008980
v 1.399981 2.132245 0.010560
v 1.395990 2.128254 0.000000
v 1.397504 2.129768 0.007056
v 1.397504 2.129768 -0.007056
v 1.396674 2.128938 0.004860
v 1.396163 2.128427 0.002478
v 1.396674 2.128938 -0.004860
v 1.396163 2.128427 -0.002478
v 1.413951 2.146215 0.000000
v 1.412437 2.144701 0.007056
v 1.412437 2.144701 -0.007056
v 1.413267 2.145531 0.004860
v 1.413778 2.146042 0.002478
v 1.413267 2.145531 -0.004860
v 1.413778 2.146042 -0.002478
v 2.145526 1.393174 0.012456
v 2.142289 1.389937 0.010560
v 2.143842 1.391490 0.011733
v 2.147278 1.394926 0.012700
v 2.149030 1.396678 0.012456
v 2.150715 1.398363 0.011733
v 2.140928 1.388577 0.008980
v 2.153628 1.401276 0.008980
v 2.152267 1.399915 0.010560
v 2.140928 1.388577 -0.008980
v 2.143842 1.391490 -0.011733
v 2.142289 1.389937 -0.010560
v 2.145526 1.393174 -0.012456
v 2.147278 1.394926 -0.012700
v 2.149030 1.396678 -0.012456
v 2.150715 1.398363 -0.011733
v 2.153628 1.401276 -0.008980
v 2.152267 1.399915 -0.010560
v 2.156259 1.403907 0.000000
v 2.154745 1.402393 -0.007056
v 2.154745 1.402393 0.007056
v 2.155575 1.403223 -0.004860
v 2.156086 1.403734 -0.002478
v 2.155575 1.403223 0.004860
v 2.156086 1.403734 0.002478
v 2.138298 1.385946 0.000000
v 2.139811 1.387460 0.007056
v 2.139811 1.387460 -0.007056
v 2.138982 1.386630 0.004860
v 2.138470 1.386119 0.002478
v 2.138982 1.386630 -0.004860
v 2.138470 1.386119 -0.002478
vt 0.968750 0.999969
vt 1.000000 0.500000
vt 1.000000 0.999969
vt 0.968750 0.500000
vt 0.937500 0.999969
vt 0.968750 0.500000
vt 0.968750 0.999969
vt 0.937500 0.500000
vt 0.906250 0.999969
vt 0.937500 0.500000
vt 0.937500 0.999969
vt 0.906250 0.500000
vt 0.875000 0.999969
vt 0.906250 0.500000
vt 0.906250 0.999969
vt 0.875000 0.500000
vt 0.843750 0.999969
vt 0.875000 0.500000
vt 0.875000 0.999969
vt 0.843750 0.500000
vt 0.812500 0.999969
vt 0.843750 0.500000
vt 0.843750 0.999969
vt 0.812500 0.500000
vt 0.781250 0.999969
vt 0.812500 0.500000
vt 0.812500 0.999969
vt 0.781250 0.500000
vt 0.750000 0.999969
vt 0.781250 0.500000
vt 0.781250 0.999969
vt 0.750000 0.500000
vt 0.718750 0.999969
vt 0.750000 0.500000
vt 0.750000 0.999969
vt 0.718750 0.500000
vt 0.687500 0.999969
vt 0.718750 0.500000
vt 0.718750 0.999969
vt 0.687500 0.500000
vt 0.656250 0.999969
vt 0.687500 0.500000
vt 0.687500 0.999969
vt 0.656250 0.500000
vt 0.625000 0.999969
vt 0.656250 0.500000
vt 0.656250 0.999969
vt 0.625000 0.500000
vt 0.593750 0.999969
vt 0.625000 0.500000
vt 0.625000 0.999969
vt 0.593750 0.500000
vt 0.562500 0.999969
vt 0.593750 0.500000
vt 0.593750 0.999969
vt 0.562500 0.500000
vt 0.531250 0.999969
vt 0.562500 0.500000
vt 0.562500 0.999969
vt 0.531250 0.500000
vt 0.500000 0.999969
vt 0.531250 0.500000
vt 0.531250 0.999969
vt 0.500000 0.500000
vt 0.468750 0.999969
vt 0.500000 0.500000
vt 0.500000 0.999969
vt 0.468750 0.500000
vt 0.437500 0.999969
vt 0.468750 0.500000
vt 0.468750 0.999969
vt 0.437500 0.500000
vt 0.406250 0.999969
vt 0.437500 0.500000
vt 0.437500 0.999969
vt 0.406250 0.500000
vt 0.375000 0.999969
vt 0.406250 0.500000
vt 0.406250 0.999969
vt 0.375000 0.500000
vt 0.343750 0.999969
vt 0.375000 0.500000
vt 0.375000 0.999969
vt 0.343750 0.500000
vt 0.312500 0.999969
vt 0.343750 0.500000
vt 0.343750 0.999969
vt 0.312500 0.500000
vt 0.281250 0.999969
vt 0.312500 0.500000
vt 0.312500 0.999969
vt 0.281250 0.500000
vt 0.250000 0.999969
vt 0.281250 0.500000
vt 0.281250 0.999969
vt 0.250000 0.500000
vt 0.218750 0.999969
vt 0.250000 0.500000
vt 0.250000 0.999969
vt 0.218750 0.500000
vt 0.187500 0.999969
vt 0.218750 0.500000
vt 0.218750 0.999969
vt 0.187500 0.500000
vt 0.156250 0.999969
vt 0.187500 0.500000
vt 0.187500 0.999969
vt 0.156250 0.500000
vt 0.125000 0.999969
vt 0.156250 0.500000
vt 0.156250 0.999969
vt 0.125000 0.500000
vt 0.093750 0.999969
vt 0.125000 0.500000
vt 0.125000 0.999969
vt 0.093750 0.500000
vt 0.062500 0.999969
vt 0.093750 0.500000
vt 0.093750 0.999969
vt 0.062500 0.500000
vt 0.031250 0.999969
vt 0.062500 0.500000
vt 0.062500 0.999969
vt 0.031250 0.500000
vt 0.000031 0.999969
vt 0.031250 0.500000
vt 0.031250 0.999969
vt 0.000031 0.500000
vt 0.968750 0.999969
vt 0.968750 0.500000
vt 1.000000 0.500000
vt 1.000000 0.999969
vt 0.937500 0.999969
vt 0.937500 0.500000
vt 0.968750 0.500000
vt 0.968750 0.999969
vt 0.906250 0.999969
vt 0.906250 0.500000
vt 0.937500 0.500000
vt 0.937500 0.999969
vt 0.875000 0.999969
vt 0.875000 0.500000
vt 0.906250 0.500000
vt 0.906250 0.999969
vt 0.843750 0.999969
vt 0.843750 0.500000
vt 0.875000 0.500000
vt 0.875000 0.999969
vt 0.812500 0.999969
vt 0.812500 0.500000
vt 0.843750 0.500000
vt 0.843750 0.999969
vt 0.781250 0.999969
vt 0.781250 0.500000
vt 0.812500 0.500000
vt 0.812500 0.999969
vt 0.750000 0.999969
vt 0.750000 0.500000
vt 0.781250 0.500000
vt 0.781250 0.999969
vt 0.718750 0.500000
vt 0.750000 0.999969
vt 0.718750 0.999969
vt 0.750000 0.500000
vt 0.687500 0.500000
vt 0.718750 0.999969
vt 0.687500 0.999969
vt 0.718750 0.500000
vt 0.656250 0.500000
vt 0.687500 0.999969
vt 0.656250 0.999969
vt 0.687500 0.500000
vt 0.625000 0.500000
vt 0.656250 0.999969
vt 0.625000 0.999969
vt 0.656250 0.500000
vt 0.593750 0.500000
vt 0.625000 0.999969
vt 0.593750 0.999969
vt 0.625000 0.500000
vt 0.562500 0.500000
vt 0.593750 0.999969
vt 0.562500 0.999969
vt 0.593750 0.500000
vt 0.531250 0.999969
vt 0.531250 0.500000
vt 0.562500 0.999969
vt 0.562500 0.500000
vt 0.531250 0.500000
vt 0.531250 0.999969
vt 0.500000 0.500000
vt 0.500000 0.999969
vt 0.500000 0.500000
vt 0.500000 0.999969
vt 0.468750 0.500000
vt 0.468750 0.999969
vt 0.437500 0.999969
vt 0.437500 0.500000
vt 0.468750 0.999969
vt 0.468750 0.500000
vt 0.406250 0.500000
vt 0.437500 0.999969
vt 0.406250 0.999969
vt 0.437500 0.500000
vt 0.375000 0.500000
vt 0.406250 0.999969
vt 0.375000 0.999969
vt 0.406250 0.500000
vt 0.343750 0.500000
vt 0.375000 0.999969
vt 0.343750 0.999969
vt 0.375000 0.500000
vt 0.312500 0.500000
vt 0.343750 0.999969
vt 0.312500 0.999969
vt 0.343750 0.500000
vt 0.281250 0.500000
vt 0.312500 0.999969
vt 0.281250 0.999969
vt 0.312500 0.500000
vt 0.250000 0.500000
vt 0.281250 0.999969
vt 0.250000 0.999969
vt 0.281250 0.500000
vt 0.218750 0.999969
vt 0.218750 0.500000
vt 0.250000 0.500000
vt 0.250000 0.999969
vt 0.187500 0.999969
vt 0.187500 0.500000
vt 0.218750 0.500000
vt 0.218750 0.999969
vt 0.156250 0.999969
vt 0.156250 0.500000
vt 0.187500 0.500000
vt 0.187500 0.999969
vt 0.125000 0.999969
vt 0.125000 0.500000
vt 0.156250 0.500000
vt 0.156250 0.999969
vt 0.093750 0.999969
vt 0.093750 0.500000
vt 0.125000 0.500000
vt 0.125000 0.999969
vt 0.062500 0.999969
vt 0.062500 0.500000
vt 0.093750 0.500000
vt 0.093750 0.999969
vt 0.031250 0.999969
vt 0.031250 0.500000
vt 0.062500 0.500000
vt 0.062500 0.999969
vt 0.000031 0.999969
vt 0.000031 0.500000
vt 0.031250 0.500000
vt 0.031250 0.999969
vt 0.968750 0.999969
vt 0.968750 0.500000
vt 1.000000 0.500000
vt 1.000000 0.999969
vt 0.937500 0.999969
vt 0.937500 0.500000
vt 0.968750 0.500000
vt 0.968750 0.999969
vt 0.906250 0.999969
vt 0.906250 0.500000
vt 0.937500 0.500000
vt 0.937500 0.999969
vt 0.875000 0.999969
vt 0.875000 0.500000
vt 0.906250 0.500000
vt 0.906250 0.999969
vt 0.843750 0.999969
vt 0.843750 0.500000
vt 0.875000 0.500000
vt 0.875000 0.999969
vt 0.812500 0.999969
vt 0.812500 0.500000
vt 0.843750 0.500000
vt 0.843750 0.999969
vt 0.781250 0.999969
vt 0.781250 0.500000
vt 0.812500 0.500000
vt 0.812500 0.999969
vt 0.750000 0.999969
vt 0.750000 0.500000
vt 0.781250 0.500000
vt 0.781250 0.999969
vt 0.718750 0.500000
vt 0.750000 0.999969
vt 0.718750 0.999969
vt 0.750000 0.500000
vt 0.687500 0.500000
vt 0.718750 0.999969
vt 0.687500 0.999969
vt 0.718750 0.500000
vt 0.656250 0.500000
vt 0.687500 0.999969
vt 0.656250 0.999969
vt 0.687500 0.500000
vt 0.625000 0.500000
vt 0.656250 0.999969
vt 0.625000 0.999969
vt 0.656250 0.500000
vt 0.593750 0.500000
vt 0.625000 0.999969
vt 0.593750 0.999969
vt 0.625000 0.500000
vt 0.562500 0.500000
vt 0.593750 0.999969
vt 0.562500 0.999969
vt 0.593750 0.500000
vt 0.531250 0.999969
vt 0.531250 0.500000
vt 0.562500 0.999969
vt 0.562500 0.500000
vt 0.531250 0.500000
vt 0.531250 0.999969
vt 0.500000 0.500000
vt 0.500000 0.999969
vt 0.500000 0.500000
vt 0.500000 0.999969
vt 0.468750 0.500000
vt 0.468750 0.999969
vt 0.437500 0.999969
vt 0.437500 0.500000
vt 0.468750 0.999969
vt 0.468750 0.500000
vt 0.406250 0.500000
vt 0.437500 0.999969
vt 0.406250 0.999969
vt 0.437500 0.500000
vt 0.375000 0.500000
vt 0.406250 0.999969
vt 0.375000 0.999969
vt 0.406250 0.500000
vt 0.343750 0.500000
vt 0.375000 0.999969
vt 0.343750 0.999969
vt 0.375000 0.500000
vt 0.312500 0.500000
vt 0.343750 0.999969
vt 0.312500 0.999969
vt 0.343750 0.500000
vt 0.281250 0.500000
vt 0.312500 0.999969
vt 0.281250 0.999969
vt 0.312500 0.500000
vt 0.250000 0.500000
vt 0.281250 0.999969
vt 0.250000 0.999969
vt 0.281250 0.500000
vt 0.218750 0.999969
vt 0.218750 0.500000
vt 0.250000 0.500000
vt 0.250000 0.999969
vt 0.187500 0.999969
vt 0.187500 0.500000
vt 0.218750 0.500000
vt 0.218750 0.999969
vt 0.156250 0.999969
vt 0.156250 0.500000
vt 0.187500 0.500000
vt 0.187500 0.999969
vt 0.125000 0.999969
vt 0.125000 0.500000
vt 0.156250 0.500000
vt 0.156250 0.999969
vt 0.093750 0.999969
vt 0.093750 0.500000
vt 0.125000 0.500000
vt 0.125000 0.999969
vt 0.062500 0.999969
vt 0.062500 0.500000
vt 0.093750 0.500000
vt 0.093750 0.999969
vt 0.031250 0.999969
vt 0.031250 0.500000
vt 0.062500 0.500000
vt 0.062500 0.999969
vt 0.000031 0.999969
vt 0.000031 0.500000
vt 0.031250 0.500000
vt 0.031250 0.999969
vt 1.000000 0.500000
vt 1.000000 0.999969
vt 0.968750 0.999969
vt 0.968750 0.500000
vt 0.968750 0.500000
vt 0.968750 0.999969
vt 0.937500 0.999969
vt 0.937500 0.500000
vt 0.937500 0.500000
vt 0.937500 0.999969
vt 0.906250 0.999969
vt 0.906250 0.500000
vt 0.906250 0.500000
vt 0.906250 0.999969
vt 0.875000 0.999969
vt 0.875000 0.500000
vt 0.875000 0.500000
vt 0.875000 0.999969
vt 0.843750 0.999969
vt 0.843750 0.500000
vt 0.843750 0.500000
vt 0.843750 0.999969
vt 0.812500 0.999969
vt 0.812500 0.500000
vt 0.812500 0.500000
vt 0.812500 0.999969
vt 0.781250 0.999969
vt 0.781250 0.500000
vt 0.781250 0.500000
vt 0.781250 0.999969
vt 0.750000 0.999969
vt 0.750000 0.500000
vt 0.750000 0.500000
vt 0.750000 0.999969
vt 0.718750 0.999969
vt 0.718750 0.500000
vt 0.718750 0.500000
vt 0.718750 0.999969
vt 0.687500 0.999969
vt 0.687500 0.500000
vt 0.687500 0.500000
vt 0.687500 0.999969
vt 0.656250 0.999969
vt 0.656250 0.500000
vt 0.656250 0.500000
vt 0.656250 0.999969
vt 0.625000 0.999969
vt 0.625000 0.500000
vt 0.625000 0.500000
vt 0.625000 0.999969
vt 0.593750 0.999969
vt 0.593750 0.500000
vt 0.593750 0.500000
vt 0.593750 0.999969
vt 0.562500 0.999969
vt 0.562500 0.500000
vt 0.562500 0.500000
vt 0.562500 0.999969
vt 0.531250 0.999969
vt 0.531250 0.500000
vt 0.531250 0.500000
vt 0.531250 0.999969
vt 0.500000 0.999969
vt 0.500000 0.500000
vt 0.500000 0.999969
vt 0.468750 0.500000
vt 0.500000 0.500000
vt 0.468750 0.999969
vt 0.468750 0.999969
vt 0.437500 0.500000
vt 0.468750 0.500000
vt 0.437500 0.999969
vt 0.437500 0.999969
vt 0.406250 0.500000
vt 0.437500 0.500000
vt 0.406250 0.999969
vt 0.406250 0.999969
vt 0.375000 0.500000
vt 0.406250 0.500000
vt 0.375000 0.999969
vt 0.375000 0.999969
vt 0.343750 0.500000
vt 0.375000 0.500000
vt 0.343750 0.999969
vt 0.343750 0.999969
vt 0.312500 0.500000
vt 0.343750 0.500000
vt 0.312500 0.999969
vt 0.312500 0.999969
vt 0.281250 0.500000
vt 0.312500 0.500000
vt 0.281250 0.999969
vt 0.281250 0.999969
vt 0.250000 0.500000
vt 0.281250 0.500000
vt 0.250000 0.999969
vt 0.250000 0.999969
vt 0.218750 0.500000
vt 0.250000 0.500000
vt 0.218750 0.999969
vt 0.218750 0.999969
vt 0.187500 0.500000
vt 0.218750 0.500000
vt 0.187500 0.999969
vt 0.187500 0.999969
vt 0.156250 0.500000
vt 0.187500 0.500000
vt 0.156250 0.999969
vt 0.156250 0.999969
vt 0.125000 0.500000
vt 0.156250 0.500000
vt 0.125000 0.999969
vt 0.125000 0.999969
vt 0.093750 0.500000
vt 0.125000 0.500000
vt 0.093750 0.999969
vt 0.093750 0.999969
vt 0.062500 0.500000
vt 0.093750 0.500000
vt 0.062500 0.999969
vt 0.062500 0.999969
vt 0.031250 0.500000
vt 0.062500 0.500000
vt 0.031250 0.999969
vt 0.031250 0.999969
vt 0.000031 0.500000
vt 0.031250 0.500000
vt 0.000031 0.999969
vt 1.000000 0.500000
vt 1.000000 0.999969
vt 0.968750 0.500000
vt 0.968750 0.999969
vt 0.937500 0.500000
vt 0.968750 0.999969
vt 0.937500 0.999969
vt 0.968750 0.500000
vt 0.906250 0.500000
vt 0.937500 0.999969
vt 0.906250 0.999969
vt 0.937500 0.500000
vt 0.906250 0.999969
vt 0.875000 0.500000
vt 0.906250 0.500000
vt 0.875000 0.999969
vt 0.875000 0.999969
vt 0.843750 0.500000
vt 0.875000 0.500000
vt 0.843750 0.999969
vt 0.843750 0.999969
vt 0.812500 0.500000
vt 0.843750 0.500000
vt 0.812500 0.999969
vt 0.812500 0.999969
vt 0.781250 0.500000
vt 0.812500 0.500000
vt 0.781250 0.999969
vt 0.781250 0.999969
vt 0.750000 0.500000
vt 0.781250 0.500000
vt 0.750000 0.999969
vt 0.750000 0.500000
vt 0.750000 0.999969
vt 0.718750 0.999969
vt 0.718750 0.500000
vt 0.718750 0.500000
vt 0.718750 0.999969
vt 0.687500 0.999969
vt 0.687500 0.500000
vt 0.687500 0.500000
vt 0.687500 0.999969
vt 0.656250 0.999969
vt 0.656250 0.500000
vt 0.656250 0.500000
vt 0.656250 0.999969
vt 0.625000 0.999969
vt 0.625000 0.500000
vt 0.625000 0.500000
vt 0.625000 0.999969
vt 0.593750 0.999969
vt 0.593750 0.500000
vt 0.562500 0.999969
vt 0.562500 0.500000
vt 0.593750 0.500000
vt 0.593750 0.999969
vt 0.531250 0.999969
vt 0.531250 0.500000
vt 0.562500 0.500000
vt 0.562500 0.999969
vt 0.500000 0.999969
vt 0.500000 0.500000
vt 0.531250 0.500000
vt 0.531250 0.999969
vt 0.468750 0.999969
vt 0.468750 0.500000
vt 0.500000 0.500000
vt 0.500000 0.999969
vt 0.437500 0.999969
vt 0.437500 0.500000
vt 0.468750 0.500000
vt 0.468750 0.999969
vt 0.406250 0.999969
vt 0.406250 0.500000
vt 0.437500 0.500000
vt 0.437500 0.999969
vt 0.406250 0.500000
vt 0.406250 0.999969
vt 0.375000 0.999969
vt 0.375000 0.500000
vt 0.375000 0.500000
vt 0.375000 0.999969
vt 0.343750 0.999969
vt 0.343750 0.500000
vt 0.343750 0.500000
vt 0.343750 0.999969
vt 0.312500 0.999969
vt 0.312500 0.500000
vt 0.312500 0.500000
vt 0.312500 0.999969
vt 0.281250 0.999969
vt 0.281250 0.500000
vt 0.281250 0.500000
vt 0.281250 0.999969
vt 0.250000 0.999969
vt 0.250000 0.500000
vt 0.250000 0.999969
vt 0.218750 0.500000
vt 0.250000 0.500000
vt 0.218750 0.999969
vt 0.218750 0.999969
vt 0.187500 0.500000
vt 0.218750 0.500000
vt 0.187500 0.999969
vt 0.187500 0.999969
vt 0.156250 0.500000
vt 0.187500 0.500000
vt 0.156250 0.999969
vt 0.156250 0.999969
vt 0.125000 0.500000
vt 0.156250 0.500000
vt 0.125000 0.999969
vt 0.125000 0.999969
vt 0.093750 0.500000
vt 0.125000 0.500000
vt 0.093750 0.999969
vt 0.062500 0.500000
vt 0.093750 0.999969
vt 0.062500 0.999969
vt 0.093750 0.500000
vt 0.031250 0.500000
vt 0.062500 0.999969
vt 0.031250 0.999969
vt 0.062500 0.500000
vt 0.031250 0.500000
vt 0.031250 0.999969
vt 0.000031 0.500000
vt 0.000031 0.999969
vt 0.968750 0.999969
vt 0.968750 0.500000
vt 1.000000 0.500000
vt 1.000000 0.999969
vt 0.937500 0.999969
vt 0.937500 0.500000
vt 0.968750 0.500000
vt 0.968750 0.999969
vt 0.906250 0.999969
vt 0.906250 0.500000
vt 0.937500 0.500000
vt 0.937500 0.999969
vt 0.875000 0.999969
vt 0.875000 0.500000
vt 0.906250 0.500000
vt 0.906250 0.999969
vt 0.843750 0.500000
vt 0.875000 0.999969
vt 0.843750 0.999969
vt 0.875000 0.500000
vt 0.812500 0.500000
vt 0.843750 0.999969
vt 0.812500 0.999969
vt 0.843750 0.500000
vt 0.781250 0.500000
vt 0.812500 0.999969
vt 0.781250 0.999969
vt 0.812500 0.500000
vt 0.750000 0.500000
vt 0.781250 0.999969
vt 0.750000 0.999969
vt 0.781250 0.500000
vt 0.718750 0.500000
vt 0.750000 0.999969
vt 0.718750 0.999969
vt 0.750000 0.500000
vt 0.687500 0.500000
vt 0.718750 0.999969
vt 0.687500 0.999969
vt 0.718750 0.500000
vt 0.656250 0.500000
vt 0.687500 0.999969
vt 0.656250 0.999969
vt 0.687500 0.500000
vt 0.625000 0.500000
vt 0.656250 0.999969
vt 0.625000 0.999969
vt 0.656250 0.500000
vt 0.593750 0.500000
vt 0.625000 0.999969
vt 0.593750 0.999969
vt 0.625000 0.500000
vt 0.562500 0.500000
vt 0.593750 0.999969
vt 0.562500 0.999969
vt 0.593750 0.500000
vt 0.531250 0.500000
vt 0.562500 0.999969
vt 0.531250 0.999969
vt 0.562500 0.500000
vt 0.500000 0.500000
vt 0.531250 0.999969
vt 0.500000 0.999969
vt 0.531250 0.500000
vt 0.468750 0.500000
vt 0.500000 0.999969
vt 0.468750 0.999969
vt 0.500000 0.500000
vt 0.437500 0.500000
vt 0.468750 0.999969
vt 0.437500 0.999969
vt 0.468750 0.500000
vt 0.406250 0.500000
vt 0.437500 0.999969
vt 0.406250 0.999969
vt 0.437500 0.500000
vt 0.375000 0.500000
vt 0.406250 0.999969
vt 0.375000 0.999969
vt 0.406250 0.500000
vt 0.343750 0.999969
vt 0.343750 0.500000
vt 0.375000 0.500000
vt 0.375000 0.999969
vt 0.312500 0.999969
vt 0.312500 0.500000
vt 0.343750 0.500000
vt 0.343750 0.999969
vt 0.281250 0.999969
vt 0.281250 0.500000
vt 0.312500 0.500000
vt 0.312500 0.999969
vt 0.250000 0.999969
vt 0.250000 0.500000
vt 0.281250 0.500000
vt 0.281250 0.999969
vt 0.218750 0.999969
vt 0.218750 0.500000
vt 0.250000 0.500000
vt 0.250000 0.999969
vt 0.187500 0.999969
vt 0.187500 0.500000
vt 0.218750 0.500000
vt 0.218750 0.999969
vt 0.156250 0.999969
vt 0.156250 0.500000
vt 0.187500 0.500000
vt 0.187500 0.999969
vt 0.125000 0.999969
vt 0.125000 0.500000
vt 0.156250 0.500000
vt 0.156250 0.999969
vt 0.093750 0.999969
vt 0.093750 0.500000
vt 0.125000 0.500000
vt 0.125000 0.999969
vt 0.062500 0.999969
vt 0.062500 0.500000
vt 0.093750 0.500000
vt 0.093750 0.999969
vt 0.031250 0.999969
vt 0.031250 0.500000
vt 0.062500 0.500000
vt 0.062500 0.999969
vt 0.000031 0.999969
vt 0.000031 0.500000
vt 0.031250 0.500000
vt 0.031250 0.999969
vt 0.968750 0.999969
vt 0.968750 0.500000
vt 1.000000 0.500000
vt 1.000000 0.999969
vt 0.937500 0.999969
vt 0.937500 0.500000
vt 0.968750 0.500000
vt 0.968750 0.999969
vt 0.906250 0.999969
vt 0.906250 0.500000
vt 0.937500 0.500000
vt 0.937500 0.999969
vt 0.875000 0.999969
vt 0.875000 0.500000
vt 0.906250 0.500000
vt 0.906250 0.999969
vt 0.843750 0.999969
vt 0.843750 0.500000
vt 0.875000 0.500000
vt 0.875000 0.999969
vt 0.812500 0.999969
vt 0.812500 0.500000
vt 0.843750 0.500000
vt 0.843750 0.999969
vt 0.781250 0.999969
vt 0.781250 0.500000
vt 0.812500 0.500000
vt 0.812500 0.999969
vt 0.750000 0.999969
vt 0.750000 0.500000
vt 0.781250 0.500000
vt 0.781250 0.999969
vt 0.718750 0.500000
vt 0.750000 0.999969
vt 0.718750 0.999969
vt 0.750000 0.500000
vt 0.687500 0.500000
vt 0.718750 0.999969
vt 0.687500 0.999969
vt 0.718750 0.500000
vt 0.656250 0.500000
vt 0.687500 0.999969
vt 0.656250 0.999969
vt 0.687500 0.500000
vt 0.625000 0.500000
vt 0.656250 0.999969
vt 0.625000 0.999969
vt 0.656250 0.500000
vt 0.593750 0.500000
vt 0.625000 0.999969
vt 0.593750 0.999969
vt 0.625000 0.500000
vt 0.562500 0.500000
vt 0.593750 0.999969
vt 0.562500 0.999969
vt 0.593750 0.500000
vt 0.531250 0.999969
vt 0.531250 0.500000
vt 0.562500 0.999969
vt 0.562500 0.500000
vt 0.531250 0.500000
vt 0.531250 0.999969
vt 0.500000 0.500000
vt 0.500000 0.999969
vt 0.500000 0.500000
vt 0.500000 0.999969
vt 0.468750 0.500000
vt 0.468750 0.999969
vt 0.437500 0.999969
vt 0.437500 0.500000
vt 0.468750 0.999969
vt 0.468750 0.500000
vt 0.406250 0.500000
vt 0.437500 0.999969
vt 0.406250 0.999969
vt 0.437500 0.500000
vt 0.375000 0.500000
vt 0.406250 0.999969
vt 0.375000 0.999969
vt 0.406250 0.500000
vt 0.343750 0.500000
vt 0.375000 0.999969
vt 0.343750 0.999969
vt 0.375000 0.500000
vt 0.312500 0.500000
vt 0.343750 0.999969
vt 0.312500 0.999969
vt 0.343750 0.500000
vt 0.281250 0.500000
vt 0.312500 0.999969
vt 0.281250 0.999969
vt 0.312500 0.500000
vt 0.250000 0.500000
vt 0.281250 0.999969
vt 0.250000 0.999969
vt 0.281250 0.500000
vt 0.218750 0.999969
vt 0.218750 0.500000
vt 0.250000 0.500000
vt 0.250000 0.999969
vt 0.187500 0.999969
vt 0.187500 0.500000
vt 0.218750 0.500000
vt 0.218750 0.999969
vt 0.156250 0.999969
vt 0.156250 0.500000
vt 0.187500 0.500000
vt 0.187500 0.999969
vt 0.125000 0.999969
vt 0.125000 0.500000
vt 0.156250 0.500000
vt 0.156250 0.999969
vt 0.093750 0.999969
vt 0.093750 0.500000
vt 0.125000 0.500000
vt 0.125000 0.999969
vt 0.062500 0.999969
vt 0.062500 0.500000
vt 0.093750 0.500000
vt 0.093750 0.999969
vt 0.031250 0.999969
vt 0.031250 0.500000
vt 0.062500 0.500000
vt 0.062500 0.999969
vt 0.000031 0.999969
vt 0.000031 0.500000
vt 0.031250 0.500000
vt 0.031250 0.999969
vt 0.968750 0.999969
vt 0.968750 0.500000
vt 1.000000 0.500000
vt 1.000000 0.999969
vt 0.937500 0.999969
vt 0.937500 0.500000
vt 0.968750 0.500000
vt 0.968750 0.999969
vt 0.906250 0.999969
vt 0.906250 0.500000
vt 0.937500 0.500000
vt 0.937500 0.999969
vt 0.875000 0.999969
vt 0.875000 0.500000
vt 0.906250 0.500000
vt 0.906250 0.999969
vt 0.843750 0.999969
vt 0.843750 0.500000
vt 0.875000 0.500000
vt 0.875000 0.999969
vt 0.812500 0.999969
vt 0.812500 0.500000
vt 0.843750 0.500000
vt 0.843750 0.999969
vt 0.781250 0.999969
vt 0.781250 0.500000
vt 0.812500 0.500000
vt 0.812500 0.999969
vt 0.750000 0.999969
vt 0.750000 0.500000
vt 0.781250 0.500000
vt 0.781250 0.999969
vt 0.718750 0.999969
vt 0.718750 0.500000
vt 0.750000 0.500000
vt 0.750000 0.999969
vt 0.687500 0.999969
vt 0.687500 0.500000
vt 0.718750 0.500000
vt 0.718750 0.999969
vt 0.656250 0.999969
vt 0.656250 0.500000
vt 0.687500 0.500000
vt 0.687500 0.999969
vt 0.625000 0.999969
vt 0.625000 0.500000
vt 0.656250 0.500000
vt 0.656250 0.999969
vt 0.593750 0.999969
vt 0.593750 0.500000
vt 0.625000 0.500000
vt 0.625000 0.999969
vt 0.562500 0.999969
vt 0.562500 0.500000
vt 0.593750 0.500000
vt 0.593750 0.999969
vt 0.531250 0.999969
vt 0.531250 0.500000
vt 0.562500 0.500000
vt 0.562500 0.999969
vt 0.500000 0.999969
vt 0.500000 0.500000
vt 0.531250 0.500000
vt 0.531250 0.999969
vt 0.468750 0.500000
vt 0.500000 0.999969
vt 0.468750 0.999969
vt 0.500000 0.500000
vt 0.437500 0.500000
vt 0.468750 0.999969
vt 0.437500 0.999969
vt 0.468750 0.500000
vt 0.406250 0.500000
vt 0.437500 0.999969
vt 0.406250 0.999969
vt 0.437500 0.500000
vt 0.375000 0.500000
vt 0.406250 0.999969
vt 0.375000 0.999969
vt 0.406250 0.500000
vt 0.343750 0.500000
vt 0.375000 0.999969
vt 0.343750 0.999969
vt 0.375000 0.500000
vt 0.312500 0.500000
vt 0.343750 0.999969
vt 0.312500 0.999969
vt 0.343750 0.500000
vt 0.281250 0.500000
vt 0.312500 0.999969
vt 0.281250 0.999969
vt 0.312500 0.500000
vt 0.250000 0.500000
vt 0.281250 0.999969
vt 0.250000 0.999969
vt 0.281250 0.500000
vt 0.218750 0.500000
vt 0.250000 0.999969
vt 0.218750 0.999969
vt 0.250000 0.500000
vt 0.187500 0.500000
vt 0.218750 0.999969
vt 0.187500 0.999969
vt 0.218750 0.500000
vt 0.156250 0.500000
vt 0.187500 0.999969
vt 0.156250 0.999969
vt 0.187500 0.500000
vt 0.125000 0.500000
vt 0.156250 0.999969
vt 0.125000 0.999969
vt 0.156250 0.500000
vt 0.093750 0.500000
vt 0.125000 0.999969
vt 0.093750 0.999969
vt 0.125000 0.500000
vt 0.062500 0.500000
vt 0.093750 0.999969
vt 0.062500 0.999969
vt 0.093750 0.500000
vt 0.031250 0.500000
vt 0.062500 0.999969
vt 0.031250 0.999969
vt 0.062500 0.500000
vt 0.000031 0.500000
vt 0.031250 0.999969
vt 0.000031 0.999969
vt 0.031250 0.500000
vt 0.203125 0.485352
vt 0.296875 0.485352
vt 0.250000 0.490234
vt 0.158203 0.471680
vt 0.341797 0.471680
vt 0.116638 0.449707
vt 0.383301 0.449707
vt 0.419678 0.419922
vt 0.080322 0.419922
vt 0.449463 0.383301
vt 0.050446 0.383301
vt 0.471680 0.341797
vt 0.028275 0.341797
vt 0.485352 0.296875
vt 0.014610 0.296875
vt 0.489990 0.250000
vt 0.010002 0.250000
vt 0.485352 0.203125
vt 0.014610 0.203125
vt 0.471680 0.158203
vt 0.028275 0.158203
vt 0.449463 0.116699
vt 0.050446 0.116699
vt 0.419678 0.080078
vt 0.080322 0.080078
vt 0.383301 0.050293
vt 0.116638 0.050293
vt 0.158203 0.028320
vt 0.341797 0.028320
vt 0.296875 0.014648
vt 0.203125 0.014648
vt 0.250000 0.009766
vt 0.796875 0.485352
vt 0.703125 0.485352
vt 0.750000 0.490234
vt 0.658203 0.471680
vt 0.841797 0.471680
vt 0.616699 0.449707
vt 0.883301 0.449707
vt 0.919922 0.419922
vt 0.580078 0.419922
vt 0.550293 0.383301
vt 0.949707 0.383301
vt 0.971680 0.341797
vt 0.528320 0.341797
vt 0.985352 0.296875
vt 0.514648 0.296875
vt 0.509766 0.250000
vt 0.990234 0.250000
vt 0.985352 0.203125
vt 0.514648 0.203125
vt 0.971680 0.158203
vt 0.528320 0.158203
vt 0.550293 0.116699
vt 0.949707 0.116699
vt 0.919922 0.080078
vt 0.580078 0.080078
vt 0.616699 0.050293
vt 0.883301 0.050293
vt 0.841797 0.028320
vt 0.658203 0.028320
vt 0.796875 0.014648
vt 0.703125 0.014648
vt 0.750000 0.009766
vt 0.203125 0.485352
vt 0.296875 0.485352
vt 0.250000 0.490234
vt 0.341797 0.471680
vt 0.158203 0.471680
vt 0.116638 0.449707
vt 0.383301 0.449707
vt 0.419678 0.419922
vt 0.080322 0.419922
vt 0.449463 0.383301
vt 0.050446 0.383301
vt 0.028275 0.341797
vt 0.471680 0.341797
vt 0.485352 0.296875
vt 0.014610 0.296875
vt 0.489990 0.250000
vt 0.010002 0.250000
vt 0.485352 0.203125
vt 0.014610 0.203125
vt 0.028275 0.158203
vt 0.471680 0.158203
vt 0.449463 0.116699
vt 0.050446 0.116699
vt 0.419678 0.080078
vt 0.080322 0.080078
vt 0.383301 0.050293
vt 0.116638 0.050293
vt 0.158203 0.028320
vt 0.341797 0.028320
vt 0.203125 0.014648
vt 0.296875 0.014648
vt 0.250000 0.009766
vt 0.796875 0.485352
vt 0.703125 0.485352
vt 0.750000 0.490234
vt 0.658203 0.471680
vt 0.841797 0.471680
vt 0.616699 0.449707
vt 0.883301 0.449707
vt 0.919922 0.419922
vt 0.580078 0.419922
vt 0.949707 0.383301
vt 0.550293 0.383301
vt 0.971680 0.341797
vt 0.528320 0.341797
vt 0.514648 0.296875
vt 0.985352 0.296875
vt 0.990234 0.250000
vt 0.509766 0.250000
vt 0.985352 0.203125
vt 0.514648 0.203125
vt 0.971680 0.158203
vt 0.528320 0.158203
vt 0.550293 0.116699
vt 0.949707 0.116699
vt 0.919922 0.080078
vt 0.580078 0.080078
vt 0.883301 0.050293
vt 0.616699 0.050293
vt 0.658203 0.028320
vt 0.841797 0.028320
vt 0.796875 0.014648
vt 0.703125 0.014648
vt 0.750000 0.009766
vt 0.203125 0.485352
vt 0.296875 0.485352
vt 0.250000 0.490234
vt 0.158203 0.471680
vt 0.341797 0.471680
vt 0.383301 0.449707
vt 0.116638 0.449707
vt 0.080322 0.419922
vt 0.419678 0.419922
vt 0.050446 0.383301
vt 0.449463 0.383301
vt 0.028275 0.341797
vt 0.471680 0.341797
vt 0.014610 0.296875
vt 0.485352 0.296875
vt 0.010002 0.250000
vt 0.489990 0.250000
vt 0.014610 0.203125
vt 0.485352 0.203125
vt 0.028275 0.158203
vt 0.471680 0.158203
vt 0.050446 0.116699
vt 0.449463 0.116699
vt 0.080322 0.080078
vt 0.419678 0.080078
vt 0.116638 0.050293
vt 0.383301 0.050293
vt 0.158203 0.028320
vt 0.341797 0.028320
vt 0.296875 0.014648
vt 0.203125 0.014648
vt 0.250000 0.009766
vt 0.703125 0.014648
vt 0.796875 0.014648
vt 0.750000 0.009766
vt 0.841797 0.028320
vt 0.658203 0.028320
vt 0.883301 0.050293
vt 0.616699 0.050293
vt 0.919922 0.080078
vt 0.580078 0.080078
vt 0.949707 0.116699
vt 0.550293 0.116699
vt 0.971680 0.158203
vt 0.528320 0.158203
vt 0.985352 0.203125
vt 0.514648 0.203125
vt 0.990234 0.250000
vt 0.509766 0.250000
vt 0.985352 0.296875
vt 0.514648 0.296875
vt 0.971680 0.341797
vt 0.528320 0.341797
vt 0.949707 0.383301
vt 0.550293 0.383301
vt 0.919922 0.419922
vt 0.580078 0.419922
vt 0.883301 0.449707
vt 0.616699 0.449707
vt 0.658203 0.471680
vt 0.841797 0.471680
vt 0.796875 0.485352
vt 0.703125 0.485352
vt 0.750000 0.490234
vt 0.203125 0.485352
vt 0.296875 0.485352
vt 0.250000 0.490234
vt 0.158203 0.471680
vt 0.341797 0.471680
vt 0.383301 0.449707
vt 0.116638 0.449707
vt 0.080322 0.419922
vt 0.419678 0.419922
vt 0.449463 0.383301
vt 0.050446 0.383301
vt 0.471680 0.341797
vt 0.028275 0.341797
vt 0.014610 0.296875
vt 0.485352 0.296875
vt 0.489990 0.250000
vt 0.010002 0.250000
vt 0.485352 0.203125
vt 0.014610 0.203125
vt 0.028275 0.158203
vt 0.471680 0.158203
vt 0.449463 0.116699
vt 0.050446 0.116699
vt 0.419678 0.080078
vt 0.080322 0.080078
vt 0.383301 0.050293
vt 0.116638 0.050293
vt 0.158203 0.028320
vt 0.341797 0.028320
vt 0.296875 0.014648
vt 0.203125 0.014648
vt 0.250000 0.009766
vt 0.796875 0.485352
vt 0.703125 0.485352
vt 0.750000 0.490234
vt 0.658203 0.471680
vt 0.841797 0.471680
vt 0.883301 0.449707
vt 0.616699 0.449707
vt 0.580078 0.419922
vt 0.919922 0.419922
vt 0.550293 0.383301
vt 0.949707 0.383301
vt 0.528320 0.341797
vt 0.971680 0.341797
vt 0.514648 0.296875
vt 0.985352 0.296875
vt 0.990234 0.250000
vt 0.509766 0.250000
vt 0.985352 0.203125
vt 0.514648 0.203125
vt 0.528320 0.158203
vt 0.971680 0.158203
vt 0.550293 0.116699
vt 0.949707 0.116699
vt 0.580078 0.080078
vt 0.919922 0.080078
vt 0.883301 0.050293
vt 0.616699 0.050293
vt 0.658203 0.028320
vt 0.841797 0.028320
vt 0.703125 0.014648
vt 0.796875 0.014648
vt 0.750000 0.009766
vt 0.203125 0.485352
vt 0.296875 0.485352
vt 0.250000 0.490234
vt 0.341797 0.471680
vt 0.158203 0.471680
vt 0.383301 0.449707
vt 0.116638 0.449707
vt 0.080322 0.419922
vt 0.419678 0.419922
vt 0.050446 0.383301
vt 0.449463 0.383301
vt 0.471680 0.341797
vt 0.028275 0.341797
vt 0.014610 0.296875
vt 0.485352 0.296875
vt 0.010002 0.250000
vt 0.489990 0.250000
vt 0.014610 0.203125
vt 0.485352 0.203125
vt 0.028275 0.158203
vt 0.471680 0.158203
vt 0.449463 0.116699
vt 0.050446 0.116699
vt 0.080322 0.080078
vt 0.419678 0.080078
vt 0.116638 0.050293
vt 0.383301 0.050293
vt 0.341797 0.028320
vt 0.158203 0.028320
vt 0.296875 0.014648
vt 0.203125 0.014648
vt 0.250000 0.009766
vt 0.796875 0.485352
vt 0.703125 0.485352
vt 0.750000 0.490234
vt 0.841797 0.471680
vt 0.658203 0.471680
vt 0.883301 0.449707
vt 0.616699 0.449707
vt 0.580078 0.419922
vt 0.919922 0.419922
vt 0.949707 0.383301
vt 0.550293 0.383301
vt 0.528320 0.341797
vt 0.971680 0.341797
vt 0.514648 0.296875
vt 0.985352 0.296875
vt 0.509766 0.250000
vt 0.990234 0.250000
vt 0.514648 0.203125
vt 0.985352 0.203125
vt 0.528320 0.158203
vt 0.971680 0.158203
vt 0.550293 0.116699
vt 0.949707 0.116699
vt 0.919922 0.080078
vt 0.580078 0.080078
vt 0.616699 0.050293
vt 0.883301 0.050293
vt 0.841797 0.028320
vt 0.658203 0.028320
vt 0.796875 0.014648
vt 0.703125 0.014648
vt 0.750000 0.009766
vt 0.203125 0.485352
vt 0.296875 0.485352
vt 0.250000 0.490234
vt 0.158203 0.471680
vt 0.341797 0.471680
vt 0.383301 0.449707
vt 0.116638 0.449707
vt 0.080322 0.419922
vt 0.419678 0.419922
vt 0.449463 0.383301
vt 0.050446 0.383301
vt 0.471680 0.341797
vt 0.028275 0.341797
vt 0.014610 0.296875
vt 0.485352 0.296875
vt 0.010002 0.250000
vt 0.489990 0.250000
vt 0.014610 0.203125
vt 0.485352 0.203125
vt 0.028275 0.158203
vt 0.471680 0.158203
vt 0.449463 0.116699
vt 0.050446 0.116699
vt 0.419678 0.080078
vt 0.080322 0.080078
vt 0.383301 0.050293
vt 0.116638 0.050293
vt 0.158203 0.028320
vt 0.341797 0.028320
vt 0.296875 0.014648
vt 0.203125 0.014648
vt 0.250000 0.009766
vt 0.703125 0.014648
vt 0.796875 0.014648
vt 0.750000 0.009766
vt 0.841797 0.028320
vt 0.658203 0.028320
vt 0.883301 0.050293
vt 0.616699 0.050293
vt 0.580078 0.080078
vt 0.919922 0.080078
vt 0.949707 0.116699
vt 0.550293 0.116699
vt 0.971680 0.158203
vt 0.528320 0.158203
vt 0.985352 0.203125
vt 0.514648 0.203125
vt 0.990234 0.250000
vt 0.509766 0.250000
vt 0.985352 0.296875
vt 0.514648 0.296875
vt 0.971680 0.341797
vt 0.528320 0.341797
vt 0.949707 0.383301
vt 0.550293 0.383301
vt 0.919922 0.419922
vt 0.580078 0.419922
vt 0.883301 0.449707
vt 0.616699 0.449707
vt 0.658203 0.471680
vt 0.841797 0.471680
vt 0.796875 0.485352
vt 0.703125 0.485352
vt 0.750000 0.490234
vt 0.080322 0.419922
vt 0.158203 0.471680
vt 0.116638 0.449707
vt 0.203125 0.485352
vt 0.028275 0.341797
vt 0.050446 0.383301
vt 0.014610 0.296875
vt 0.014610 0.203125
vt 0.010002 0.250000
vt 0.296875 0.485352
vt 0.250000 0.490234
vt 0.203125 0.014648
vt 0.080322 0.080078
vt 0.028275 0.158203
vt 0.050446 0.116699
vt 0.158203 0.028320
vt 0.116638 0.050293
vt 0.296875 0.014648
vt 0.250000 0.009766
vt 0.485352 0.203125
vt 0.419678 0.080078
vt 0.341797 0.028320
vt 0.383301 0.050293
vt 0.471680 0.158203
vt 0.449463 0.116699
vt 0.485352 0.296875
vt 0.489990 0.250000
vt 0.419678 0.419922
vt 0.471680 0.341797
vt 0.449463 0.383301
vt 0.341797 0.471680
vt 0.383301 0.449707
vt 0.919922 0.419922
vt 0.841797 0.471680
vt 0.883301 0.449707
vt 0.796875 0.485352
vt 0.971680 0.341797
vt 0.949707 0.383301
vt 0.985352 0.296875
vt 0.985352 0.203125
vt 0.990234 0.250000
vt 0.703125 0.485352
vt 0.750000 0.490234
vt 0.796875 0.014648
vt 0.514648 0.296875
vt 0.919922 0.080078
vt 0.971680 0.158203
vt 0.949707 0.116699
vt 0.841797 0.028320
vt 0.883301 0.050293
vt 0.703125 0.014648
vt 0.750000 0.009766
vt 0.514648 0.203125
vt 0.509766 0.250000
vt 0.580078 0.080078
vt 0.658203 0.028320
vt 0.616699 0.050293
vt 0.528320 0.158203
vt 0.550293 0.116699
vt 0.580078 0.419922
vt 0.658203 0.471680
vt 0.616699 0.449707
vt 0.528320 0.341797
vt 0.550293 0.383301
vt 0.116638 0.449707
vt 0.203125 0.485352
vt 0.158203 0.471680
vt 0.250000 0.490234
vt 0.296875 0.485352
vt 0.341797 0.471680
vt 0.080322 0.419922
vt 0.419678 0.419922
vt 0.383301 0.449707
vt 0.080322 0.080078
vt 0.158203 0.028320
vt 0.116638 0.050293
vt 0.203125 0.014648
vt 0.250000 0.009766
vt 0.296875 0.014648
vt 0.341797 0.028320
vt 0.419678 0.080078
vt 0.383301 0.050293
vt 0.489990 0.250000
vt 0.449463 0.116699
vt 0.449463 0.383301
vt 0.471680 0.158203
vt 0.485352 0.203125
vt 0.471680 0.341797
vt 0.485352 0.296875
vt 0.010002 0.250000
vt 0.050446 0.116699
vt 0.050446 0.383301
vt 0.028275 0.158203
vt 0.014610 0.203125
vt 0.028275 0.341797
vt 0.014610 0.296875
vt 0.796875 0.014648
vt 0.883301 0.050293
vt 0.841797 0.028320
vt 0.750000 0.009766
vt 0.703125 0.014648
vt 0.658203 0.028320
vt 0.919922 0.080078
vt 0.580078 0.080078
vt 0.616699 0.050293
vt 0.919922 0.419922
vt 0.841797 0.471680
vt 0.883301 0.449707
vt 0.796875 0.485352
vt 0.750000 0.490234
vt 0.703125 0.485352
vt 0.658203 0.471680
vt 0.580078 0.419922
vt 0.616699 0.449707
vt 0.509766 0.250000
vt 0.550293 0.383301
vt 0.550293 0.116699
vt 0.528320 0.341797
vt 0.514648 0.296875
vt 0.528320 0.158203
vt 0.514648 0.203125
vt 0.990234 0.250000
vt 0.949707 0.116699
vt 0.949707 0.383301
vt 0.971680 0.158203
vt 0.985352 0.203125
vt 0.971680 0.341797
vt 0.985352 0.296875
vn -0.071067 -0.071067 0.994937
vn -0.071067 -0.071067 0.994937
vn -0.071067 -0.071067 0.994937
vn -0.071067 -0.071067 0.994937
vn -0.204049 -0.204049 0.957459
vn -0.204049 -0.204049 0.957459
vn -0.204049 -0.204049 0.957459
vn -0.204049 -0.204049 0.957459
vn -0.331295 -0.331295 0.883452
vn -0.331295 -0.331295 0.883452
vn -0.331295 -0.331295 0.883452
vn -0.331295 -0.331295 0.883452
vn -0.449195 -0.449195 0.772300
vn -0.449195 -0.449195 0.772300
vn -0.449195 -0.449195 0.772300
vn -0.449195 -0.449195 0.772300
vn -0.544083 -0.544083 0.638707
vn -0.544083 -0.544083 0.638707
vn -0.544083 -0.544083 0.638707
vn -0.544083 -0.544083 0.638707
vn -0.622956 -0.622956 0.473131
vn -0.622956 -0.622956 0.473131
vn -0.622956 -0.622956 0.473131
vn -0.622956 -0.622956 0.473131
vn -0.676495 -0.676495 0.291050
vn -0.676495 -0.676495 0.291050
vn -0.676495 -0.676495 0.291050
vn -0.676495 -0.676495 0.291050
vn -0.703915 -0.703915 0.094910
vn -0.703915 -0.703915 0.094910
vn -0.703915 -0.703915 0.094910
vn -0.703915 -0.703915 0.094910
vn -0.703915 -0.703915 -0.094910
vn -0.703915 -0.703915 -0.094910
vn -0.703915 -0.703915 -0.094910
vn -0.703915 -0.703915 -0.094910
vn -0.676495 -0.676495 -0.291050
vn -0.676495 -0.676495 -0.291050
vn -0.676495 -0.676495 -0.291050
vn -0.676495 -0.676495 -0.291050
vn -0.622956 -0.622956 -0.473131
vn -0.622956 -0.622956 -0.473131
vn -0.622956 -0.622956 -0.473131
vn -0.622956 -0.622956 -0.473131
vn -0.544083 -0.544083 -0.638707
vn -0.544083 -0.544083 -0.638707
vn -0.544083 -0.544083 -0.638707
vn -0.544083 -0.544083 -0.638707
vn -0.449195 -0.449195 -0.772300
vn -0.449195 -0.449195 -0.772300
vn -0.449195 -0.449195 -0.772300
vn -0.449195 -0.449195 -0.772300
vn -0.331295 -0.331295 -0.883452
vn -0.331295 -0.331295 -0.883452
vn -0.331295 -0.331295 -0.883452
vn -0.331295 -0.331295 -0.883452
vn -0.204049 -0.204049 -0.957459
vn -0.204049 -0.204049 -0.957459
vn -0.204049 -0.204049 -0.957459
vn -0.204049 -0.204049 -0.957459
vn -0.071067 -0.071067 -0.994937
vn -0.071067 -0.071067 -0.994937
vn -0.071067 -0.071067 -0.994937
vn -0.071067 -0.071067 -0.994937
vn 0.071067 0.071067 -0.994937
vn 0.071067 0.071067 -0.994937
vn 0.071067 0.071067 -0.994937
vn 0.071067 0.071067 -0.994937
vn 0.204049 0.204049 -0.957459
vn 0.204049 0.204049 -0.957459
vn 0.204049 0.204049 -0.957459
vn 0.204049 0.204049 -0.957459
vn 0.331295 0.331295 -0.883452
vn 0.331295 0.331295 -0.883452
vn 0.331295 0.331295 -0.883452
vn 0.331295 0.331295 -0.883452
vn 0.449195 0.449195 -0.772300
vn 0.449195 0.449195 -0.772300
vn 0.449195 0.449195 -0.772300
vn 0.449195 0.449195 -0.772300
vn 0.544083 0.544083 -0.638707
vn 0.544083 0.544083 -0.638707
vn 0.544083 0.544083 -0.638707
vn 0.544083 0.544083 -0.638707
vn 0.622956 0.622956 -0.473131
vn 0.622956 0.622956 -0.473131
vn 0.622956 0.622956 -0.473131
vn 0.622956 0.622956 -0.473131
vn 0.676495 0.676495 -0.291050
vn 0.676495 0.676495 -0.291050
vn 0.676495 0.676495 -0.291050
vn 0.676495 0.676495 -0.291050
vn 0.703915 0.703915 -0.094910
vn 0.703915 0.703915 -0.094910
vn 0.703915 0.703915 -0.094910
vn 0.703915 0.703915 -0.094910
vn 0.703915 0.703915 0.094910
vn 0.703915 0.703915 0.094910
vn 0.703915 0.703915 0.094910
vn 0.703915 0.703915 0.094910
vn 0.676495 0.676495 0.291050
vn 0.676495 0.676495 0.291050
vn 0.676495 0.676495 0.291050
vn 0.676495 0.676495 0.291050
vn 0.622956 0.622956 0.473131
vn 0.622956 0.622956 0.473131
vn 0.622956 0.622956 0.473131
vn 0.622956 0.622956 0.473131
vn 0.544083 0.544083 0.638707
vn 0.544083 0.544083 0.638707
vn 0.544083 0.544083 0.638707
vn 0.544083 0.544083 0.638707
vn 0.449195 0.449195 0.772300
vn 0.449195 0.449195 0.772300
vn 0.449195 0.449195 0.772300
vn 0.449195 0.449195 0.772300
vn 0.331295 0.331295 0.883452
vn 0.331295 0.331295 0.883452
vn 0.331295 0.331295 0.883452
vn 0.331295 0.331295 0.883452
vn 0.204049 0.204049 0.957459
vn 0.204049 0.204049 0.957459
vn 0.204049 0.204049 0.957459
vn 0.204049 0.204049 0.957459
vn 0.071067 0.071067 0.994937
vn 0.071067 0.071067 0.994937
vn 0.071067 0.071067 0.994937
vn 0.071067 0.071067 0.994937
vn 0.094809 -0.000000 -0.995495
vn 0.094809 -0.000000 -0.995495
vn 0.094809 -0.000000 -0.995495
vn 0.094809 -0.000000 -0.995495
vn 0.290225 -0.000000 -0.956958
vn 0.290225 -0.000000 -0.956958
vn 0.290225 -0.000000 -0.956958
vn 0.290225 -0.000000 -0.956958
vn 0.472221 -0.000000 -0.881480
vn 0.472221 -0.000000 -0.881480
vn 0.472221 -0.000000 -0.881480
vn 0.472221 -0.000000 -0.881480
vn 0.637085 -0.000000 -0.770794
vn 0.637085 -0.000000 -0.770794
vn 0.637085 -0.000000 -0.770794
vn 0.637085 -0.000000 -0.770794
vn 0.770794 -0.000000 -0.637085
vn 0.770794 -0.000000 -0.637085
vn 0.770794 -0.000000 -0.637085
vn 0.770794 -0.000000 -0.637085
vn 0.881480 -0.000000 -0.472221
vn 0.881480 -0.000000 -0.472221
vn 0.881480 -0.000000 -0.472221
vn 0.881480 -0.000000 -0.472221
vn 0.956958 -0.000000 -0.290225
vn 0.956958 -0.000000 -0.290225
vn 0.956958 -0.000000 -0.290225
vn 0.956958 -0.000000 -0.290225
vn 0.995495 -0.000000 -0.094809
vn 0.995495 -0.000000 -0.094809
vn 0.995495 -0.000000 -0.094809
vn 0.995495 -0.000000 -0.094809
vn 0.995495 -0.000000 0.094809
vn 0.995495 -0.000000 0.094809
vn 0.995495 -0.000000 0.094809
vn 0.995495 -0.000000 0.094809
vn 0.956958 -0.000000 0.290225
vn 0.956958 -0.000000 0.290225
vn 0.956958 -0.000000 0.290225
vn 0.956958 -0.000000 0.290225
vn 0.881480 -0.000000 0.472221
vn 0.881480 -0.000000 0.472221
vn 0.881480 -0.000000 0.472221
vn 0.881480 -0.000000 0.472221
vn 0.770794 -0.000000 0.637085
vn 0.770794 -0.000000 0.637085
vn 0.770794 -0.000000 0.637085
vn 0.770794 -0.000000 0.637085
vn 0.637085 -0.000000 0.770794
vn 0.637085 -0.000000 0.770794
vn 0.637085 -0.000000 0.770794
vn 0.637085 -0.000000 0.770794
vn 0.472221 -0.000000 0.881480
vn 0.472221 -0.000000 0.881480
vn 0.472221 -0.000000 0.881480
vn 0.472221 -0.000000 0.881480
vn 0.290225 -0.000000 0.956958
vn 0.290225 -0.000000 0.956958
vn 0.290225 -0.000000 0.956958
vn 0.290225 -0.000000 0.956958
vn 0.094809 -0.000000 0.995495
vn 0.094809 -0.000000 0.995495
vn 0.094809 -0.000000 0.995495
vn 0.094809 -0.000000 0.995495
vn -0.094809 -0.000000 0.995495
vn -0.094809 -0.000000 0.995495
vn -0.094809 -0.000000 0.995495
vn -0.094809 -0.000000 0.995495
vn -0.290225 -0.000000 0.956958
vn -0.290225 -0.000000 0.956958
vn -0.290225 -0.000000 0.956958
vn -0.290225 -0.000000 0.956958
vn -0.472221 -0.000000 0.881480
vn -0.472221 -0.000000 0.881480
vn -0.472221 -0.000000 0.881480
vn -0.472221 -0.000000 0.881480
vn -0.637085 -0.000000 0.770794
vn -0.637085 -0.000000 0.770794
vn -0.637085 -0.000000 0.770794
vn -0.637085 -0.000000 0.770794
vn -0.770794 -0.000000 0.637085
vn -0.770794 -0.000000 0.637085
vn -0.770794 -0.000000 0.637085
vn -0.770794 -0.000000 0.637085
vn -0.881480 -0.000000 0.472221
vn -0.881480 -0.000000 0.472221
vn -0.881480 -0.000000 0.472221
vn -0.881480 -0.000000 0.472221
vn -0.956958 -0.000000 0.290225
vn -0.956958 -0.000000 0.290225
vn -0.956958 -0.000000 0.290225
vn -0.956958 -0.000000 0.290225
vn -0.995495 -0.000000 0.094809
vn -0.995495 -0.000000 0.094809
vn -0.995495 -0.000000 0.094809
vn -0.995495 -0.000000 0.094809
vn -0.995495 -0.000000 -0.094809
vn -0.995495 -0.000000 -0.094809
vn -0.995495 -0.000000 -0.094809
vn -0.995495 -0.000000 -0.094809
vn -0.956958 -0.000000 -0.290225
vn -0.956958 -0.000000 -0.290225
vn -0.956958 -0.000000 -0.290225
vn -0.956958 -0.000000 -0.290225
vn -0.881480 -0.000000 -0.472221
vn -0.881480 -0.000000 -0.472221
vn -0.881480 -0.000000 -0.472221
vn -0.881480 -0.000000 -0.472221
vn -0.770794 -0.000000 -0.637085
vn -0.770794 -0.000000 -0.637085
vn -0.770794 -0.000000 -0.637085
vn -0.770794 -0.000000 -0.637085
vn -0.637085 -0.000000 -0.770794
vn -0.637085 -0.000000 -0.770794
vn -0.637085 -0.000000 -0.770794
vn -0.637085 -0.000000 -0.770794
vn -0.472221 -0.000000 -0.881480
vn -0.472221 -0.000000 -0.881480
vn -0.472221 -0.000000 -0.881480
vn -0.472221 -0.000000 -0.881480
vn -0.290225 -0.000000 -0.956958
vn -0.290225 -0.000000 -0.956958
vn -0.290225 -0.000000 -0.956958
vn -0.290225 -0.000000 -0.956958
vn -0.094809 -0.000000 -0.995495
vn -0.094809 -0.000000 -0.995495
vn -0.094809 -0.000000 -0.995495
vn -0.094809 -0.000000 -0.995495
vn 0.094809 -0.000000 -0.995495
vn 0.094809 -0.000000 -0.995495
vn 0.094809 -0.000000 -0.995495
vn 0.094809 -0.000000 -0.995495
vn 0.290225 -0.000000 -0.956958
vn 0.290225 -0.000000 -0.956958
vn 0.290225 -0.000000 -0.956958
vn 0.290225 -0.000000 -0.956958
vn 0.472221 -0.000000 -0.881480
vn 0.472221 -0.000000 -0.881480
vn 0.472221 -0.000000 -0.881480
vn 0.472221 -0.000000 -0.881480
vn 0.637085 -0.000000 -0.770794
vn 0.637085 -0.000000 -0.770794
vn 0.637085 -0.000000 -0.770794
vn 0.637085 -0.000000 -0.770794
vn 0.770794 -0.000000 -0.637085
vn 0.770794 -0.000000 -0.637085
vn 0.770794 -0.000000 -0.637085
vn 0.770794 -0.000000 -0.637085
vn 0.881480 -0.000000 -0.472221
vn 0.881480 -0.000000 -0.472221
vn 0.881480 -0.000000 -0.472221
vn 0.881480 -0.000000 -0.472221
vn 0.956958 -0.000000 -0.290225
vn 0.956958 -0.000000 -0.290225
vn 0.956958 -0.000000 -0.290225
vn 0.956958 -0.000000 -0.290225
vn 0.995495 -0.000000 -0.094809
vn 0.995495 -0.000000 -0.094809
vn 0.995495 -0.000000 -0.094809
vn 0.995495 -0.000000 -0.094809
vn 0.995495 -0.000000 0.094809
vn 0.995495 -0.000000 0.094809
vn 0.995495 -0.000000 0.094809
vn 0.995495 -0.000000 0.094809
vn 0.956958 -0.000000 0.290225
vn 0.956958 -0.000000 0.290225
vn 0.956958 -0.000000 0.290225
vn 0.956958 -0.000000 0.290225
vn 0.881480 -0.000000 0.472221
vn 0.881480 -0.000000 0.472221
vn 0.881480 -0.000000 0.472221
vn 0.881480 -0.000000 0.472221
vn 0.770794 -0.000000 0.637085
vn 0.770794 -0.000000 0.637085
vn 0.770794 -0.000000 0.637085
vn 0.770794 -0.000000 0.637085
vn 0.637085 -0.000000 0.770794
vn 0.637085 -0.000000 0.770794
vn 0.637085 -0.000000 0.770794
vn 0.637085 -0.000000 0.770794
vn 0.472221 -0.000000 0.881480
vn 0.472221 -0.000000 0.881480
vn 0.472221 -0.000000 0.881480
vn 0.472221 -0.000000 0.881480
vn 0.290225 -0.000000 0.956958
vn 0.290225 -0.000000 0.956958
vn 0.290225 -0.000000 0.956958
vn 0.290225 -0.000000 0.956958
vn 0.094809 -0.000000 0.995495
vn 0.094809 -0.000000 0.995495
vn 0.094809 -0.000000 0.995495
vn 0.094809 -0.000000 0.995495
vn -0.094809 -0.000000 0.995495
vn -0.094809 -0.000000 0.995495
vn -0.094809 -0.000000 0.995495
vn -0.094809 -0.000000 0.995495
vn -0.290225 -0.000000 0.956958
vn -0.290225 -0.000000 0.956958
vn -0.290225 -0.000000 0.956958
vn -0.290225 -0.000000 0.956958
vn -0.472221 -0.000000 0.881480
vn -0.472221 -0.000000 0.881480
vn -0.472221 -0.000000 0.881480
vn -0.472221 -0.000000 0.881480
vn -0.637085 -0.000000 0.770794
vn -0.637085 -0.000000 0.770794
vn -0.637085 -0.000000 0.770794
vn -0.637085 -0.000000 0.770794
vn -0.770794 -0.000000 0.637085
vn -0.770794 -0.000000 0.637085
vn -0.770794 -0.000000 0.637085
vn -0.770794 -0.000000 0.637085
vn -0.881480 -0.000000 0.472221
vn -0.881480 -0.000000 0.472221
vn -0.881480 -0.000000 0.472221
vn -0.881480 -0.000000 0.472221
vn -0.956958 -0.000000 0.290225
vn -0.956958 -0.000000 0.290225
vn -0.956958 -0.000000 0.290225
vn -0.956958 -0.000000 0.290225
vn -0.995495 -0.000000 0.094809
vn -0.995495 -0.000000 0.094809
vn -0.995495 -0.000000 0.094809
vn -0.995495 -0.000000 0.094809
vn -0.995495 -0.000000 -0.094809
vn -0.995495 -0.000000 -0.094809
vn -0.995495 -0.000000 -0.094809
vn -0.995495 -0.000000 -0.094809
vn -0.956958 -0.000000 -0.290225
vn -0.956958 -0.000000 -0.290225
vn -0.956958 -0.000000 -0.290225
vn -0.956958 -0.000000 -0.290225
vn -0.881480 -0.000000 -0.472221
vn -0.881480 -0.000000 -0.472221
vn -0.881480 -0.000000 -0.472221
vn -0.881480 -0.000000 -0.472221
vn -0.770794 -0.000000 -0.637085
vn -0.770794 -0.000000 -0.637085
vn -0.770794 -0.000000 -0.637085
vn -0.770794 -0.000000 -0.637085
vn -0.637085 -0.000000 -0.770794
vn -0.637085 -0.000000 -0.770794
vn -0.637085 -0.000000 -0.770794
vn -0.637085 -0.000000 -0.770794
vn -0.472221 -0.000000 -0.881480
vn -0.472221 -0.000000 -0.881480
vn -0.472221 -0.000000 -0.881480
vn -0.472221 -0.000000 -0.881480
vn -0.290225 -0.000000 -0.956958
vn -0.290225 -0.000000 -0.956958
vn -0.290225 -0.000000 -0.956958
vn -0.290225 -0.000000 -0.956958
vn -0.094809 -0.000000 -0.995495
vn -0.094809 -0.000000 -0.995495
vn -0.094809 -0.000000 -0.995495
vn -0.094809 -0.000000 -0.995495
vn -0.071067 0.071067 -0.994937
vn -0.071067 0.071067 -0.994937
vn -0.071067 0.071067 -0.994937
vn -0.071067 0.071067 -0.994937
vn -0.204049 0.204049 -0.957459
vn -0.204049 0.204049 -0.957459
vn -0.204049 0.204049 -0.957459
vn -0.204049 0.204049 -0.957459
vn -0.331295 0.331295 -0.883452
vn -0.331295 0.331295 -0.883452
vn -0.331295 0.331295 -0.883452
vn -0.331295 0.331295 -0.883452
vn -0.449195 0.449195 -0.772300
vn -0.449195 0.449195 -0.772300
vn -0.449195 0.449195 -0.772300
vn -0.449195 0.449195 -0.772300
vn -0.544083 0.544083 -0.638707
vn -0.544083 0.544083 -0.638707
vn -0.544083 0.544083 -0.638707
vn -0.544083 0.544083 -0.638707
vn -0.622956 0.622956 -0.473131
vn -0.622956 0.622956 -0.473131
vn -0.622956 0.622956 -0.473131
vn -0.622956 0.622956 -0.473131
vn -0.676495 0.676495 -0.291050
vn -0.676495 0.676495 -0.291050
vn -0.676495 0.676495 -0.291050
vn -0.676495 0.676495 -0.291050
vn -0.703915 0.703915 -0.094910
vn -0.703915 0.703915 -0.094910
vn -0.703915 0.703915 -0.094910
vn -0.703915 0.703915 -0.094910
vn -0.703915 0.703915 0.094910
vn -0.703915 0.703915 0.094910
vn -0.703915 0.703915 0.094910
vn -0.703915 0.703915 0.094910
vn -0.676495 0.676495 0.291050
vn -0.676495 0.676495 0.291050
vn -0.676495 0.676495 0.291050
vn -0.676495 0.676495 0.291050
vn -0.622956 0.622956 0.473131
vn -0.622956 0.622956 0.473131
vn -0.622956 0.622956 0.473131
vn -0.622956 0.622956 0.473131
vn -0.544083 0.544083 0.638707
vn -0.544083 0.544083 0.638707
vn -0.544083 0.544083 0.638707
vn -0.544083 0.544083 0.638707
vn -0.449195 0.449195 0.772300
vn -0.449195 0.449195 0.772300
vn -0.449195 0.449195 0.772300
vn -0.449195 0.449195 0.772300
vn -0.331295 0.331295 0.883452
vn -0.331295 0.331295 0.883452
vn -0.331295 0.331295 0.883452
vn -0.331295 0.331295 0.883452
vn -0.204049 0.204049 0.957459
vn -0.204049 0.204049 0.957459
vn -0.204049 0.204049 0.957459
vn -0.204049 0.204049 0.957459
vn -0.071067 0.071067 0.994937
vn -0.071067 0.071067 0.994937
vn -0.071067 0.071067 0.994937
vn -0.071067 0.071067 0.994937
vn 0.071067 -0.071067 0.994937
vn 0.071067 -0.071067 0.994937
vn 0.071067 -0.071067 0.994937
vn 0.071067 -0.071067 0.994937
vn 0.204049 -0.204049 0.957459
vn 0.204049 -0.204049 0.957459
vn 0.204049 -0.204049 0.957459
vn 0.204049 -0.204049 0.957459
vn 0.331295 -0.331295 0.883452
vn 0.331295 -0.331295 0.883452
vn 0.331295 -0.331295 0.883452
vn 0.331295 -0.331295 0.883452
vn 0.449195 -0.449195 0.772300
vn 0.449195 -0.449195 0.772300
vn 0.449195 -0.449195 0.772300
vn 0.449195 -0.449195 0.772300
vn 0.544083 -0.544083 0.638707
vn 0.544083 -0.544083 0.638707
vn 0.544083 -0.544083 0.638707
vn 0.544083 -0.544083 0.638707
vn 0.622956 -0.622956 0.473131
vn 0.622956 -0.622956 0.473131
vn 0.622956 -0.622956 0.473131
vn 0.622956 -0.622956 0.473131
vn 0.676495 -0.676495 0.291050
vn 0.676495 -0.676495 0.291050
vn 0.676495 -0.676495 0.291050
vn 0.676495 -0.676495 0.291050
vn 0.703915 -0.703915 0.094910
vn 0.703915 -0.703915 0.094910
vn 0.703915 -0.703915 0.094910
vn 0.703915 -0.703915 0.094910
vn 0.703915 -0.703915 -0.094910
vn 0.703915 -0.703915 -0.094910
vn 0.703915 -0.703915 -0.094910
vn 0.703915 -0.703915 -0.094910
vn 0.676495 -0.676495 -0.291050
vn 0.676495 -0.676495 -0.291050
vn 0.676495 -0.676495 -0.291050
vn 0.676495 -0.676495 -0.291050
vn 0.622956 -0.622956 -0.473131
vn 0.622956 -0.622956 -0.473131
vn 0.622956 -0.622956 -0.473131
vn 0.622956 -0.622956 -0.473131
vn 0.544083 -0.544083 -0.638707
vn 0.544083 -0.544083 -0.638707
vn 0.544083 -0.544083 -0.638707
vn 0.544083 -0.544083 -0.638707
vn 0.449195 -0.449195 -0.772300
vn 0.449195 -0.449195 -0.772300
vn 0.449195 -0.449195 -0.772300
vn 0.449195 -0.449195 -0.772300
vn 0.331295 -0.331295 -0.883452
vn 0.331295 -0.331295 -0.883452
vn 0.331295 -0.331295 -0.883452
vn 0.331295 -0.331295 -0.883452
vn 0.204049 -0.204049 -0.957459
vn 0.204049 -0.204049 -0.957459
vn 0.204049 -0.204049 -0.957459
vn 0.204049 -0.204049 -0.957459
vn 0.071067 -0.071067 -0.994937
vn 0.071067 -0.071067 -0.994937
vn 0.071067 -0.071067 -0.994937
vn 0.071067 -0.071067 -0.994937
vn 0.000000 0.094809 -0.995495
vn 0.000000 0.094809 -0.995495
vn 0.000000 0.094809 -0.995495
vn 0.000000 0.094809 -0.995495
vn 0.000000 0.290225 -0.956958
vn 0.000000 0.290225 -0.956958
vn 0.000000 0.290225 -0.956958
vn 0.000000 0.290225 -0.956958
vn 0.000000 0.472221 -0.881480
vn 0.000000 0.472221 -0.881480
vn 0.000000 0.472221 -0.881480
vn 0.000000 0.472221 -0.881480
vn 0.000000 0.637085 -0.770794
vn 0.000000 0.637085 -0.770794
vn 0.000000 0.637085 -0.770794
vn 0.000000 0.637085 -0.770794
vn 0.000000 0.770794 -0.637085
vn 0.000000 0.770794 -0.637085
vn 0.000000 0.770794 -0.637085
vn 0.000000 0.770794 -0.637085
vn 0.000000 0.881480 -0.472221
vn 0.000000 0.881480 -0.472221
vn 0.000000 0.881480 -0.472221
vn 0.000000 0.881480 -0.472221
vn 0.000000 0.956958 -0.290225
vn 0.000000 0.956958 -0.290225
vn 0.000000 0.956958 -0.290225
vn 0.000000 0.956958 -0.290225
vn 0.000000 0.995495 -0.094809
vn 0.000000 0.995495 -0.094809
vn 0.000000 0.995495 -0.094809
vn 0.000000 0.995495 -0.094809
vn 0.000000 0.995495 0.094809
vn 0.000000 0.995495 0.094809
vn 0.000000 0.995495 0.094809
vn 0.000000 0.995495 0.094809
vn 0.000000 0.956958 0.290225
vn 0.000000 0.956958 0.290225
vn 0.000000 0.956958 0.290225
vn 0.000000 0.956958 0.290225
vn 0.000000 0.881480 0.472221
vn 0.000000 0.881480 0.472221
vn 0.000000 0.881480 0.472221
vn 0.000000 0.881480 0.472221
vn 0.000000 0.770794 0.637085
vn 0.000000 0.770794 0.637085
vn 0.000000 0.770794 0.637085
vn 0.000000 0.770794 0.637085
vn 0.000000 0.637085 0.770794
vn 0.000000 0.637085 0.770794
vn 0.000000 0.637085 0.770794
vn 0.000000 0.637085 0.770794
vn 0.000000 0.472221 0.881480
vn 0.000000 0.472221 0.881480
vn 0.000000 0.472221 0.881480
vn 0.000000 0.472221 0.881480
vn 0.000000 0.290225 0.956958
vn 0.000000 0.290225 0.956958
vn 0.000000 0.290225 0.956958
vn 0.000000 0.290225 0.956958
vn 0.000000 0.094809 0.995495
vn 0.000000 0.094809 0.995495
vn 0.000000 0.094809 0.995495
vn 0.000000 0.094809 0.995495
vn 0.000000 -0.094809 0.995495
vn 0.000000 -0.094809 0.995495
vn 0.000000 -0.094809 0.995495
vn 0.000000 -0.094809 0.995495
vn 0.000000 -0.290225 0.956958
vn 0.000000 -0.290225 0.956958
vn 0.000000 -0.290225 0.956958
vn 0.000000 -0.290225 0.956958
vn 0.000000 -0.472221 0.881480
vn 0.000000 -0.472221 0.881480
vn 0.000000 -0.472221 0.881480
vn 0.000000 -0.472221 0.881480
vn 0.000000 -0.637085 0.770794
vn 0.000000 -0.637085 0.770794
vn 0.000000 -0.637085 0.770794
vn 0.000000 -0.637085 0.770794
vn 0.000000 -0.770794 0.637085
vn 0.000000 -0.770794 0.637085
vn 0.000000 -0.770794 0.637085
vn 0.000000 -0.770794 0.637085
vn 0.000000 -0.881480 0.472221
vn 0.000000 -0.881480 0.472221
vn 0.000000 -0.881480 0.472221
vn 0.000000 -0.881480 0.472221
vn 0.000000 -0.956958 0.290225
vn 0.000000 -0.956958 0.290225
vn 0.000000 -0.956958 0.290225
vn 0.000000 -0.956958 0.290225
vn 0.000000 -0.995495 0.094809
vn 0.000000 -0.995495 0.094809
vn 0.000000 -0.995495 0.094809
vn 0.000000 -0.995495 0.094809
vn 0.000000 -0.995495 -0.094809
vn 0.000000 -0.995495 -0.094809
vn 0.000000 -0.995495 -0.094809
vn 0.000000 -0.995495 -0.094809
vn 0.000000 -0.956958 -0.290225
vn 0.000000 -0.956958 -0.290225
vn 0.000000 -0.956958 -0.290225
vn 0.000000 -0.956958 -0.290225
vn 0.000000 -0.881480 -0.472221
vn 0.000000 -0.881480 -0.472221
vn 0.000000 -0.881480 -0.472221
vn 0.000000 -0.881480 -0.472221
vn 0.000000 -0.770794 -0.637085
vn 0.000000 -0.770794 -0.637085
vn 0.000000 -0.770794 -0.637085
vn 0.000000 -0.770794 -0.637085
vn 0.000000 -0.637085 -0.770794
vn 0.000000 -0.637085 -0.770794
vn 0.000000 -0.637085 -0.770794
vn 0.000000 -0.637085 -0.770794
vn 0.000000 -0.472221 -0.881480
vn 0.000000 -0.472221 -0.881480
vn 0.000000 -0.472221 -0.881480
vn 0.000000 -0.472221 -0.881480
vn 0.000000 -0.290225 -0.956958
vn 0.000000 -0.290225 -0.956958
vn 0.000000 -0.290225 -0.956958
vn 0.000000 -0.290225 -0.956958
vn 0.000000 -0.094809 -0.995495
vn 0.000000 -0.094809 -0.995495
vn 0.000000 -0.094809 -0.995495
vn 0.000000 -0.094809 -0.995495
vn -0.071067 -0.071067 -0.994937
vn -0.071067 -0.071067 -0.994937
vn -0.071067 -0.071067 -0.994937
vn -0.071067 -0.071067 -0.994937
vn -0.204049 -0.204049 -0.957459
vn -0.204049 -0.204049 -0.957459
vn -0.204049 -0.204049 -0.957459
vn -0.204049 -0.204049 -0.957459
vn -0.331295 -0.331295 -0.883452
vn -0.331295 -0.331295 -0.883452
vn -0.331295 -0.331295 -0.883452
vn -0.331295 -0.331295 -0.883452
vn -0.449195 -0.449195 -0.772300
vn -0.449195 -0.449195 -0.772300
vn -0.449195 -0.449195 -0.772300
vn -0.449195 -0.449195 -0.772300
vn -0.544083 -0.544083 -0.638707
vn -0.544083 -0.544083 -0.638707
vn -0.544083 -0.544083 -0.638707
vn -0.544083 -0.544083 -0.638707
vn -0.622956 -0.622956 -0.473131
vn -0.622956 -0.622956 -0.473131
vn -0.622956 -0.622956 -0.473131
vn -0.622956 -0.622956 -0.473131
vn -0.676495 -0.676495 -0.291050
vn -0.676495 -0.676495 -0.291050
vn -0.676495 -0.676495 -0.291050
vn -0.676495 -0.676495 -0.291050
vn -0.703915 -0.703915 -0.094910
vn -0.703915 -0.703915 -0.094910
vn -0.703915 -0.703915 -0.094910
vn -0.703915 -0.703915 -0.094910
vn -0.703915 -0.703915 0.094910
vn -0.703915 -0.703915 0.094910
vn -0.703915 -0.703915 0.094910
vn -0.703915 -0.703915 0.094910
vn -0.676495 -0.676495 0.291050
vn -0.676495 -0.676495 0.291050
vn -0.676495 -0.676495 0.291050
vn -0.676495 -0.676495 0.291050
vn -0.622956 -0.622956 0.473131
vn -0.622956 -0.622956 0.473131
vn -0.622956 -0.622956 0.473131
vn -0.622956 -0.622956 0.473131
vn -0.544083 -0.544083 0.638707
vn -0.544083 -0.544083 0.638707
vn -0.544083 -0.544083 0.638707
vn -0.544083 -0.544083 0.638707
vn -0.449195 -0.449195 0.772300
vn -0.449195 -0.449195 0.772300
vn -0.449195 -0.449195 0.772300
vn -0.449195 -0.449195 0.772300
vn -0.331295 -0.331295 0.883452
vn -0.331295 -0.331295 0.883452
vn -0.331295 -0.331295 0.883452
vn -0.331295 -0.331295 0.883452
vn -0.204049 -0.204049 0.957459
vn -0.204049 -0.204049 0.957459
vn -0.204049 -0.204049 0.957459
vn -0.204049 -0.204049 0.957459
vn -0.071067 -0.071067 0.994937
vn -0.071067 -0.071067 0.994937
vn -0.071067 -0.071067 0.994937
vn -0.071067 -0.071067 0.994937
vn 0.071067 0.071067 0.994937
vn 0.071067 0.071067 0.994937
vn 0.071067 0.071067 0.994937
vn 0.071067 0.071067 0.994937
vn 0.204049 0.204049 0.957459
vn 0.204049 0.204049 0.957459
vn 0.204049 0.204049 0.957459
vn 0.204049 0.204049 0.957459
vn 0.331295 0.331295 0.883452
vn 0.331295 0.331295 0.883452
vn 0.331295 0.331295 0.883452
vn 0.331295 0.331295 0.883452
vn 0.449195 0.449195 0.772300
vn 0.449195 0.449195 0.772300
vn 0.449195 0.449195 0.772300
vn 0.449195 0.449195 0.772300
vn 0.544083 0.544083 0.638707
vn 0.544083 0.544083 0.638707
vn 0.544083 0.544083 0.638707
vn 0.544083 0.544083 0.638707
vn 0.622956 0.622956 0.473131
vn 0.622956 0.622956 0.473131
vn 0.622956 0.622956 0.473131
vn 0.622956 0.622956 0.473131
vn 0.676495 0.676495 0.291050
vn 0.676495 0.676495 0.291050
vn 0.676495 0.676495 0.291050
vn 0.676495 0.676495 0.291050
vn 0.703915 0.703915 0.094910
vn 0.703915 0.703915 0.094910
vn 0.703915 0.703915 0.094910
vn 0.703915 0.703915 0.094910
vn 0.703915 0.703915 -0.094910
vn 0.703915 0.703915 -0.094910
vn 0.703915 0.703915 -0.094910
vn 0.703915 0.703915 -0.094910
vn 0.676495 0.676495 -0.291050
vn 0.676495 0.676495 -0.291050
vn 0.676495 0.676495 -0.291050
vn 0.676495 0.676495 -0.291050
vn 0.622956 0.622956 -0.473131
vn 0.622956 0.622956 -0.473131
vn 0.622956 0.622956 -0.473131
vn 0.622956 0.622956 -0.473131
vn 0.544083 0.544083 -0.638707
vn 0.544083 0.544083 -0.638707
vn 0.544083 0.544083 -0.638707
vn 0.544083 0.544083 -0.638707
vn 0.449195 0.449195 -0.772300
vn 0.449195 0.449195 -0.772300
vn 0.449195 0.449195 -0.772300
vn 0.449195 0.449195 -0.772300
vn 0.331295 0.331295 -0.883452
vn 0.331295 0.331295 -0.883452
vn 0.331295 0.331295 -0.883452
vn 0.331295 0.331295 -0.883452
vn 0.204049 0.204049 -0.957459
vn 0.204049 0.204049 -0.957459
vn 0.204049 0.204049 -0.957459
vn 0.204049 0.204049 -0.957459
vn 0.071067 0.071067 -0.994937
vn 0.071067 0.071067 -0.994937
vn 0.071067 0.071067 -0.994937
vn 0.071067 0.071067 -0.994937
vn 0.000000 0.094809 0.995495
vn 0.000000 0.094809 0.995495
vn 0.000000 0.094809 0.995495
vn 0.000000 0.094809 0.995495
vn 0.000000 0.290225 0.956958
vn 0.000000 0.290225 0.956958
vn 0.000000 0.290225 0.956958
vn 0.000000 0.290225 0.956958
vn 0.000000 0.472221 0.881480
vn 0.000000 0.472221 0.881480
vn 0.000000 0.472221 0.881480
vn 0.000000 0.472221 0.881480
vn 0.000000 0.637085 0.770794
vn 0.000000 0.637085 0.770794
vn 0.000000 0.637085 0.770794
vn 0.000000 0.637085 0.770794
vn 0.000000 0.770794 0.637085
vn 0.000000 0.770794 0.637085
vn 0.000000 0.770794 0.637085
vn 0.000000 0.770794 0.637085
vn 0.000000 0.881480 0.472221
vn 0.000000 0.881480 0.472221
vn 0.000000 0.881480 0.472221
vn 0.000000 0.881480 0.472221
vn 0.000000 0.956958 0.290225
vn 0.000000 0.956958 0.290225
vn 0.000000 0.956958 0.290225
vn 0.000000 0.956958 0.290225
vn 0.000000 0.995495 0.094809
vn 0.000000 0.995495 0.094809
vn 0.000000 0.995495 0.094809
vn 0.000000 0.995495 0.094809
vn 0.000000 0.995495 -0.094809
vn 0.000000 0.995495 -0.094809
vn 0.000000 0.995495 -0.094809
vn 0.000000 0.995495 -0.094809
vn 0.000000 0.956958 -0.290225
vn 0.000000 0.956958 -0.290225
vn 0.000000 0.956958 -0.290225
vn 0.000000 0.956958 -0.290225
vn 0.000000 0.881480 -0.472221
vn 0.000000 0.881480 -0.472221
vn 0.000000 0.881480 -0.472221
vn 0.000000 0.881480 -0.472221
vn 0.000000 0.770794 -0.637085
vn 0.000000 0.770794 -0.637085
vn 0.000000 0.770794 -0.637085
vn 0.000000 0.770794 -0.637085
vn 0.000000 0.637085 -0.770794
vn 0.000000 0.637085 -0.770794
vn 0.000000 0.637085 -0.770794
vn 0.000000 0.637085 -0.770794
vn 0.000000 0.472221 -0.881480
vn 0.000000 0.472221 -0.881480
vn 0.000000 0.472221 -0.881480
vn 0.000000 0.472221 -0.881480
vn 0.000000 0.290225 -0.956958
vn 0.000000 0.290225 -0.956958
vn 0.000000 0.290225 -0.956958
vn 0.000000 0.290225 -0.956958
vn 0.000000 0.094809 -0.995495
vn 0.000000 0.094809 -0.995495
vn 0.000000 0.094809 -0.995495
vn 0.000000 0.094809 -0.995495
vn 0.000000 -0.094809 -0.995495
vn 0.000000 -0.094809 -0.995495
vn 0.000000 -0.094809 -0.995495
vn 0.000000 -0.094809 -0.995495
vn 0.000000 -0.290225 -0.956958
vn 0.000000 -0.290225 -0.956958
vn 0.000000 -0.290225 -0.956958
vn 0.000000 -0.290225 -0.956958
vn 0.000000 -0.472221 -0.881480
vn 0.000000 -0.472221 -0.881480
vn 0.000000 -0.472221 -0.881480
vn 0.000000 -0.472221 -0.881480
vn 0.000000 -0.637085 -0.770794
vn 0.000000 -0.637085 -0.770794
vn 0.000000 -0.637085 -0.770794
vn 0.000000 -0.637085 -0.770794
vn 0.000000 -0.770794 -0.637085
vn 0.000000 -0.770794 -0.637085
vn 0.000000 -0.770794 -0.637085
vn 0.000000 -0.770794 -0.637085
vn 0.000000 -0.881480 -0.472221
vn 0.000000 -0.881480 -0.472221
vn 0.000000 -0.881480 -0.472221
vn 0.000000 -0.881480 -0.472221
vn 0.000000 -0.956958 -0.290225
vn 0.000000 -0.956958 -0.290225
vn 0.000000 -0.956958 -0.290225
vn 0.000000 -0.956958 -0.290225
vn 0.000000 -0.995495 -0.094809
vn 0.000000 -0.995495 -0.094809
vn 0.000000 -0.995495 -0.094809
vn 0.000000 -0.995495 -0.094809
vn 0.000000 -0.995495 0.094809
vn 0.000000 -0.995495 0.094809
vn 0.000000 -0.995495 0.094809
vn 0.000000 -0.995495 0.094809
vn 0.000000 -0.956958 0.290225
vn 0.000000 -0.956958 0.290225
vn 0.000000 -0.956958 0.290225
vn 0.000000 -0.956958 0.290225
vn 0.000000 -0.881480 0.472221
vn 0.000000 -0.881480 0.472221
vn 0.000000 -0.881480 0.472221
vn 0.000000 -0.881480 0.472221
vn 0.000000 -0.770794 0.637085
vn 0.000000 -0.770794 0.637085
vn 0.000000 -0.770794 0.637085
vn 0.000000 -0.770794 0.637085
vn 0.000000 -0.637085 0.770794
vn 0.000000 -0.637085 0.770794
vn 0.000000 -0.637085 0.770794
vn 0.000000 -0.637085 0.770794
vn 0.000000 -0.472221 0.881480
vn 0.000000 -0.472221 0.881480
vn 0.000000 -0.472221 0.881480
vn 0.000000 -0.472221 0.881480
vn 0.000000 -0.290225 0.956958
vn 0.000000 -0.290225 0.956958
vn 0.000000 -0.290225 0.956958
vn 0.000000 -0.290225 0.956958
vn 0.000000 -0.094809 0.995495
vn 0.000000 -0.094809 0.995495
vn 0.000000 -0.094809 0.995495
vn 0.000000 -0.094809 0.995495
vn -0.071067 0.071067 0.994937
vn -0.071067 0.071067 0.994937
vn -0.071067 0.071067 0.994937
vn -0.071067 0.071067 0.994937
vn -0.204049 0.204049 0.957459
vn -0.204049 0.204049 0.957459
vn -0.204049 0.204049 0.957459
vn -0.204049 0.204049 0.957459
vn -0.331295 0.331295 0.883452
vn -0.331295 0.331295 0.883452
vn -0.331295 0.331295 0.883452
vn -0.331295 0.331295 0.883452
vn -0.449195 0.449195 0.772300
vn -0.449195 0.449195 0.772300
vn -0.449195 0.449195 0.772300
vn -0.449195 0.449195 0.772300
vn -0.544083 0.544083 0.638707
vn -0.544083 0.544083 0.638707
vn -0.544083 0.544083 0.638707
vn -0.544083 0.544083 0.638707
vn -0.622956 0.622956 0.473131
vn -0.622956 0.622956 0.473131
vn -0.622956 0.622956 0.473131
vn -0.622956 0.622956 0.473131
vn -0.676495 0.676495 0.291050
vn -0.676495 0.676495 0.291050
vn -0.676495 0.676495 0.291050
vn -0.676495 0.676495 0.291050
vn -0.703915 0.703915 0.094910
vn -0.703915 0.703915 0.094910
vn -0.703915 0.703915 0.094910
vn -0.703915 0.703915 0.094910
vn -0.703915 0.703915 -0.094910
vn -0.703915 0.703915 -0.094910
vn -0.703915 0.703915 -0.094910
vn -0.703915 0.703915 -0.094910
vn -0.676495 0.676495 -0.291050
vn -0.676495 0.676495 -0.291050
vn -0.676495 0.676495 -0.291050
vn -0.676495 0.676495 -0.291050
vn -0.622956 0.622956 -0.473131
vn -0.622956 0.622956 -0.473131
vn -0.622956 0.622956 -0.473131
vn -0.622956 0.622956 -0.473131
vn -0.544083 0.544083 -0.638707
vn -0.544083 0.544083 -0.638707
vn -0.544083 0.544083 -0.638707
vn -0.544083 0.544083 -0.638707
vn -0.449195 0.449195 -0.772300
vn -0.449195 0.449195 -0.772300
vn -0.449195 0.449195 -0.772300
vn -0.449195 0.449195 -0.772300
vn -0.331295 0.331295 -0.883452
vn -0.331295 0.331295 -0.883452
vn -0.331295 0.331295 -0.883452
vn -0.331295 0.331295 -0.883452
vn -0.204049 0.204049 -0.957459
vn -0.204049 0.204049 -0.957459
vn -0.204049 0.204049 -0.957459
vn -0.204049 0.204049 -0.957459
vn -0.071067 0.071067 -0.994937
vn -0.071067 0.071067 -0.994937
vn -0.071067 0.071067 -0.994937
vn -0.071067 0.071067 -0.994937
vn 0.071067 -0.071067 -0.994937
vn 0.071067 -0.071067 -0.994937
vn 0.071067 -0.071067 -0.994937
vn 0.071067 -0.071067 -0.994937
vn 0.204049 -0.204049 -0.957459
vn 0.204049 -0.204049 -0.957459
vn 0.204049 -0.204049 -0.957459
vn 0.204049 -0.204049 -0.957459
vn 0.331295 -0.331295 -0.883452
vn 0.331295 -0.331295 -0.883452
vn 0.331295 -0.331295 -0.883452
vn 0.331295 -0.331295 -0.883452
vn 0.449195 -0.449195 -0.772300
vn 0.449195 -0.449195 -0.772300
vn 0.449195 -0.449195 -0.772300
vn 0.449195 -0.449195 -0.772300
vn 0.544083 -0.544083 -0.638707
vn 0.544083 -0.544083 -0.638707
vn 0.544083 -0.544083 -0.638707
vn 0.544083 -0.544083 -0.638707
vn 0.622956 -0.622956 -0.473131
vn 0.622956 -0.622956 -0.473131
vn 0.622956 -0.622956 -0.473131
vn 0.622956 -0.622956 -0.473131
vn 0.676495 -0.676495 -0.291050
vn 0.676495 -0.676495 -0.291050
vn 0.676495 -0.676495 -0.291050
vn 0.676495 -0.676495 -0.291050
vn 0.703915 -0.703915 -0.094910
vn 0.703915 -0.703915 -0.094910
vn 0.703915 -0.703915 -0.094910
vn 0.703915 -0.703915 -0.094910
vn 0.703915 -0.703915 0.094910
vn 0.703915 -0.703915 0.094910
vn 0.703915 -0.703915 0.094910
vn 0.703915 -0.703915 0.094910
vn 0.676495 -0.676495 0.291050
vn 0.676495 -0.676495 0.291050
vn 0.676495 -0.676495 0.291050
vn 0.676495 -0.676495 0.291050
vn 0.622956 -0.622956 0.473131
vn 0.622956 -0.622956 0.473131
vn 0.622956 -0.622956 0.473131
vn 0.622956 -0.622956 0.473131
vn 0.544083 -0.544083 0.638707
vn 0.544083 -0.544083 0.638707
vn 0.544083 -0.544083 0.638707
vn 0.544083 -0.544083 0.638707
vn 0.449195 -0.449195 0.772300
vn 0.449195 -0.449195 0.772300
vn 0.449195 -0.449195 0.772300
vn 0.449195 -0.449195 0.772300
vn 0.331295 -0.331295 0.883452
vn 0.331295 -0.331295 0.883452
vn 0.331295 -0.331295 0.883452
vn 0.331295 -0.331295 0.883452
vn 0.204049 -0.204049 0.957459
vn 0.204049 -0.204049 0.957459
vn 0.204049 -0.204049 0.957459
vn 0.204049 -0.204049 0.957459
vn 0.071067 -0.071067 0.994937
vn 0.071067 -0.071067 0.994937
vn 0.071067 -0.071067 0.994937
vn 0.071067 -0.071067 0.994937
vn 0.000000 -1.000000 -0.000000
vn 0.000000 -1.000000 -0.000000
vn 0.000000 -1.000000 -0.000000
vn 0.000000 -1.000000 -0.000000
vn 0.000000 -1.000000 -0.000000
vn 0.000000 -1.000000 -0.000000
vn 0.000000 -1.000000 -0.000000
vn 0.000000 -1.000000 -0.000000
vn 0.000000 -1.000000 -0.000000
vn 0.000000 -1.000000 -0.000000
vn 0.000000 -1.000000 -0.000000
vn 0.000000 -1.000000 -0.000000
vn 0.000000 -1.000000 -0.000000
vn 0.000000 -1.000000 -0.000000
vn 0.000000 -1.000000 -0.000000
vn 0.000000 -1.000000 -0.000000
vn 0.000000 -1.000000 -0.000000
vn 0.000000 -1.000000 -0.000000
vn 0.000000 -1.000000 -0.000000
vn 0.000000 -1.000000 -0.000000
vn 0.000000 -1.000000 -0.000000
vn 0.000000 -1.000000 -0.000000
vn 0.000000 -1.000000 -0.000000
vn 0.000000 -1.000000 -0.000000
vn 0.000000 -1.000000 -0.000000
vn 0.000000 -1.000000 -0.000000
vn 0.000000 -1.000000 -0.000000
vn 0.000000 -1.000000 -0.000000
vn 0.000000 -1.000000 -0.000000
vn 0.000000 -1.000000 -0.000000
vn 0.000000 -1.000000 -0.000000
vn 0.000000 -1.000000 -0.000000
vn 0.000000 1.000000 -0.000000
vn 0.000000 1.000000 -0.000000
vn 0.000000 1.000000 -0.000000
vn 0.000000 1.000000 -0.000000
vn 0.000000 1.000000 -0.000000
vn 0.000000 1.000000 -0.000000
vn 0.000000 1.000000 -0.000000
vn 0.000000 1.000000 -0.000000
vn 0.000000 1.000000 -0.000000
vn 0.000000 1.000000 -0.000000
vn 0.000000 1.000000 -0.000000
vn 0.000000 1.000000 -0.000000
vn 0.000000 1.000000 -0.000000
vn 0.000000 1.000000 -0.000000
vn 0.000000 1.000000 -0.000000
vn 0.000000 1.000000 -0.000000
vn 0.000000 1.000000 -0.000000
vn 0.000000 1.000000 -0.000000
vn 0.000000 1.000000 -0.000000
vn 0.000000 1.000000 -0.000000
vn 0.000000 1.000000 -0.000000
vn 0.000000 1.000000 -0.000000
vn 0.000000 1.000000 -0.000000
vn 0.000000 1.000000 -0.000000
vn 0.000000 1.000000 -0.000000
vn 0.000000 1.000000 -0.000000
vn 0.000000 1.000000 -0.000000
vn 0.000000 1.000000 -0.000000
vn 0.000000 1.000000 -0.000000
vn 0.000000 1.000000 -0.000000
vn 0.000000 1.000000 -0.000000
vn 0.000000 1.000000 -0.000000
vn 0.000000 -1.000000 -0.000000
vn 0.000000 -1.000000 -0.000000
vn 0.000000 -1.000000 -0.000000
vn 0.000000 -1.000000 -0.000000
vn 0.000000 -1.000000 -0.000000
vn 0.000000 -1.000000 -0.000000
vn 0.000000 -1.000000 -0.000000
vn 0.000000 -1.000000 -0.000000
vn 0.000000 -1.000000 -0.000000
vn 0.000000 -1.000000 -0.000000
vn 0.000000 -1.000000 -0.000000
vn 0.000000 -1.000000 -0.000000
vn 0.000000 -1.000000 -0.000000
vn 0.000000 -1.000000 -0.000000
vn 0.000000 -1.000000 -0.000000
vn 0.000000 -1.000000 -0.000000
vn 0.000000 -1.000000 -0.000000
vn 0.000000 -1.000000 -0.000000
vn 0.000000 -1.000000 -0.000000
vn 0.000000 -1.000000 -0.000000
vn 0.000000 -1.000000 -0.000000
vn 0.000000 -1.000000 -0.000000
vn 0.000000 -1.000000 -0.000000
vn 0.000000 -1.000000 -0.000000
vn 0.000000 -1.000000 -0.000000
vn 0.000000 -1.000000 -0.000000
vn 0.000000 -1.000000 -0.000000
vn 0.000000 -1.000000 -0.000000
vn 0.000000 -1.000000 -0.000000
vn 0.000000 -1.000000 -0.000000
vn 0.000000 -1.000000 -0.000000
vn 0.000000 -1.000000 -0.000000
vn 0.000000 1.000000 -0.000000
vn 0.000000 1.000000 -0.000000
vn 0.000000 1.000000 -0.000000
vn 0.000000 1.000000 -0.000000
vn 0.000000 1.000000 -0.000000
vn 0.000000 1.000000 -0.000000
vn 0.000000 1.000000 -0.000000
vn 0.000000 1.000000 -0.000000
vn 0.000000 1.000000 -0.000000
vn 0.000000 1.000000 -0.000000
vn 0.000000 1.000000 -0.000000
vn 0.000000 1.000000 -0.000000
vn 0.000000 1.000000 -0.000000
vn 0.000000 1.000000 -0.000000
vn 0.000000 1.000000 -0.000000
vn 0.000000 1.000000 -0.000000
vn 0.000000 1.000000 -0.000000
vn 0.000000 1.000000 -0.000000
vn 0.000000 1.000000 -0.000000
vn 0.000000 1.000000 -0.000000
vn 0.000000 1.000000 -0.000000
vn 0.000000 1.000000 -0.000000
vn 0.000000 1.000000 -0.000000
vn 0.000000 1.000000 -0.000000
vn 0.000000 1.000000 -0.000000
vn 0.000000 1.000000 -0.000000
vn 0.000000 1.000000 -0.000000
vn 0.000000 1.000000 -0.000000
vn 0.000000 1.000000 -0.000000
vn 0.000000 1.000000 -0.000000
vn 0.000000 1.000000 -0.000000
vn 0.000000 1.000000 -0.000000
vn 0.707107 0.707107 -0.000000
vn 0.707107 0.707107 -0.000000
vn 0.707107 0.707107 -0.000000
vn 0.707107 0.707107 -0.000000
vn 0.707107 0.707107 -0.000000
vn 0.707107 0.707107 -0.000000
vn 0.707107 0.707107 -0.000000
vn 0.707107 0.707107 -0.000000
vn 0.707107 0.707107 -0.000000
vn 0.707107 0.707107 -0.000000
vn 0.707107 0.707107 -0.000000
vn 0.707107 0.707107 -0.000000
vn 0.707107 0.707107 -0.000000
vn 0.707107 0.707107 -0.000000
vn 0.707107 0.707107 -0.000000
vn 0.707107 0.707107 -0.000000
vn 0.707107 0.707107 -0.000000
vn 0.707107 0.707107 -0.000000
vn 0.707107 0.707107 -0.000000
vn 0.707107 0.707107 -0.000000
vn 0.707107 0.707107 -0.000000
vn 0.707107 0.707107 -0.000000
vn 0.707107 0.707107 -0.000000
vn 0.707107 0.707107 -0.000000
vn 0.707107 0.707107 -0.000000
vn 0.707107 0.707107 -0.000000
vn 0.707107 0.707107 -0.000000
vn 0.707107 0.707107 -0.000000
vn 0.707107 0.707107 -0.000000
vn 0.707107 0.707107 -0.000000
vn 0.707107 0.707107 -0.000000
vn 0.707107 0.707107 -0.000000
vn -0.707107 -0.707107 -0.000000
vn -0.707107 -0.707107 -0.000000
vn -0.707107 -0.707107 -0.000000
vn -0.707107 -0.707107 -0.000000
vn -0.707107 -0.707107 -0.000000
vn -0.707107 -0.707107 -0.000000
vn -0.707107 -0.707107 -0.000000
vn -0.707107 -0.707107 -0.000000
vn -0.707107 -0.707107 -0.000000
vn -0.707107 -0.707107 -0.000000
vn -0.707107 -0.707107 -0.000000
vn -0.707107 -0.707107 -0.000000
vn -0.707107 -0.707107 -0.000000
vn -0.707107 -0.707107 -0.000000
vn -0.707107 -0.707107 -0.000000
vn -0.707107 -0.707107 -0.000000
vn -0.707107 -0.707107 -0.000000
vn -0.707107 -0.707107 -0.000000
vn -0.707107 -0.707107 -0.000000
vn -0.707107 -0.707107 -0.000000
vn -0.707107 -0.707107 -0.000000
vn -0.707107 -0.707107 -0.000000
vn -0.707107 -0.707107 -0.000000
vn -0.707107 -0.707107 -0.000000
vn -0.707107 -0.707107 -0.000000
vn -0.707107 -0.707107 -0.000000
vn -0.707107 -0.707107 -0.000000
vn -0.707107 -0.707107 -0.000000
vn -0.707107 -0.707107 -0.000000
vn -0.707107 -0.707107 -0.000000
vn -0.707107 -0.707107 -0.000000
vn -0.707107 -0.707107 -0.000000
vn 1.000000 -0.000000 -0.000000
vn 1.000000 -0.000000 -0.000000
vn 1.000000 -0.000000 -0.000000
vn 1.000000 -0.000000 -0.000000
vn 1.000000 -0.000000 -0.000000
vn 1.000000 -0.000000 -0.000000
vn 1.000000 -0.000000 -0.000000
vn 1.000000 -0.000000 -0.000000
vn 1.000000 -0.000000 -0.000000
vn 1.000000 -0.000000 -0.000000
vn 1.000000 -0.000000 -0.000000
vn 1.000000 -0.000000 -0.000000
vn 1.000000 -0.000000 -0.000000
vn 1.000000 -0.000000 -0.000000
vn 1.000000 -0.000000 -0.000000
vn 1.000000 -0.000000 -0.000000
vn 1.000000 -0.000000 -0.000000
vn 1.000000 -0.000000 -0.000000
vn 1.000000 -0.000000 -0.000000
vn 1.000000 -0.000000 -0.000000
vn 1.000000 -0.000000 -0.000000
vn 1.000000 -0.000000 -0.000000
vn 1.000000 -0.000000 -0.000000
vn 1.000000 -0.000000 -0.000000
vn 1.000000 -0.000000 -0.000000
vn 1.000000 -0.000000 -0.000000
vn 1.000000 -0.000000 -0.000000
vn 1.000000 -0.000000 -0.000000
vn 1.000000 -0.000000 -0.000000
vn 1.000000 -0.000000 -0.000000
vn 1.000000 -0.000000 -0.000000
vn 1.000000 -0.000000 -0.000000
vn -1.000000 -0.000000 -0.000000
vn -1.000000 -0.000000 -0.000000
vn -1.000000 -0.000000 -0.000000
vn -1.000000 -0.000000 -0.000000
vn -1.000000 -0.000000 -0.000000
vn -1.000000 -0.000000 -0.000000
vn -1.000000 -0.000000 -0.000000
vn -1.000000 -0.000000 -0.000000
vn -1.000000 -0.000000 -0.000000
vn -1.000000 -0.000000 -0.000000
vn -1.000000 -0.000000 -0.000000
vn -1.000000 -0.000000 -0.000000
vn -1.000000 -0.000000 -0.000000
vn -1.000000 -0.000000 -0.000000
vn -1.000000 -0.000000 -0.000000
vn -1.000000 -0.000000 -0.000000
vn -1.000000 -0.000000 -0.000000
vn -1.000000 -0.000000 -0.000000
vn -1.000000 -0.000000 -0.000000
vn -1.000000 -0.000000 -0.000000
vn -1.000000 -0.000000 -0.000000
vn -1.000000 -0.000000 -0.000000
vn -1.000000 -0.000000 -0.000000
vn -1.000000 -0.000000 -0.000000
vn -1.000000 -0.000000 -0.000000
vn -1.000000 -0.000000 -0.000000
vn -1.000000 -0.000000 -0.000000
vn -1.000000 -0.000000 -0.000000
vn -1.000000 -0.000000 -0.000000
vn -1.000000 -0.000000 -0.000000
vn -1.000000 -0.000000 -0.000000
vn -1.000000 -0.000000 -0.000000
vn -1.000000 -0.000000 -0.000000
vn -1.000000 -0.000000 -0.000000
vn -1.000000 -0.000000 -0.000000
vn -1.000000 -0.000000 -0.000000
vn -1.000000 -0.000000 -0.000000
vn -1.000000 -0.000000 -0.000000
vn -1.000000 -0.000000 -0.000000
vn -1.000000 -0.000000 -0.000000
vn -1.000000 -0.000000 -0.000000
vn -1.000000 -0.000000 -0.000000
vn -1.000000 -0.000000 -0.000000
vn -1.000000 -0.000000 -0.000000
vn -1.000000 -0.000000 -0.000000
vn -1.000000 -0.000000 -0.000000
vn -1.000000 -0.000000 -0.000000
vn -1.000000 -0.000000 -0.000000
vn -1.000000 -0.000000 -0.000000
vn -1.000000 -0.000000 -0.000000
vn -1.000000 -0.000000 -0.000000
vn -1.000000 -0.000000 -0.000000
vn -1.000000 -0.000000 -0.000000
vn -1.000000 -0.000000 -0.000000
vn -1.000000 -0.000000 -0.000000
vn -1.000000 -0.000000 -0.000000
vn -1.000000 -0.000000 -0.000000
vn -1.000000 -0.000000 -0.000000
vn -1.000000 -0.000000 -0.000000
vn -1.000000 -0.000000 -0.000000
vn -1.000000 -0.000000 -0.000000
vn -1.000000 -0.000000 -0.000000
vn -1.000000 -0.000000 -0.000000
vn -1.000000 -0.000000 -0.000000
vn 1.000000 -0.000000 -0.000000
vn 1.000000 -0.000000 -0.000000
vn 1.000000 -0.000000 -0.000000
vn 1.000000 -0.000000 -0.000000
vn 1.000000 -0.000000 -0.000000
vn 1.000000 -0.000000 -0.000000
vn 1.000000 -0.000000 -0.000000
vn 1.000000 -0.000000 -0.000000
vn 1.000000 -0.000000 -0.000000
vn 1.000000 -0.000000 -0.000000
vn 1.000000 -0.000000 -0.000000
vn 1.000000 -0.000000 -0.000000
vn 1.000000 -0.000000 -0.000000
vn 1.000000 -0.000000 -0.000000
vn 1.000000 -0.000000 -0.000000
vn 1.000000 -0.000000 -0.000000
vn 1.000000 -0.000000 -0.000000
vn 1.000000 -0.000000 -0.000000
vn 1.000000 -0.000000 -0.000000
vn 1.000000 -0.000000 -0.000000
vn 1.000000 -0.000000 -0.000000
vn 1.000000 -0.000000 -0.000000
vn 1.000000 -0.000000 -0.000000
vn 1.000000 -0.000000 -0.000000
vn 1.000000 -0.000000 -0.000000
vn 1.000000 -0.000000 -0.000000
vn 1.000000 -0.000000 -0.000000
vn 1.000000 -0.000000 -0.000000
vn 1.000000 -0.000000 -0.000000
vn 1.000000 -0.000000 -0.000000
vn 1.000000 -0.000000 -0.000000
vn 1.000000 -0.000000 -0.000000
vn -0.707107 -0.707107 -0.000000
vn -0.707107 -0.707107 -0.000000
vn -0.707107 -0.707107 -0.000000
vn -0.707107 -0.707107 -0.000000
vn -0.707107 -0.707107 -0.000000
vn -0.707107 -0.707107 -0.000000
vn -0.707107 -0.707107 -0.000000
vn -0.707107 -0.707107 -0.000000
vn -0.707107 -0.707107 -0.000000
vn -0.707107 -0.707107 -0.000000
vn -0.707107 -0.707107 -0.000000
vn -0.707107 -0.707107 -0.000000
vn -0.707107 -0.707107 -0.000000
vn -0.707107 -0.707107 -0.000000
vn -0.707107 -0.707107 -0.000000
vn -0.707107 -0.707107 -0.000000
vn -0.707107 -0.707107 -0.000000
vn -0.707107 -0.707107 -0.000000
vn -0.707107 -0.707107 -0.000000
vn -0.707107 -0.707107 -0.000000
vn -0.707107 -0.707107 -0.000000
vn -0.707107 -0.707107 -0.000000
vn -0.707107 -0.707107 -0.000000
vn -0.707107 -0.707107 -0.000000
vn -0.707107 -0.707107 -0.000000
vn -0.707107 -0.707107 -0.000000
vn -0.707107 -0.707107 -0.000000
vn -0.707107 -0.707107 -0.000000
vn -0.707107 -0.707107 -0.000000
vn -0.707107 -0.707107 -0.000000
vn -0.707107 -0.707107 -0.000000
vn -0.707107 -0.707107 -0.000000
vn 0.707107 0.707107 -0.000000
vn 0.707107 0.707107 -0.000000
vn 0.707107 0.707107 -0.000000
vn 0.707107 0.707107 -0.000000
vn 0.707107 0.707107 -0.000000
vn 0.707107 0.707107 -0.000000
vn 0.707107 0.707107 -0.000000
vn 0.707107 0.707107 -0.000000
vn 0.707107 0.707107 -0.000000
vn 0.707107 0.707107 -0.000000
vn 0.707107 0.707107 -0.000000
vn 0.707107 0.707107 -0.000000
vn 0.707107 0.707107 -0.000000
vn 0.707107 0.707107 -0.000000
vn 0.707107 0.707107 -0.000000
vn 0.707107 0.707107 -0.000000
vn 0.707107 0.707107 -0.000000
vn 0.707107 0.707107 -0.000000
vn 0.707107 0.707107 -0.000000
vn 0.707107 0.707107 -0.000000
vn 0.707107 0.707107 -0.000000
vn 0.707107 0.707107 -0.000000
vn 0.707107 0.707107 -0.000000
vn 0.707107 0.707107 -0.000000
vn 0.707107 0.707107 -0.000000
vn 0.707107 0.707107 -0.000000
vn 0.707107 0.707107 -0.000000
vn 0.707107 0.707107 -0.000000
vn 0.707107 0.707107 -0.000000
vn 0.707107 0.707107 -0.000000
vn 0.707107 0.707107 -0.000000
vn 0.707107 0.707107 -0.000000
vn 0.707107 -0.707107 -0.000000
vn 0.707107 -0.707107 -0.000000
vn 0.707107 -0.707107 -0.000000
vn 0.707107 -0.707107 -0.000000
vn 0.707107 -0.707107 -0.000000
vn 0.707107 -0.707107 -0.000000
vn 0.707107 -0.707107 -0.000000
vn 0.707107 -0.707107 -0.000000
vn 0.707107 -0.707107 -0.000000
vn 0.707107 -0.707107 -0.000000
vn 0.707107 -0.707107 -0.000000
vn 0.707107 -0.707107 -0.000000
vn 0.707107 -0.707107 -0.000000
vn 0.707107 -0.707107 -0.000000
vn 0.707107 -0.707107 -0.000000
vn 0.707107 -0.707107 -0.000000
vn 0.707107 -0.707107 -0.000000
vn 0.707107 -0.707107 -0.000000
vn 0.707107 -0.707107 -0.000000
vn 0.707107 -0.707107 -0.000000
vn 0.707107 -0.707107 -0.000000
vn 0.707107 -0.707107 -0.000000
vn 0.707107 -0.707107 -0.000000
vn 0.707107 -0.707107 -0.000000
vn 0.707107 -0.707107 -0.000000
vn 0.707107 -0.707107 -0.000000
vn 0.707107 -0.707107 -0.000000
vn 0.707107 -0.707107 -0.000000
vn 0.707107 -0.707107 -0.000000
vn 0.707107 -0.707107 -0.000000
vn 0.707107 -0.707107 -0.000000
vn 0.707107 -0.707107 -0.000000
vn -0.707107 0.707107 -0.000000
vn -0.707107 0.707107 -0.000000
vn -0.707107 0.707107 -0.000000
vn -0.707107 0.707107 -0.000000
vn -0.707107 0.707107 -0.000000
vn -0.707107 0.707107 -0.000000
vn -0.707107 0.707107 -0.000000
vn -0.707107 0.707107 -0.000000
vn -0.707107 0.707107 -0.000000
vn -0.707107 0.707107 -0.000000
vn -0.707107 0.707107 -0.000000
vn -0.707107 0.707107 -0.000000
vn -0.707107 0.707107 -0.000000
vn -0.707107 0.707107 -0.000000
vn -0.707107 0.707107 -0.000000
vn -0.707107 0.707107 -0.000000
vn -0.707107 0.707107 -0.000000
vn -0.707107 0.707107 -0.000000
vn -0.707107 0.707107 -0.000000
vn -0.707107 0.707107 -0.000000
vn -0.707107 0.707107 -0.000000
vn -0.707107 0.707107 -0.000000
vn -0.707107 0.707107 -0.000000
vn -0.707107 0.707107 -0.000000
vn -0.707107 0.707107 -0.000000
vn -0.707107 0.707107 -0.000000
vn -0.707107 0.707107 -0.000000
vn -0.707107 0.707107 -0.000000
vn -0.707107 0.707107 -0.000000
vn -0.707107 0.707107 -0.000000
vn -0.707107 0.707107 -0.000000
vn -0.707107 0.707107 -0.000000
vn -0.707107 0.707107 -0.000000
vn -0.707107 0.707107 -0.000000
vn -0.707107 0.707107 -0.000000
vn -0.707107 0.707107 -0.000000
vn -0.707107 0.707107 -0.000000
vn -0.707107 0.707107 -0.000000
vn -0.707107 0.707107 -0.000000
vn -0.707107 0.707107 -0.000000
vn -0.707107 0.707107 -0.000000
vn -0.707107 0.707107 -0.000000
vn -0.707107 0.707107 -0.000000
vn -0.707107 0.707107 -0.000000
vn -0.707107 0.707107 -0.000000
vn -0.707107 0.707107 -0.000000
vn -0.707107 0.707107 -0.000000
vn -0.707107 0.707107 -0.000000
vn -0.707107 0.707107 -0.000000
vn -0.707107 0.707107 -0.000000
vn -0.707107 0.707107 -0.000000
vn -0.707107 0.707107 -0.000000
vn -0.707107 0.707107 -0.000000
vn -0.707107 0.707107 -0.000000
vn -0.707107 0.707107 -0.000000
vn -0.707107 0.707107 -0.000000
vn -0.707107 0.707107 -0.000000
vn -0.707107 0.707107 -0.000000
vn -0.707107 0.707107 -0.000000
vn -0.707107 0.707107 -0.000000
vn -0.707107 0.707107 -0.000000
vn -0.707107 0.707107 -0.000000
vn -0.707107 0.707107 -0.000000
vn -0.707107 0.707107 -0.000000
vn 0.707107 -0.707107 -0.000000
vn 0.707107 -0.707107 -0.000000
vn 0.707107 -0.707107 -0.000000
vn 0.707107 -0.707107 -0.000000
vn 0.707107 -0.707107 -0.000000
vn 0.707107 -0.707107 -0.000000
vn 0.707107 -0.707107 -0.000000
vn 0.707107 -0.707107 -0.000000
vn 0.707107 -0.707107 -0.000000
vn 0.707107 -0.707107 -0.000000
vn 0.707107 -0.707107 -0.000000
vn 0.707107 -0.707107 -0.000000
vn 0.707107 -0.707107 -0.000000
vn 0.707107 -0.707107 -0.000000
vn 0.707107 -0.707107 -0.000000
vn 0.707107 -0.707107 -0.000000
vn 0.707107 -0.707107 -0.000000
vn 0.707107 -0.707107 -0.000000
vn 0.707107 -0.707107 -0.000000
vn 0.707107 -0.707107 -0.000000
vn 0.707107 -0.707107 -0.000000
vn 0.707107 -0.707107 -0.000000
vn 0.707107 -0.707107 -0.000000
vn 0.707107 -0.707107 -0.000000
vn 0.707107 -0.707107 -0.000000
vn 0.707107 -0.707107 -0.000000
vn 0.707107 -0.707107 -0.000000
vn 0.707107 -0.707107 -0.000000
vn 0.707107 -0.707107 -0.000000
vn 0.707107 -0.707107 -0.000000
vn 0.707107 -0.707107 -0.000000
vn 0.707107 -0.707107 -0.000000
g octagon_WorldGridMaterial
usemtl WorldGridMaterial
f 2/2/2 3/3/3 1/1/1
f 1/1/1 4/4/4 2/2/2
f 6/6/6 7/7/7 5/5/5
f 5/5/5 8/8/8 6/6/6
f 10/10/10 11/11/11 9/9/9
f 9/9/9 12/12/12 10/10/10
f 14/14/14 15/15/15 13/13/13
f 13/13/13 16/16/16 14/14/14
f 18/18/18 19/19/19 17/17/17
f 17/17/17 20/20/20 18/18/18
f 22/22/22 23/23/23 21/21/21
f 21/21/21 24/24/24 22/22/22
f 26/26/26 27/27/27 25/25/25
f 25/25/25 28/28/28 26/26/26
f 30/30/30 31/31/31 29/29/29
f 29/29/29 32/32/32 30/30/30
f 34/34/34 35/35/35 33/33/33
f 33/33/33 36/36/36 34/34/34
f 38/38/38 39/39/39 37/37/37
f 37/37/37 40/40/40 38/38/38
f 42/42/42 43/43/43 41/41/41
f 41/41/41 44/44/44 42/42/42
f 46/46/46 47/47/47 45/45/45
f 45/45/45 48/48/48 46/46/46
f 50/50/50 51/51/51 49/49/49
f 49/49/49 52/52/52 50/50/50
f 54/54/54 55/55/55 53/53/53
f 53/53/53 56/56/56 54/54/54
f 58/58/58 59/59/59 57/57/57
f 57/57/57 60/60/60 58/58/58
f 62/62/62 63/63/63 61/61/61
f 61/61/61 64/64/64 62/62/62
f 66/66/66 67/67/67 65/65/65
f 65/65/65 68/68/68 66/66/66
f 70/70/70 71/71/71 69/69/69
f 69/69/69 72/72/72 70/70/70
f 74/74/74 75/75/75 73/73/73
f 73/73/73 76/76/76 74/74/74
f 78/78/78 79/79/79 77/77/77
f 77/77/77 80/80/80 78/78/78
f 82/82/82 83/83/83 81/81/81
f 81/81/81 84/84/84 82/82/82
f 86/86/86 87/87/87 85/85/85
f 85/85/85 88/88/88 86/86/86
f 90/90/90 91/91/91 89/89/89
f 89/89/89 92/92/92 90/90/90
f 94/94/94 95/95/95 93/93/93
f 93/93/93 96/96/96 94/94/94
f 98/98/98 99/99/99 97/97/97
f 97/97/97 100/100/100 98/98/98
f 102/102/102 103/103/103 101/101/101
f 101/101/101 104/104/104 102/102/102
f 106/106/106 107/107/107 105/105/105
f 105/105/105 108/108/108 106/106/106
f 110/110/110 111/111/111 109/109/109
f 109/109/109 112/112/112 110/110/110
f 114/114/114 115/115/115 113/113/113
f 113/113/113 116/116/116 114/114/114
f 118/118/118 119/119/119 117/117/117
f 117/117/117 120/120/120 118/118/118
f 122/122/122 123/123/123 121/121/121
f 121/121/121 124/124/124 122/122/122
f 126/126/126 127/127/127 125/125/125
f 125/125/125 128/128/128 126/126/126
f 130/130/130 131/131/131 129/129/129
f 132/132/132 129/129/129 131/131/131
f 134/134/134 135/135/135 133/133/133
f 136/136/136 133/133/133 135/135/135
f 138/138/138 139/139/139 137/137/137
f 140/140/140 137/137/137 139/139/139
f 142/142/142 143/143/143 141/141/141
f 144/144/144 141/141/141 143/143/143
f 146/146/146 147/147/147 145/145/145
f 148/148/148 145/145/145 147/147/147
f 150/150/150 151/151/151 149/149/149
f 152/152/152 149/149/149 151/151/151
f 154/154/154 155/155/155 153/153/153
f 155/155/155 156/156/156 153/153/153
f 158/158/158 159/159/159 157/157/157
f 159/159/159 160/160/160 157/157/157
f 162/162/162 163/163/163 161/161/161
f 161/161/161 164/164/164 162/162/162
f 166/166/166 167/167/167 165/165/165
f 165/165/165 168/168/168 166/166/166
f 170/170/170 171/171/171 169/169/169
f 169/169/169 172/172/172 170/170/170
f 174/174/174 175/175/175 173/173/173
f 173/173/173 176/176/176 174/174/174
f 178/178/178 179/179/179 177/177/177
f 177/177/177 180/180/180 178/178/178
f 182/182/182 183/183/183 181/181/181
f 181/181/181 184/184/184 182/182/182
f 186/186/186 187/187/187 185/185/185
f 187/187/187 186/186/186 188/188/188
f 190/190/190 191/191/191 189/189/189
f 191/191/191 190/190/190 192/192/192
f 194/194/194 195/195/195 193/193/193
f 195/195/195 194/194/194 196/196/196
f 198/198/198 199/199/199 197/197/197
f 199/199/199 198/198/198 200/200/200
f 202/202/202 203/203/203 201/201/201
f 201/201/201 204/204/204 202/202/202
f 206/206/206 207/207/207 205/205/205
f 205/205/205 208/208/208 206/206/206
f 210/210/210 211/211/211 209/209/209
f 209/209/209 212/212/212 210/210/210
f 214/214/214 215/215/215 213/213/213
f 213/213/213 216/216/216 214/214/214
f 218/218/218 219/219/219 217/217/217
f 217/217/217 220/220/220 218/218/218
f 222/222/222 223/223/223 221/221/221
f 221/221/221 224/224/224 222/222/222
f 226/226/226 227/227/227 225/225/225
f 227/227/227 228/228/228 225/225/225
f 230/230/230 231/231/231 229/229/229
f 231/231/231 232/232/232 229/229/229
f 234/234/234 235/235/235 233/233/233
f 236/236/236 233/233/233 235/235/235
f 238/238/238 239/239/239 237/237/237
f 240/240/240 237/237/237 239/239/239
f 242/242/242 243/243/243 241/241/241
f 244/244/244 241/241/241 243/243/243
f 246/246/246 247/247/247 245/245/245
f 248/248/248 245/245/245 247/247/247
f 250/250/250 251/251/251 249/249/249
f 252/252/252 249/249/249 251/251/251
f 254/254/254 255/255/255 253/253/253
f 256/256/256 253/253/253 255/255/255
f 258/258/258 259/259/259 257/257/257
f 260/260/260 257/257/257 259/259/259
f 262/262/262 263/263/263 261/261/261
f 264/264/264 261/261/261 263/263/263
f 266/266/266 267/267/267 265/265/265
f 268/268/268 265/265/265 267/267/267
f 270/270/270 271/271/271 269/269/269
f 272/272/272 269/269/269 271/271/271
f 274/274/274 275/275/275 273/273/273
f 276/276/276 273/273/273 275/275/275
f 278/278/278 279/279/279 277/277/277
f 280/280/280 277/277/277 279/279/279
f 282/282/282 283/283/283 281/281/281
f 283/283/283 284/284/284 281/281/281
f 286/286/286 287/287/287 285/285/285
f 287/287/287 288/288/288 285/285/285
f 290/290/290 291/291/291 289/289/289
f 289/289/289 292/292/292 290/290/290
f 294/294/294 295/295/295 293/293/293
f 293/293/293 296/296/296 294/294/294
f 298/298/298 299/299/299 297/297/297
f 297/297/297 300/300/300 298/298/298
f 302/302/302 303/303/303 301/301/301
f 301/301/301 304/304/304 302/302/302
f 306/306/306 307/307/307 305/305/305
f 305/305/305 308/308/308 306/306/306
f 310/310/310 311/311/311 309/309/309
f 309/309/309 312/312/312 310/310/310
f 314/314/314 315/315/315 313/313/313
f 315/315/315 314/314/314 316/316/316
f 318/318/318 319/319/319 317/317/317
f 319/319/319 318/318/318 320/320/320
f 322/322/322 323/323/323 321/321/321
f 323/323/323 322/322/322 324/324/324
f 326/326/326 327/327/327 325/325/325
f 327/327/327 326/326/326 328/328/328
f 330/330/330 331/331/331 329/329/329
f 329/329/329 332/332/332 330/330/330
f 334/334/334 335/335/335 333/333/333
f 333/333/333 336/336/336 334/334/334
f 338/338/338 339/339/339 337/337/337
f 337/337/337 340/340/340 338/338/338
f 342/342/342 343/343/343 341/341/341
f 341/341/341 344/344/344 342/342/342
f 346/346/346 347/347/347 345/345/345
f 345/345/345 348/348/348 346/346/346
f 350/350/350 351/351/351 349/349/349
f 349/349/349 352/352/352 350/350/350
f 354/354/354 355/355/355 353/353/353
f 355/355/355 356/356/356 353/353/353
f 358/358/358 359/359/359 357/357/357
f 359/359/359 360/360/360 357/357/357
f 362/362/362 363/363/363 361/361/361
f 364/364/364 361/361/361 363/363/363
f 366/366/366 367/367/367 365/365/365
f 368/368/368 365/365/365 367/367/367
f 370/370/370 371/371/371 369/369/369
f 372/372/372 369/369/369 371/371/371
f 374/374/374 375/375/375 373/373/373
f 376/376/376 373/373/373 375/375/375
f 378/378/378 379/379/379 377/377/377
f 380/380/380 377/377/377 379/379/379
f 382/382/382 383/383/383 381/381/381
f 384/384/384 381/381/381 383/383/383
f 386/386/386 387/387/387 385/385/385
f 387/387/387 388/388/388 385/385/385
f 390/390/390 391/391/391 389/389/389
f 391/391/391 392/392/392 389/389/389
f 394/394/394 395/395/395 393/393/393
f 395/395/395 396/396/396 393/393/393
f 398/398/398 399/399/399 397/397/397
f 399/399/399 400/400/400 397/397/397
f 402/402/402 403/403/403 401/401/401
f 403/403/403 404/404/404 401/401/401
f 406/406/406 407/407/407 405/405/405
f 407/407/407 408/408/408 405/405/405
f 410/410/410 411/411/411 409/409/409
f 411/411/411 412/412/412 409/409/409
f 414/414/414 415/415/415 413/413/413
f 415/415/415 416/416/416 413/413/413
f 418/418/418 419/419/419 417/417/417
f 419/419/419 420/420/420 417/417/417
f 422/422/422 423/423/423 421/421/421
f 423/423/423 424/424/424 421/421/421
f 426/426/426 427/427/427 425/425/425
f 427/427/427 428/428/428 425/425/425
f 430/430/430 431/431/431 429/429/429
f 431/431/431 432/432/432 429/429/429
f 434/434/434 435/435/435 433/433/433
f 435/435/435 436/436/436 433/433/433
f 438/438/438 439/439/439 437/437/437
f 439/439/439 440/440/440 437/437/437
f 442/442/442 443/443/443 441/441/441
f 443/443/443 444/444/444 441/441/441
f 446/446/446 447/447/447 445/445/445
f 447/447/447 448/448/448 445/445/445
f 450/450/450 451/451/451 449/449/449
f 449/449/449 452/452/452 450/450/450
f 454/454/454 455/455/455 453/453/453
f 453/453/453 456/456/456 454/454/454
f 458/458/458 459/459/459 457/457/457
f 457/457/457 460/460/460 458/458/458
f 462/462/462 463/463/463 461/461/461
f 461/461/461 464/464/464 462/462/462
f 466/466/466 467/467/467 465/465/465
f 465/465/465 468/468/468 466/466/466
f 470/470/470 471/471/471 469/469/469
f 469/469/469 472/472/472 470/470/470
f 474/474/474 475/475/475 473/473/473
f 473/473/473 476/476/476 474/474/474
f 478/478/478 479/479/479 477/477/477
f 477/477/477 480/480/480 478/478/478
f 482/482/482 483/483/483 481/481/481
f 481/481/481 484/484/484 482/482/482
f 486/486/486 487/487/487 485/485/485
f 485/485/485 488/488/488 486/486/486
f 490/490/490 491/491/491 489/489/489
f 489/489/489 492/492/492 490/490/490
f 494/494/494 495/495/495 493/493/493
f 493/493/493 496/496/496 494/494/494
f 498/498/498 499/499/499 497/497/497
f 497/497/497 500/500/500 498/498/498
f 502/502/502 503/503/503 501/501/501
f 501/501/501 504/504/504 502/502/502
f 506/506/506 507/507/507 505/505/505
f 505/505/505 508/508/508 506/506/506
f 510/510/510 511/511/511 509/509/509
f 509/509/509 512/512/512 510/510/510
f 514/514/514 515/515/515 513/513/513
f 515/515/515 514/514/514 516/516/516
f 518/518/518 519/519/519 517/517/517
f 518/518/518 517/517/517 520/520/520
f 522/522/522 523/523/523 521/521/521
f 521/521/521 524/524/524 522/522/522
f 526/526/526 527/527/527 525/525/525
f 525/525/525 528/528/528 526/526/526
f 530/530/530 531/531/531 529/529/529
f 529/529/529 532/532/532 530/530/530
f 534/534/534 535/535/535 533/533/533
f 533/533/533 536/536/536 534/534/534
f 538/538/538 539/539/539 537/537/537
f 537/537/537 540/540/540 538/538/538
f 542/542/542 543/543/543 541/541/541
f 541/541/541 544/544/544 542/542/542
f 546/546/546 547/547/547 545/545/545
f 547/547/547 548/548/548 545/545/545
f 550/550/550 551/551/551 549/549/549
f 551/551/551 552/552/552 549/549/549
f 554/554/554 555/555/555 553/553/553
f 555/555/555 556/556/556 553/553/553
f 558/558/558 559/559/559 557/557/557
f 559/559/559 560/560/560 557/557/557
f 562/562/562 563/563/563 561/561/561
f 563/563/563 564/564/564 561/561/561
f 566/566/566 567/567/567 565/565/565
f 568/568/568 565/565/565 567/567/567
f 570/570/570 571/571/571 569/569/569
f 572/572/572 569/569/569 571/571/571
f 574/574/574 575/575/575 573/573/573
f 576/576/576 573/573/573 575/575/575
f 578/578/578 579/579/579 577/577/577
f 580/580/580 577/577/577 579/579/579
f 582/582/582 583/583/583 581/581/581
f 584/584/584 581/581/581 583/583/583
f 586/586/586 587/587/587 585/585/585
f 588/588/588 585/585/585 587/587/587
f 590/590/590 591/591/591 589/589/589
f 591/591/591 592/592/592 589/589/589
f 594/594/594 595/595/595 593/593/593
f 595/595/595 596/596/596 593/593/593
f 598/598/598 599/599/599 597/597/597
f 599/599/599 600/600/600 597/597/597
f 602/602/602 603/603/603 601/601/601
f 603/603/603 604/604/604 601/601/601
f 606/606/606 607/607/607 605/605/605
f 607/607/607 608/608/608 605/605/605
f 610/610/610 611/611/611 609/609/609
f 609/609/609 612/612/612 610/610/610
f 614/614/614 615/615/615 613/613/613
f 613/613/613 616/616/616 614/614/614
f 618/618/618 619/619/619 617/617/617
f 617/617/617 620/620/620 618/618/618
f 622/622/622 623/623/623 621/621/621
f 621/621/621 624/624/624 622/622/622
f 626/626/626 627/627/627 625/625/625
f 625/625/625 628/628/628 626/626/626
f 630/630/630 631/631/631 629/629/629
f 629/629/629 632/632/632 630/630/630
f 634/634/634 635/635/635 633/633/633
f 634/634/634 633/633/633 636/636/636
f 638/638/638 639/639/639 637/637/637
f 639/639/639 638/638/638 640/640/640
f 642/642/642 643/643/643 641/641/641
f 644/644/644 641/641/641 643/643/643
f 646/646/646 647/647/647 645/645/645
f 648/648/648 645/645/645 647/647/647
f 650/650/650 651/651/651 649/649/649
f 652/652/652 649/649/649 651/651/651
f 654/654/654 655/655/655 653/653/653
f 656/656/656 653/653/653 655/655/655
f 658/658/658 659/659/659 657/657/657
f 657/657/657 660/660/660 658/658/658
f 662/662/662 663/663/663 661/661/661
f 661/661/661 664/664/664 662/662/662
f 666/666/666 667/667/667 665/665/665
f 665/665/665 668/668/668 666/666/666
f 670/670/670 671/671/671 669/669/669
f 669/669/669 672/672/672 670/670/670
f 674/674/674 675/675/675 673/673/673
f 673/673/673 676/676/676 674/674/674
f 678/678/678 679/679/679 677/677/677
f 677/677/677 680/680/680 678/678/678
f 682/682/682 683/683/683 681/681/681
f 681/681/681 684/684/684 682/682/682
f 686/686/686 687/687/687 685/685/685
f 685/685/685 688/688/688 686/686/686
f 690/690/690 691/691/691 689/689/689
f 689/689/689 692/692/692 690/690/690
f 694/694/694 695/695/695 693/693/693
f 693/693/693 696/696/696 694/694/694
f 698/698/698 699/699/699 697/697/697
f 697/697/697 700/700/700 698/698/698
f 702/702/702 703/703/703 701/701/701
f 701/701/701 704/704/704 702/702/702
f 706/706/706 707/707/707 705/705/705
f 705/705/705 708/708/708 706/706/706
f 710/710/710 711/711/711 709/709/709
f 709/709/709 712/712/712 710/710/710
f 714/714/714 715/715/715 713/713/713
f 713/713/713 716/716/716 714/714/714
f 718/718/718 719/719/719 717/717/717
f 717/717/717 720/720/720 718/718/718
f 722/722/722 723/723/723 721/721/721
f 724/724/724 721/721/721 723/723/723
f 726/726/726 727/727/727 725/725/725
f 728/728/728 725/725/725 727/727/727
f 730/730/730 731/731/731 729/729/729
f 732/732/732 729/729/729 731/731/731
f 734/734/734 735/735/735 733/733/733
f 736/736/736 733/733/733 735/735/735
f 738/738/738 739/739/739 737/737/737
f 740/740/740 737/737/737 739/739/739
f 742/742/742 743/743/743 741/741/741
f 744/744/744 741/741/741 743/743/743
f 746/746/746 747/747/747 745/745/745
f 748/748/748 745/745/745 747/747/747
f 750/750/750 751/751/751 749/749/749
f 752/752/752 749/749/749 751/751/751
f 754/754/754 755/755/755 753/753/753
f 756/756/756 753/753/753 755/755/755
f 758/758/758 759/759/759 757/757/757
f 760/760/760 757/757/757 759/759/759
f 762/762/762 763/763/763 761/761/761
f 764/764/764 761/761/761 763/763/763
f 766/766/766 767/767/767 765/765/765
f 768/768/768 765/765/765 767/767/767
f 770/770/770 771/771/771 769/769/769
f 772/772/772 769/769/769 771/771/771
f 774/774/774 775/775/775 773/773/773
f 776/776/776 773/773/773 775/775/775
f 778/778/778 779/779/779 777/777/777
f 780/780/780 777/777/777 779/779/779
f 782/782/782 783/783/783 781/781/781
f 784/784/784 781/781/781 783/783/783
f 786/786/786 787/787/787 785/785/785
f 788/788/788 785/785/785 787/787/787
f 790/790/790 791/791/791 789/789/789
f 792/792/792 789/789/789 791/791/791
f 794/794/794 795/795/795 793/793/793
f 795/795/795 796/796/796 793/793/793
f 798/798/798 799/799/799 797/797/797
f 799/799/799 800/800/800 797/797/797
f 802/802/802 803/803/803 801/801/801
f 801/801/801 804/804/804 802/802/802
f 806/806/806 807/807/807 805/805/805
f 805/805/805 808/808/808 806/806/806
f 810/810/810 811/811/811 809/809/809
f 809/809/809 812/812/812 810/810/810
f 814/814/814 815/815/815 813/813/813
f 813/813/813 816/816/816 814/814/814
f 818/818/818 819/819/819 817/817/817
f 817/817/817 820/820/820 818/818/818
f 822/822/822 823/823/823 821/821/821
f 821/821/821 824/824/824 822/822/822
f 826/826/826 827/827/827 825/825/825
f 827/827/827 826/826/826 828/828/828
f 830/830/830 831/831/831 829/829/829
f 831/831/831 830/830/830 832/832/832
f 834/834/834 835/835/835 833/833/833
f 835/835/835 834/834/834 836/836/836
f 838/838/838 839/839/839 837/837/837
f 839/839/839 838/838/838 840/840/840
f 842/842/842 843/843/843 841/841/841
f 841/841/841 844/844/844 842/842/842
f 846/846/846 847/847/847 845/845/845
f 845/845/845 848/848/848 846/846/846
f 850/850/850 851/851/851 849/849/849
f 849/849/849 852/852/852 850/850/850
f 854/854/854 855/855/855 853/853/853
f 853/853/853 856/856/856 854/854/854
f 858/858/858 859/859/859 857/857/857
f 857/857/857 860/860/860 858/858/858
f 862/862/862 863/863/863 861/861/861
f 861/861/861 864/864/864 862/862/862
f 866/866/866 867/867/867 865/865/865
f 867/867/867 868/868/868 865/865/865
f 870/870/870 871/871/871 869/869/869
f 871/871/871 872/872/872 869/869/869
f 874/874/874 875/875/875 873/873/873
f 876/876/876 873/873/873 875/875/875
f 878/878/878 879/879/879 877/877/877
f 880/880/880 877/877/877 879/879/879
f 882/882/882 883/883/883 881/881/881
f 884/884/884 881/881/881 883/883/883
f 886/886/886 887/887/887 885/885/885
f 888/888/888 885/885/885 887/887/887
f 890/890/890 891/891/891 889/889/889
f 892/892/892 889/889/889 891/891/891
f 894/894/894 895/895/895 893/893/893
f 896/896/896 893/893/893 895/895/895
f 898/898/898 899/899/899 897/897/897
f 899/899/899 900/900/900 897/897/897
f 902/902/902 903/903/903 901/901/901
f 903/903/903 904/904/904 901/901/901
f 906/906/906 907/907/907 905/905/905
f 907/907/907 908/908/908 905/905/905
f 910/910/910 911/911/911 909/909/909
f 911/911/911 912/912/912 909/909/909
f 914/914/914 915/915/915 913/913/913
f 915/915/915 916/916/916 913/913/913
f 918/918/918 919/919/919 917/917/917
f 919/919/919 920/920/920 917/917/917
f 922/922/922 923/923/923 921/921/921
f 923/923/923 924/924/924 921/921/921
f 926/926/926 927/927/927 925/925/925
f 927/927/927 928/928/928 925/925/925
f 930/930/930 931/931/931 929/929/929
f 931/931/931 932/932/932 929/929/929
f 934/934/934 935/935/935 933/933/933
f 935/935/935 936/936/936 933/933/933
f 938/938/938 939/939/939 937/937/937
f 939/939/939 940/940/940 937/937/937
f 942/942/942 943/943/943 941/941/941
f 943/943/943 944/944/944 941/941/941
f 946/946/946 947/947/947 945/945/945
f 947/947/947 948/948/948 945/945/945
f 950/950/950 951/951/951 949/949/949
f 951/951/951 952/952/952 949/949/949
f 954/954/954 955/955/955 953/953/953
f 955/955/955 956/956/956 953/953/953
f 958/958/958 959/959/959 957/957/957
f 959/959/959 960/960/960 957/957/957
f 962/962/962 963/963/963 961/961/961
f 961/961/961 964/964/964 962/962/962
f 966/966/966 967/967/967 965/965/965
f 965/965/965 968/968/968 966/966/966
f 970/970/970 971/971/971 969/969/969
f 969/969/969 972/972/972 970/970/970
f 974/974/974 975/975/975 973/973/973
f 973/973/973 976/976/976 974/974/974
f 978/978/978 979/979/979 977/977/977
f 977/977/977 980/980/980 978/978/978
f 982/982/982 983/983/983 981/981/981
f 981/981/981 984/984/984 982/982/982
f 986/986/986 987/987/987 985/985/985
f 985/985/985 988/988/988 986/986/986
f 990/990/990 991/991/991 989/989/989
f 989/989/989 992/992/992 990/990/990
f 994/994/994 995/995/995 993/993/993
f 993/993/993 996/996/996 994/994/994
f 998/998/998 999/999/999 997/997/997
f 997/997/997 1000/1000/1000 998/998/998
f 1002/1002/1002 1003/1003/1003 1001/1001/1001
f 1001/1001/1001 1004/1004/1004 1002/1002/1002
f 1006/1006/1006 1007/1007/1007 1005/1005/1005
f 1005/1005/1005 1008/1008/1008 1006/1006/1006
f 1010/1010/1010 1011/1011/1011 1009/1009/1009
f 1009/1009/1009 1012/1012/1012 1010/1010/1010
f 1014/1014/1014 1015/1015/1015 1013/1013/1013
f 1013/1013/1013 1016/1016/1016 1014/1014/1014
f 1018/1018/1018 1019/1019/1019 1017/1017/1017
f 1017/1017/1017 1020/1020/1020 1018/1018/1018
f 1022/1022/1022 1023/1023/1023 1021/1021/1021
f 1021/1021/1021 1024/1024/1024 1022/1022/1022
f 1026/1026/1026 1027/1027/1027 1025/1025/1025
f 1026/1026/1026 1025/1025/1025 1028/1028/1028
f 1029/1029/1029 1026/1026/1026 1028/1028/1028
f 1029/1029/1029 1028/1028/1028 1030/1030/1030
f 1030/1030/1030 1031/1031/1031 1029/1029/1029
f 1032/1032/1032 1031/1031/1031 1030/1030/1030
f 1030/1030/1030 1033/1033/1033 1032/1032/1032
f 1033/1033/1033 1034/1034/1034 1032/1032/1032
f 1033/1033/1033 1035/1035/1035 1034/1034/1034
f 1035/1035/1035 1036/1036/1036 1034/1034/1034
f 1036/1036/1036 1035/1035/1035 1037/1037/1037
f 1037/1037/1037 1038/1038/1038 1036/1036/1036
f 1038/1038/1038 1037/1037/1037 1039/1039/1039
f 1039/1039/1039 1040/1040/1040 1038/1038/1038
f 1040/1040/1040 1039/1039/1039 1041/1041/1041
f 1042/1042/1042 1040/1040/1040 1041/1041/1041
f 1041/1041/1041 1043/1043/1043 1042/1042/1042
f 1043/1043/1043 1044/1044/1044 1042/1042/1042
f 1044/1044/1044 1043/1043/1043 1045/1045/1045
f 1045/1045/1045 1046/1046/1046 1044/1044/1044
f 1046/1046/1046 1045/1045/1045 1047/1047/1047
f 1047/1047/1047 1048/1048/1048 1046/1046/1046
f 1048/1048/1048 1047/1047/1047 1049/1049/1049
f 1049/1049/1049 1050/1050/1050 1048/1048/1048
f 1050/1050/1050 1049/1049/1049 1051/1051/1051
f 1051/1051/1051 1052/1052/1052 1050/1050/1050
f 1053/1053/1053 1050/1050/1050 1052/1052/1052
f 1052/1052/1052 1054/1054/1054 1053/1053/1053
f 1054/1054/1054 1052/1052/1052 1055/1055/1055
f 1055/1055/1055 1056/1056/1056 1054/1054/1054
f 1058/1058/1058 1059/1059/1059 1057/1057/1057
f 1057/1057/1057 1060/1060/1060 1058/1058/1058
f 1060/1060/1060 1057/1057/1057 1061/1061/1061
f 1062/1062/1062 1060/1060/1060 1061/1061/1061
f 1061/1061/1061 1063/1063/1063 1062/1062/1062
f 1062/1062/1062 1063/1063/1063 1064/1064/1064
f 1064/1064/1064 1065/1065/1065 1062/1062/1062
f 1064/1064/1064 1066/1066/1066 1065/1065/1065
f 1066/1066/1066 1064/1064/1064 1067/1067/1067
f 1066/1066/1066 1067/1067/1067 1068/1068/1068
f 1068/1068/1068 1069/1069/1069 1066/1066/1066
f 1069/1069/1069 1068/1068/1068 1070/1070/1070
f 1070/1070/1070 1071/1071/1071 1069/1069/1069
f 1072/1072/1072 1071/1071/1071 1070/1070/1070
f 1070/1070/1070 1073/1073/1073 1072/1072/1072
f 1072/1072/1072 1073/1073/1073 1074/1074/1074
f 1074/1074/1074 1075/1075/1075 1072/1072/1072
f 1075/1075/1075 1074/1074/1074 1076/1076/1076
f 1076/1076/1076 1077/1077/1077 1075/1075/1075
f 1076/1076/1076 1078/1078/1078 1077/1077/1077
f 1078/1078/1078 1076/1076/1076 1079/1079/1079
f 1078/1078/1078 1079/1079/1079 1080/1080/1080
f 1080/1080/1080 1081/1081/1081 1078/1078/1078
f 1082/1082/1082 1081/1081/1081 1080/1080/1080
f 1080/1080/1080 1083/1083/1083 1082/1082/1082
f 1082/1082/1082 1083/1083/1083 1084/1084/1084
f 1084/1084/1084 1085/1085/1085 1082/1082/1082
f 1085/1085/1085 1084/1084/1084 1086/1086/1086
f 1086/1086/1086 1087/1087/1087 1085/1085/1085
f 1086/1086/1086 1088/1088/1088 1087/1087/1087
f 1090/1090/1090 1091/1091/1091 1089/1089/1089
f 1092/1092/1092 1090/1090/1090 1089/1089/1089
f 1089/1089/1089 1093/1093/1093 1092/1092/1092
f 1092/1092/1092 1093/1093/1093 1094/1094/1094
f 1094/1094/1094 1095/1095/1095 1092/1092/1092
f 1096/1096/1096 1095/1095/1095 1094/1094/1094
f 1094/1094/1094 1097/1097/1097 1096/1096/1096
f 1097/1097/1097 1098/1098/1098 1096/1096/1096
f 1097/1097/1097 1099/1099/1099 1098/1098/1098
f 1098/1098/1098 1099/1099/1099 1100/1100/1100
f 1100/1100/1100 1101/1101/1101 1098/1098/1098
f 1100/1100/1100 1102/1102/1102 1101/1101/1101
f 1102/1102/1102 1100/1100/1100 1103/1103/1103
f 1103/1103/1103 1104/1104/1104 1102/1102/1102
f 1104/1104/1104 1103/1103/1103 1105/1105/1105
f 1106/1106/1106 1104/1104/1104 1105/1105/1105
f 1105/1105/1105 1107/1107/1107 1106/1106/1106
f 1106/1106/1106 1107/1107/1107 1108/1108/1108
f 1108/1108/1108 1109/1109/1109 1106/1106/1106
f 1108/1108/1108 1110/1110/1110 1109/1109/1109
f 1110/1110/1110 1108/1108/1108 1111/1111/1111
f 1111/1111/1111 1112/1112/1112 1110/1110/1110
f 1112/1112/1112 1111/1111/1111 1113/1113/1113
f 1113/1113/1113 1114/1114/1114 1112/1112/1112
f 1114/1114/1114 1113/1113/1113 1115/1115/1115
f 1115/1115/1115 1116/1116/1116 1114/1114/1114
f 1117/1117/1117 1114/1114/1114 1116/1116/1116
f 1117/1117/1117 1116/1116/1116 1118/1118/1118
f 1118/1118/1118 1119/1119/1119 1117/1117/1117
f 1118/1118/1118 1120/1120/1120 1119/1119/1119
f 1122/1122/1122 1123/1123/1123 1121/1121/1121
f 1121/1121/1121 1124/1124/1124 1122/1122/1122
f 1124/1124/1124 1121/1121/1121 1125/1125/1125
f 1126/1126/1126 1124/1124/1124 1125/1125/1125
f 1125/1125/1125 1127/1127/1127 1126/1126/1126
f 1126/1126/1126 1127/1127/1127 1128/1128/1128
f 1128/1128/1128 1129/1129/1129 1126/1126/1126
f 1129/1129/1129 1128/1128/1128 1130/1130/1130
f 1130/1130/1130 1131/1131/1131 1129/1129/1129
f 1131/1131/1131 1130/1130/1130 1132/1132/1132
f 1132/1132/1132 1133/1133/1133 1131/1131/1131
f 1132/1132/1132 1134/1134/1134 1133/1133/1133
f 1134/1134/1134 1132/1132/1132 1135/1135/1135
f 1134/1134/1134 1135/1135/1135 1136/1136/1136
f 1137/1137/1137 1134/1134/1134 1136/1136/1136
f 1137/1137/1137 1136/1136/1136 1138/1138/1138
f 1138/1138/1138 1139/1139/1139 1137/1137/1137
f 1139/1139/1139 1138/1138/1138 1140/1140/1140
f 1140/1140/1140 1141/1141/1141 1139/1139/1139
f 1140/1140/1140 1142/1142/1142 1141/1141/1141
f 1142/1142/1142 1140/1140/1140 1143/1143/1143
f 1142/1142/1142 1143/1143/1143 1144/1144/1144
f 1144/1144/1144 1145/1145/1145 1142/1142/1142
f 1145/1145/1145 1144/1144/1144 1146/1146/1146
f 1147/1147/1147 1145/1145/1145 1146/1146/1146
f 1146/1146/1146 1148/1148/1148 1147/1147/1147
f 1146/1146/1146 1149/1149/1149 1148/1148/1148
f 1148/1148/1148 1149/1149/1149 1150/1150/1150
f 1150/1150/1150 1151/1151/1151 1148/1148/1148
f 1150/1150/1150 1152/1152/1152 1151/1151/1151
f 1154/1154/1154 1155/1155/1155 1153/1153/1153
f 1154/1154/1154 1153/1153/1153 1156/1156/1156
f 1157/1157/1157 1154/1154/1154 1156/1156/1156
f 1156/1156/1156 1158/1158/1158 1157/1157/1157
f 1158/1158/1158 1156/1156/1156 1159/1159/1159
f 1159/1159/1159 1160/1160/1160 1158/1158/1158
f 1161/1161/1161 1158/1158/1158 1160/1160/1160
f 1161/1161/1161 1160/1160/1160 1162/1162/1162
f 1162/1162/1162 1163/1163/1163 1161/1161/1161
f 1163/1163/1163 1162/1162/1162 1164/1164/1164
f 1164/1164/1164 1165/1165/1165 1163/1163/1163
f 1165/1165/1165 1164/1164/1164 1166/1166/1166
f 1166/1166/1166 1167/1167/1167 1165/1165/1165
f 1167/1167/1167 1166/1166/1166 1168/1168/1168
f 1168/1168/1168 1169/1169/1169 1167/1167/1167
f 1168/1168/1168 1170/1170/1170 1169/1169/1169
f 1171/1171/1171 1169/1169/1169 1170/1170/1170
f 1171/1171/1171 1170/1170/1170 1172/1172/1172
f 1172/1172/1172 1173/1173/1173 1171/1171/1171
f 1173/1173/1173 1172/1172/1172 1174/1174/1174
f 1174/1174/1174 1175/1175/1175 1173/1173/1173
f 1175/1175/1175 1174/1174/1174 1176/1176/1176
f 1176/1176/1176 1177/1177/1177 1175/1175/1175
f 1177/1177/1177 1176/1176/1176 1178/1178/1178
f 1178/1178/1178 1179/1179/1179 1177/1177/1177
f 1178/1178/1178 1180/1180/1180 1179/1179/1179
f 1181/1181/1181 1179/1179/1179 1180/1180/1180
f 1180/1180/1180 1182/1182/1182 1181/1181/1181
f 1180/1180/1180 1183/1183/1183 1182/1182/1182
f 1183/1183/1183 1184/1184/1184 1182/1182/1182
f 1186/1186/1186 1187/1187/1187 1185/1185/1185
f 1185/1185/1185 1188/1188/1188 1186/1186/1186
f 1188/1188/1188 1185/1185/1185 1189/1189/1189
f 1189/1189/1189 1190/1190/1190 1188/1188/1188
f 1190/1190/1190 1189/1189/1189 1191/1191/1191
f 1192/1192/1192 1190/1190/1190 1191/1191/1191
f 1191/1191/1191 1193/1193/1193 1192/1192/1192
f 1193/1193/1193 1194/1194/1194 1192/1192/1192
f 1194/1194/1194 1193/1193/1193 1195/1195/1195
f 1195/1195/1195 1196/1196/1196 1194/1194/1194
f 1196/1196/1196 1195/1195/1195 1197/1197/1197
f 1197/1197/1197 1198/1198/1198 1196/1196/1196
f 1198/1198/1198 1197/1197/1197 1199/1199/1199
f 1200/1200/1200 1198/1198/1198 1199/1199/1199
f 1200/1200/1200 1199/1199/1199 1201/1201/1201
f 1202/1202/1202 1200/1200/1200 1201/1201/1201
f 1201/1201/1201 1203/1203/1203 1202/1202/1202
f 1203/1203/1203 1204/1204/1204 1202/1202/1202
f 1204/1204/1204 1203/1203/1203 1205/1205/1205
f 1205/1205/1205 1206/1206/1206 1204/1204/1204
f 1206/1206/1206 1205/1205/1205 1207/1207/1207
f 1207/1207/1207 1208/1208/1208 1206/1206/1206
f 1208/1208/1208 1207/1207/1207 1209/1209/1209
f 1210/1210/1210 1208/1208/1208 1209/1209/1209
f 1210/1210/1210 1209/1209/1209 1211/1211/1211
f 1211/1211/1211 1212/1212/1212 1210/1210/1210
f 1212/1212/1212 1213/1213/1213 1210/1210/1210
f 1212/1212/1212 1214/1214/1214 1213/1213/1213
f 1214/1214/1214 1212/1212/1212 1215/1215/1215
f 1215/1215/1215 1216/1216/1216 1214/1214/1214
f 1218/1218/1218 1219/1219/1219 1217/1217/1217
f 1218/1218/1218 1217/1217/1217 1220/1220/1220
f 1221/1221/1221 1218/1218/1218 1220/1220/1220
f 1220/1220/1220 1222/1222/1222 1221/1221/1221
f 1222/1222/1222 1220/1220/1220 1223/1223/1223
f 1223/1223/1223 1224/1224/1224 1222/1222/1222
f 1225/1225/1225 1222/1222/1222 1224/1224/1224
f 1224/1224/1224 1226/1226/1226 1225/1225/1225
f 1224/1224/1224 1227/1227/1227 1226/1226/1226
f 1227/1227/1227 1228/1228/1228 1226/1226/1226
f 1228/1228/1228 1227/1227/1227 1229/1229/1229
f 1228/1228/1228 1229/1229/1229 1230/1230/1230
f 1230/1230/1230 1231/1231/1231 1228/1228/1228
f 1230/1230/1230 1232/1232/1232 1231/1231/1231
f 1232/1232/1232 1230/1230/1230 1233/1233/1233
f 1234/1234/1234 1232/1232/1232 1233/1233/1233
f 1233/1233/1233 1235/1235/1235 1234/1234/1234
f 1234/1234/1234 1235/1235/1235 1236/1236/1236
f 1236/1236/1236 1237/1237/1237 1234/1234/1234
f 1236/1236/1236 1238/1238/1238 1237/1237/1237
f 1238/1238/1238 1236/1236/1236 1239/1239/1239
f 1239/1239/1239 1240/1240/1240 1238/1238/1238
f 1240/1240/1240 1239/1239/1239 1241/1241/1241
f 1241/1241/1241 1242/1242/1242 1240/1240/1240
f 1242/1242/1242 1241/1241/1241 1243/1243/1243
f 1243/1243/1243 1244/1244/1244 1242/1242/1242
f 1245/1245/1245 1242/1242/1242 1244/1244/1244
f 1244/1244/1244 1246/1246/1246 1245/1245/1245
f 1246/1246/1246 1244/1244/1244 1247/1247/1247
f 1247/1247/1247 1248/1248/1248 1246/1246/1246
f 1250/1250/1250 1251/1251/1251 1249/1249/1249
f 1249/1249/1249 1252/1252/1252 1250/1250/1250
f 1252/1252/1252 1249/1249/1249 1253/1253/1253
f 1252/1252/1252 1253/1253/1253 1254/1254/1254
f 1255/1255/1255 1252/1252/1252 1254/1254/1254
f 1254/1254/1254 1256/1256/1256 1255/1255/1255
f 1256/1256/1256 1254/1254/1254 1257/1257/1257
f 1257/1257/1257 1258/1258/1258 1256/1256/1256
f 1258/1258/1258 1257/1257/1257 1259/1259/1259
f 1259/1259/1259 1260/1260/1260 1258/1258/1258
f 1260/1260/1260 1259/1259/1259 1261/1261/1261
f 1261/1261/1261 1262/1262/1262 1260/1260/1260
f 1262/1262/1262 1261/1261/1261 1263/1263/1263
f 1262/1262/1262 1263/1263/1263 1264/1264/1264
f 1265/1265/1265 1262/1262/1262 1264/1264/1264
f 1265/1265/1265 1264/1264/1264 1266/1266/1266
f 1266/1266/1266 1267/1267/1267 1265/1265/1265
f 1266/1266/1266 1268/1268/1268 1267/1267/1267
f 1268/1268/1268 1266/1266/1266 1269/1269/1269
f 1269/1269/1269 1270/1270/1270 1268/1268/1268
f 1270/1270/1270 1269/1269/1269 1271/1271/1271
f 1271/1271/1271 1272/1272/1272 1270/1270/1270
f 1272/1272/1272 1271/1271/1271 1273/1273/1273
f 1272/1272/1272 1273/1273/1273 1274/1274/1274
f 1275/1275/1275 1272/1272/1272 1274/1274/1274
f 1274/1274/1274 1276/1276/1276 1275/1275/1275
f 1274/1274/1274 1277/1277/1277 1276/1276/1276
f 1277/1277/1277 1278/1278/1278 1276/1276/1276
f 1278/1278/1278 1277/1277/1277 1279/1279/1279
f 1279/1279/1279 1280/1280/1280 1278/1278/1278
f 1282/1282/1282 1283/1283/1283 1281/1281/1281
f 1284/1284/1284 1282/1282/1282 1281/1281/1281
f 1281/1281/1281 1285/1285/1285 1284/1284/1284
f 1285/1285/1285 1286/1286/1286 1284/1284/1284
f 1286/1286/1286 1285/1285/1285 1287/1287/1287
f 1287/1287/1287 1288/1288/1288 1286/1286/1286
f 1289/1289/1289 1286/1286/1286 1288/1288/1288
f 1289/1289/1289 1288/1288/1288 1290/1290/1290
f 1290/1290/1290 1291/1291/1291 1289/1289/1289
f 1290/1290/1290 1292/1292/1292 1291/1291/1291
f 1292/1292/1292 1290/1290/1290 1293/1293/1293
f 1292/1292/1292 1293/1293/1293 1294/1294/1294
f 1294/1294/1294 1295/1295/1295 1292/1292/1292
f 1295/1295/1295 1294/1294/1294 1296/1296/1296
f 1296/1296/1296 1297/1297/1297 1295/1295/1295
f 1296/1296/1296 1298/1298/1298 1297/1297/1297
f 1299/1299/1299 1297/1297/1297 1298/1298/1298
f 1299/1299/1299 1298/1298/1298 1300/1300/1300
f 1300/1300/1300 1301/1301/1301 1299/1299/1299
f 1300/1300/1300 1302/1302/1302 1301/1301/1301
f 1302/1302/1302 1300/1300/1300 1303/1303/1303
f 1302/1302/1302 1303/1303/1303 1304/1304/1304
f 1304/1304/1304 1305/1305/1305 1302/1302/1302
f 1305/1305/1305 1304/1304/1304 1306/1306/1306
f 1306/1306/1306 1307/1307/1307 1305/1305/1305
f 1308/1308/1308 1307/1307/1307 1306/1306/1306
f 1306/1306/1306 1309/1309/1309 1308/1308/1308
f 1309/1309/1309 1310/1310/1310 1308/1308/1308
f 1310/1310/1310 1309/1309/1309 1311/1311/1311
f 1311/1311/1311 1312/1312/1312 1310/1310/1310
f 1314/1314/1314 1315/1315/1315 1313/1313/1313
f 1314/1314/1314 1313/1313/1313 1316/1316/1316
f 1316/1316/1316 1317/1317/1317 1314/1314/1314
f 1317/1317/1317 1316/1316/1316 1318/1318/1318
f 1319/1319/1319 1317/1317/1317 1318/1318/1318
f 1318/1318/1318 1320/1320/1320 1319/1319/1319
f 1320/1320/1320 1318/1318/1318 1321/1321/1321
f 1320/1320/1320 1321/1321/1321 1322/1322/1322
f 1322/1322/1322 1323/1323/1323 1320/1320/1320
f 1322/1322/1322 1324/1324/1324 1323/1323/1323
f 1324/1324/1324 1322/1322/1322 1325/1325/1325
f 1325/1325/1325 1326/1326/1326 1324/1324/1324
f 1326/1326/1326 1325/1325/1325 1327/1327/1327
f 1328/1328/1328 1326/1326/1326 1327/1327/1327
f 1327/1327/1327 1329/1329/1329 1328/1328/1328
f 1329/1329/1329 1330/1330/1330 1328/1328/1328
f 1329/1329/1329 1331/1331/1331 1330/1330/1330
f 1331/1331/1331 1332/1332/1332 1330/1330/1330
f 1332/1332/1332 1331/1331/1331 1333/1333/1333
f 1333/1333/1333 1334/1334/1334 1332/1332/1332
f 1334/1334/1334 1333/1333/1333 1335/1335/1335
f 1334/1334/1334 1335/1335/1335 1336/1336/1336
f 1336/1336/1336 1337/1337/1337 1334/1334/1334
f 1338/1338/1338 1337/1337/1337 1336/1336/1336
f 1336/1336/1336 1339/1339/1339 1338/1338/1338
f 1338/1338/1338 1339/1339/1339 1340/1340/1340
f 1340/1340/1340 1341/1341/1341 1338/1338/1338
f 1341/1341/1341 1340/1340/1340 1342/1342/1342
f 1342/1342/1342 1343/1343/1343 1341/1341/1341
f 1342/1342/1342 1344/1344/1344 1343/1343/1343
f 1346/1346/1346 1347/1347/1347 1345/1345/1345
f 1346/1346/1346 1345/1345/1345 1348/1348/1348
f 1349/1349/1349 1346/1346/1346 1348/1348/1348
f 1348/1348/1348 1350/1350/1350 1349/1349/1349
f 1350/1350/1350 1348/1348/1348 1351/1351/1351
f 1351/1351/1351 1352/1352/1352 1350/1350/1350
f 1353/1353/1353 1350/1350/1350 1352/1352/1352
f 1352/1352/1352 1354/1354/1354 1353/1353/1353
f 1352/1352/1352 1355/1355/1355 1354/1354/1354
f 1355/1355/1355 1356/1356/1356 1354/1354/1354
f 1356/1356/1356 1355/1355/1355 1357/1357/1357
f 1356/1356/1356 1357/1357/1357 1358/1358/1358
f 1358/1358/1358 1359/1359/1359 1356/1356/1356
f 1359/1359/1359 1358/1358/1358 1360/1360/1360
f 1360/1360/1360 1361/1361/1361 1359/1359/1359
f 1360/1360/1360 1362/1362/1362 1361/1361/1361
f 1363/1363/1363 1361/1361/1361 1362/1362/1362
f 1363/1363/1363 1362/1362/1362 1364/1364/1364
f 1364/1364/1364 1365/1365/1365 1363/1363/1363
f 1364/1364/1364 1366/1366/1366 1365/1365/1365
f 1366/1366/1366 1364/1364/1364 1367/1367/1367
f 1367/1367/1367 1368/1368/1368 1366/1366/1366
f 1368/1368/1368 1367/1367/1367 1369/1369/1369
f 1369/1369/1369 1370/1370/1370 1368/1368/1368
f 1370/1370/1370 1369/1369/1369 1371/1371/1371
f 1371/1371/1371 1372/1372/1372 1370/1370/1370
f 1373/1373/1373 1370/1370/1370 1372/1372/1372
f 1372/1372/1372 1374/1374/1374 1373/1373/1373
f 1372/1372/1372 1375/1375/1375 1374/1374/1374
f 1375/1375/1375 1376/1376/1376 1374/1374/1374
f 1378/1378/1378 1379/1379/1379 1377/1377/1377
f 1377/1377/1377 1380/1380/1380 1378/1378/1378
f 1380/1380/1380 1377/1377/1377 1381/1381/1381
f 1381/1381/1381 1382/1382/1382 1380/1380/1380
f 1382/1382/1382 1381/1381/1381 1383/1383/1383
f 1383/1383/1383 1384/1384/1384 1382/1382/1382
f 1384/1384/1384 1385/1385/1385 1382/1382/1382
f 1384/1384/1384 1386/1386/1386 1385/1385/1385
f 1386/1386/1386 1384/1384/1384 1387/1387/1387
f 1387/1387/1387 1388/1388/1388 1386/1386/1386
f 1388/1388/1388 1387/1387/1387 1389/1389/1389
f 1389/1389/1389 1390/1390/1390 1388/1388/1388
f 1390/1390/1390 1389/1389/1389 1391/1391/1391
f 1391/1391/1391 1392/1392/1392 1390/1390/1390
f 1392/1392/1392 1391/1391/1391 1393/1393/1393
f 1394/1394/1394 1392/1392/1392 1393/1393/1393
f 1393/1393/1393 1395/1395/1395 1394/1394/1394
f 1395/1395/1395 1396/1396/1396 1394/1394/1394
f 1396/1396/1396 1395/1395/1395 1397/1397/1397
f 1397/1397/1397 1398/1398/1398 1396/1396/1396
f 1398/1398/1398 1397/1397/1397 1399/1399/1399
f 1399/1399/1399 1400/1400/1400 1398/1398/1398
f 1400/1400/1400 1399/1399/1399 1401/1401/1401
f 1402/1402/1402 1400/1400/1400 1401/1401/1401
f 1402/1402/1402 1401/1401/1401 1403/1403/1403
f 1403/1403/1403 1404/1404/1404 1402/1402/1402
f 1404/1404/1404 1405/1405/1405 1402/1402/1402
f 1404/1404/1404 1406/1406/1406 1405/1405/1405
f 1406/1406/1406 1404/1404/1404 1407/1407/1407
f 1407/1407/1407 1408/1408/1408 1406/1406/1406
f 1410/1410/1410 1411/1411/1411 1409/1409/1409
f 1412/1412/1412 1410/1410/1410 1409/1409/1409
f 1409/1409/1409 1414/1414/1414 1413/1413/1413
f 1409/1409/1409 1413/1413/1413 1415/1415/1415
f 1415/1415/1415 1412/1412/1412 1409/1409/1409
f 1415/1415/1415 1417/1417/1417 1416/1416/1416
f 1415/1415/1415 1416/1416/1416 1412/1412/1412
f 1418/1418/1418 1419/1419/1419 1412/1412/1412
f 1416/1416/1416 1418/1418/1418 1412/1412/1412
f 1420/1420/1420 1418/1418/1418 1416/1416/1416
f 1420/1420/1420 1416/1416/1416 1421/1421/1421
f 1416/1416/1416 1422/1422/1422 1421/1421/1421
f 1422/1422/1422 1423/1423/1423 1421/1421/1421
f 1421/1421/1421 1424/1424/1424 1420/1420/1420
f 1421/1421/1421 1425/1425/1425 1424/1424/1424
f 1420/1420/1420 1427/1427/1427 1426/1426/1426
f 1418/1418/1418 1420/1420/1420 1426/1426/1426
f 1428/1428/1428 1418/1418/1418 1426/1426/1426
f 1428/1428/1428 1426/1426/1426 1429/1429/1429
f 1429/1429/1429 1426/1426/1426 1430/1430/1430
f 1430/1430/1430 1431/1431/1431 1429/1429/1429
f 1429/1429/1429 1432/1432/1432 1428/1428/1428
f 1429/1429/1429 1433/1433/1433 1432/1432/1432
f 1428/1428/1428 1435/1435/1435 1434/1434/1434
f 1418/1418/1418 1428/1428/1428 1434/1434/1434
f 1436/1436/1436 1418/1418/1418 1434/1434/1434
f 1434/1434/1434 1437/1437/1437 1436/1436/1436
f 1437/1437/1437 1438/1438/1438 1436/1436/1436
f 1439/1439/1439 1418/1418/1418 1436/1436/1436
f 1436/1436/1436 1440/1440/1440 1439/1439/1439
f 1442/1442/1442 1443/1443/1443 1441/1441/1441
f 1444/1444/1444 1442/1442/1442 1441/1441/1441
f 1441/1441/1441 1446/1446/1446 1445/1445/1445
f 1441/1441/1441 1445/1445/1445 1447/1447/1447
f 1447/1447/1447 1444/1444/1444 1441/1441/1441
f 1447/1447/1447 1449/1449/1449 1448/1448/1448
f 1450/1450/1450 1451/1451/1451 1444/1444/1444
f 1452/1452/1452 1447/1447/1447 1448/1448/1448
f 1452/1452/1452 1444/1444/1444 1447/1447/1447
f 1450/1450/1450 1444/1444/1444 1453/1453/1453
f 1452/1452/1452 1453/1453/1453 1444/1444/1444
f 1454/1454/1454 1452/1452/1452 1448/1448/1448
f 1448/1448/1448 1455/1455/1455 1454/1454/1454
f 1455/1455/1455 1456/1456/1456 1454/1454/1454
f 1457/1457/1457 1452/1452/1452 1454/1454/1454
f 1454/1454/1454 1458/1458/1458 1457/1457/1457
f 1452/1452/1452 1460/1460/1460 1459/1459/1459
f 1453/1453/1453 1452/1452/1452 1459/1459/1459
f 1461/1461/1461 1462/1462/1462 1453/1453/1453
f 1461/1461/1461 1453/1453/1453 1459/1459/1459
f 1461/1461/1461 1459/1459/1459 1463/1463/1463
f 1459/1459/1459 1464/1464/1464 1463/1463/1463
f 1464/1464/1464 1465/1465/1465 1463/1463/1463
f 1463/1463/1463 1466/1466/1466 1461/1461/1461
f 1463/1463/1463 1467/1467/1467 1466/1466/1466
f 1450/1450/1450 1453/1453/1453 1468/1468/1468
f 1468/1468/1468 1469/1469/1469 1450/1450/1450
f 1468/1468/1468 1470/1470/1470 1469/1469/1469
f 1453/1453/1453 1471/1471/1471 1468/1468/1468
f 1471/1471/1471 1472/1472/1472 1468/1468/1468
f 1474/1474/1474 1475/1475/1475 1473/1473/1473
f 1476/1476/1476 1474/1474/1474 1473/1473/1473
f 1477/1477/1477 1476/1476/1476 1473/1473/1473
f 1478/1478/1478 1477/1477/1477 1473/1473/1473
f 1478/1478/1478 1473/1473/1473 1479/1479/1479
f 1480/1480/1480 1481/1481/1481 1478/1478/1478
f 1479/1479/1479 1480/1480/1480 1478/1478/1478
f 1480/1480/1480 1479/1479/1479 1482/1482/1482
f 1482/1482/1482 1484/1484/1484 1483/1483/1483
f 1482/1482/1482 1483/1483/1483 1485/1485/1485
f 1482/1482/1482 1485/1485/1485 1486/1486/1486
f 1482/1482/1482 1486/1486/1486 1487/1487/1487
f 1482/1482/1482 1487/1487/1487 1488/1488/1488
f 1488/1488/1488 1490/1490/1490 1489/1489/1489
f 1489/1489/1489 1482/1482/1482 1488/1488/1488
f 1482/1482/1482 1489/1489/1489 1480/1480/1480
f 1480/1480/1480 1489/1489/1489 1491/1491/1491
f 1489/1489/1489 1492/1492/1492 1491/1491/1491
f 1491/1491/1491 1493/1493/1493 1480/1480/1480
f 1492/1492/1492 1494/1494/1494 1491/1491/1491
f 1494/1494/1494 1495/1495/1495 1491/1491/1491
f 1491/1491/1491 1496/1496/1496 1493/1493/1493
f 1491/1491/1491 1497/1497/1497 1496/1496/1496
f 1482/1482/1482 1479/1479/1479 1498/1498/1498
f 1498/1498/1498 1499/1499/1499 1482/1482/1482
f 1479/1479/1479 1500/1500/1500 1498/1498/1498
f 1498/1498/1498 1501/1501/1501 1499/1499/1499
f 1498/1498/1498 1502/1502/1502 1501/1501/1501
f 1498/1498/1498 1500/1500/1500 1503/1503/1503
f 1503/1503/1503 1504/1504/1504 1498/1498/1498
f 1506/1506/1506 1507/1507/1507 1505/1505/1505
f 1506/1506/1506 1505/1505/1505 1508/1508/1508
f 1506/1506/1506 1508/1508/1508 1509/1509/1509
f 1506/1506/1506 1509/1509/1509 1510/1510/1510
f 1511/1511/1511 1506/1506/1506 1510/1510/1510
f 1510/1510/1510 1513/1513/1513 1512/1512/1512
f 1510/1510/1510 1512/1512/1512 1511/1511/1511
f 1511/1511/1511 1512/1512/1512 1514/1514/1514
f 1515/1515/1515 1516/1516/1516 1514/1514/1514
f 1517/1517/1517 1515/1515/1515 1514/1514/1514
f 1518/1518/1518 1517/1517/1517 1514/1514/1514
f 1519/1519/1519 1518/1518/1518 1514/1514/1514
f 1514/1514/1514 1520/1520/1520 1519/1519/1519
f 1521/1521/1521 1522/1522/1522 1520/1520/1520
f 1521/1521/1521 1520/1520/1520 1514/1514/1514
f 1514/1514/1514 1512/1512/1512 1521/1521/1521
f 1521/1521/1521 1512/1512/1512 1523/1523/1523
f 1523/1523/1523 1524/1524/1524 1521/1521/1521
f 1512/1512/1512 1525/1525/1525 1523/1523/1523
f 1523/1523/1523 1526/1526/1526 1524/1524/1524
f 1523/1523/1523 1527/1527/1527 1526/1526/1526
f 1523/1523/1523 1525/1525/1525 1528/1528/1528
f 1528/1528/1528 1529/1529/1529 1523/1523/1523
f 1511/1511/1511 1514/1514/1514 1530/1530/1530
f 1530/1530/1530 1531/1531/1531 1511/1511/1511
f 1514/1514/1514 1532/1532/1532 1530/1530/1530
f 1530/1530/1530 1533/1533/1533 1531/1531/1531
f 1530/1530/1530 1534/1534/1534 1533/1533/1533
f 1530/1530/1530 1532/1532/1532 1535/1535/1535
f 1535/1535/1535 1536/1536/1536 1530/1530/1530
