# from robosub_box.pskx  scale=0.01 flipZ=True
v 0.152400 0.152400 0.152400
v 0.152400 -0.152400 0.152400
v -0.152400 -0.152400 0.152400
v -0.152400 0.152400 0.152400
v -0.152400 0.152400 0.152400
v -0.152400 -0.152400 0.152400
v -0.152400 -0.152400 -0.152400
v -0.152400 0.152400 -0.152400
v -0.152400 0.152400 -0.152400
v -0.152400 -0.152400 -0.152400
v 0.152400 -0.152400 -0.152400
v 0.152400 0.152400 -0.152400
v 0.152400 0.152400 -0.152400
v 0.152400 -0.152400 -0.152400
v 0.152400 -0.152400 0.152400
v 0.152400 0.152400 0.152400
v -0.152400 0.152400 0.152400
v -0.152400 0.152400 -0.152400
v 0.152400 0.152400 -0.152400
v 0.152400 0.152400 0.152400
v 0.148001 0.148001 0.148001
v -0.148001 0.148001 0.148001
v -0.147012 -0.152400 0.147012
v 0.147012 -0.152400 0.147012
v -0.148001 0.148001 0.148001
v -0.148001 0.148001 -0.148001
v -0.147012 -0.152400 -0.147012
v -0.147012 -0.152400 0.147012
v -0.148001 0.148001 -0.148001
v 0.148001 0.148001 -0.148001
v 0.147012 -0.152400 -0.147012
v -0.147012 -0.152400 -0.147012
v 0.148001 0.148001 -0.148001
v 0.148001 0.148001 0.148001
v 0.147012 -0.152400 0.147012
v 0.147012 -0.152400 -0.147012
v -0.148001 0.148001 0.148001
v 0.148001 0.148001 0.148001
v 0.148001 0.148001 -0.148001
v -0.148001 0.148001 -0.148001
v 0.315130 0.193970 -0.380900
v 0.315130 -0.110830 -0.380900
v 0.619930 -0.110830 -0.380900
v 0.619930 0.193970 -0.380900
v 0.619930 0.193970 -0.380900
v 0.619930 -0.110830 -0.380900
v 0.619930 -0.110830 -0.076100
v 0.619930 0.193970 -0.076100
v 0.619930 0.193970 -0.076100
v 0.619930 -0.110830 -0.076100
v 0.315130 -0.110830 -0.076100
v 0.315130 0.193970 -0.076100
v 0.315130 0.193970 -0.076100
v 0.315130 -0.110830 -0.076100
v 0.315130 -0.110830 -0.380900
v 0.315130 0.193970 -0.380900
v 0.619930 0.193970 -0.380900
v 0.619930 0.193970 -0.076100
v 0.315130 0.193970 -0.076100
v 0.315130 0.193970 -0.380900
v 0.319529 0.189571 -0.376501
v 0.615531 0.189571 -0.376501
v 0.614542 -0.110830 -0.375512
v 0.320518 -0.110830 -0.375512
v 0.615531 0.189571 -0.376501
v 0.615531 0.189571 -0.080499
v 0.614542 -0.110830 -0.081488
v 0.614542 -0.110830 -0.375512
v 0.615531 0.189571 -0.080499
v 0.319529 0.189571 -0.080499
v 0.320518 -0.110830 -0.081488
v 0.614542 -0.110830 -0.081488
v 0.319529 0.189571 -0.080499
v 0.319529 0.189571 -0.376501
v 0.320518 -0.110830 -0.375512
v 0.320518 -0.110830 -0.081488
v 0.615531 0.189571 -0.376501
v 0.319529 0.189571 -0.376501
v 0.319529 0.189571 -0.080499
v 0.615531 0.189571 -0.080499
v -0.152400 -0.152400 0.152400
v 0.152400 -0.152400 0.152400
v 0.147012 -0.152400 0.147012
v -0.147012 -0.152400 0.147012
v -0.152400 -0.152400 -0.152400
v -0.147012 -0.152400 -0.147012
v 0.152400 -0.152400 -0.152400
v 0.147012 -0.152400 -0.147012
v 0.619930 -0.110830 -0.380900
v 0.315130 -0.110830 -0.380900
v 0.320518 -0.110830 -0.375512
v 0.614542 -0.110830 -0.375512
v 0.619930 -0.110830 -0.076100
v 0.614542 -0.110830 -0.081488
v 0.315130 -0.110830 -0.076100
v 0.320518 -0.110830 -0.081488
v 0.152379 0.143035 0.152399
v 0.152379 0.141765 0.152399
v -0.152421 0.141765 0.152399
v -0.152421 0.143035 0.152399
v -0.152421 0.143035 0.152399
v -0.152421 0.141765 0.152399
v -0.152421 0.141765 -0.152401
v -0.152421 0.143035 -0.152401
v -0.152421 0.143035 -0.152401
v -0.152421 0.141765 -0.152401
v 0.152379 0.141765 -0.152401
v 0.152379 0.143035 -0.152401
v 0.152379 0.143035 -0.152401
v 0.152379 0.141765 -0.152401
v 0.152379 0.141765 0.152399
v 0.152379 0.143035 0.152399
v -0.152421 0.143035 0.152399
v -0.152421 0.143035 -0.152401
v 0.152379 0.143035 -0.152401
v 0.152379 0.143035 0.152399
v 0.392380 0.000635 0.549470
v 0.392380 -0.000635 0.549470
v 0.392380 -0.000635 0.244670
v 0.392380 0.000635 0.244670
v 0.392380 0.000635 0.244670
v 0.392380 -0.000635 0.244670
v 0.697180 -0.000635 0.244670
v 0.697180 0.000635 0.244670
v 0.697180 0.000635 0.244670
v 0.697180 -0.000635 0.244670
v 0.697180 -0.000635 0.549470
v 0.697180 0.000635 0.549470
v 0.697180 0.000635 0.549470
v 0.697180 -0.000635 0.549470
v 0.392380 -0.000635 0.549470
v 0.392380 0.000635 0.549470
v 0.392380 0.000635 0.244670
v 0.697180 0.000635 0.244670
v 0.697180 0.000635 0.549470
v 0.392380 0.000635 0.549470
v -0.152421 0.141765 -0.152401
v -0.152421 0.141765 0.152399
v 0.152379 0.141765 0.152399
v 0.152379 0.141765 -0.152401
v 0.697180 -0.000635 0.244670
v 0.392380 -0.000635 0.244670
v 0.392380 -0.000635 0.549470
v 0.697180 -0.000635 0.549470
v 0.195410 0.430000 0.190640
v 0.347810 0.430000 0.190640
v 0.347810 0.432478 0.190884
v 0.195410 0.432478 0.190884
v 0.195410 0.432478 0.190884
v 0.347810 0.432478 0.190884
v 0.347810 0.434860 0.191607
v 0.195410 0.434860 0.191607
v 0.195410 0.434860 0.191607
v 0.347810 0.434860 0.191607
v 0.347810 0.437056 0.192780
v 0.195410 0.437056 0.192780
v 0.195410 0.437056 0.192780
v 0.347810 0.437056 0.192780
v 0.347810 0.438980 0.194360
v 0.195410 0.438980 0.194360
v 0.195410 0.438980 0.194360
v 0.347810 0.438980 0.194360
v 0.347810 0.440560 0.196284
v 0.195410 0.440560 0.196284
v 0.195410 0.440560 0.196284
v 0.347810 0.440560 0.196284
v 0.347810 0.441733 0.198480
v 0.195410 0.441733 0.198480
v 0.195410 0.441733 0.198480
v 0.347810 0.441733 0.198480
v 0.347810 0.442456 0.200862
v 0.195410 0.442456 0.200862
v 0.195410 0.442456 0.200862
v 0.347810 0.442456 0.200862
v 0.347810 0.442700 0.203340
v 0.195410 0.442700 0.203340
v 0.195410 0.442700 0.203340
v 0.347810 0.442700 0.203340
v 0.347810 0.442456 0.205818
v 0.195410 0.442456 0.205818
v 0.195410 0.442456 0.205818
v 0.347810 0.442456 0.205818
v 0.347810 0.441733 0.208200
v 0.195410 0.441733 0.208200
v 0.195410 0.441733 0.208200
v 0.347810 0.441733 0.208200
v 0.347810 0.440560 0.210396
v 0.195410 0.440560 0.210396
v 0.195410 0.440560 0.210396
v 0.347810 0.440560 0.210396
v 0.347810 0.438980 0.212320
v 0.195410 0.438980 0.212320
v 0.195410 0.438980 0.212320
v 0.347810 0.438980 0.212320
v 0.347810 0.437056 0.213900
v 0.195410 0.437056 0.213900
v 0.195410 0.437056 0.213900
v 0.347810 0.437056 0.213900
v 0.347810 0.434860 0.215073
v 0.195410 0.434860 0.215073
v 0.195410 0.434860 0.215073
v 0.347810 0.434860 0.215073
v 0.347810 0.432478 0.215796
v 0.195410 0.432478 0.215796
v 0.195410 0.432478 0.215796
v 0.347810 0.432478 0.215796
v 0.347810 0.430000 0.216040
v 0.195410 0.430000 0.216040
v 0.195410 0.430000 0.216040
v 0.347810 0.430000 0.216040
v 0.347810 0.427522 0.215796
v 0.195410 0.427522 0.215796
v 0.195410 0.427522 0.215796
v 0.347810 0.427522 0.215796
v 0.347810 0.425140 0.215073
v 0.195410 0.425140 0.215073
v 0.195410 0.425140 0.215073
v 0.347810 0.425140 0.215073
v 0.347810 0.422944 0.213900
v 0.195410 0.422944 0.213900
v 0.195410 0.422944 0.213900
v 0.347810 0.422944 0.213900
v 0.347810 0.421020 0.212320
v 0.195410 0.421020 0.212320
v 0.195410 0.421020 0.212320
v 0.347810 0.421020 0.212320
v 0.347810 0.419440 0.210396
v 0.195410 0.419440 0.210396
v 0.195410 0.419440 0.210396
v 0.347810 0.419440 0.210396
v 0.347810 0.418267 0.208200
v 0.195410 0.418267 0.208200
v 0.195410 0.418267 0.208200
v 0.347810 0.418267 0.208200
v 0.347810 0.417544 0.205818
v 0.195410 0.417544 0.205818
v 0.195410 0.417544 0.205818
v 0.347810 0.417544 0.205818
v 0.347810 0.417300 0.203340
v 0.195410 0.417300 0.203340
v 0.195410 0.417300 0.203340
v 0.347810 0.417300 0.203340
v 0.347810 0.417544 0.200862
v 0.195410 0.417544 0.200862
v 0.195410 0.417544 0.200862
v 0.347810 0.417544 0.200862
v 0.347810 0.418267 0.198480
v 0.195410 0.418267 0.198480
v 0.195410 0.418267 0.198480
v 0.347810 0.418267 0.198480
v 0.347810 0.419440 0.196284
v 0.195410 0.419440 0.196284
v 0.195410 0.419440 0.196284
v 0.347810 0.419440 0.196284
v 0.347810 0.421020 0.194360
v 0.195410 0.421020 0.194360
v 0.195410 0.421020 0.194360
v 0.347810 0.421020 0.194360
v 0.347810 0.422944 0.192780
v 0.195410 0.422944 0.192780
v 0.195410 0.422944 0.192780
v 0.347810 0.422944 0.192780
v 0.347810 0.425140 0.191607
v 0.195410 0.425140 0.191607
v 0.195410 0.425140 0.191607
v 0.347810 0.425140 0.191607
v 0.347810 0.427522 0.190884
v 0.195410 0.427522 0.190884
v 0.195410 0.427522 0.190884
v 0.347810 0.427522 0.190884
v 0.347810 0.430000 0.190640
v 0.195410 0.430000 0.190640
v 0.271610 0.430000 0.190640
v 0.271610 0.125200 0.190640
v 0.274088 0.125200 0.190884
v 0.274088 0.430000 0.190884
v 0.274088 0.430000 0.190884
v 0.274088 0.125200 0.190884
v 0.276470 0.125200 0.191607
v 0.276470 0.430000 0.191607
v 0.276470 0.430000 0.191607
v 0.276470 0.125200 0.191607
v 0.278666 0.125200 0.192780
v 0.278666 0.430000 0.192780
v 0.278666 0.430000 0.192780
v 0.278666 0.125200 0.192780
v 0.280590 0.125200 0.194360
v 0.280590 0.430000 0.194360
v 0.280590 0.430000 0.194360
v 0.280590 0.125200 0.194360
v 0.282170 0.125200 0.196284
v 0.282170 0.430000 0.196284
v 0.282170 0.430000 0.196284
v 0.282170 0.125200 0.196284
v 0.283343 0.125200 0.198480
v 0.283343 0.430000 0.198480
v 0.283343 0.430000 0.198480
v 0.283343 0.125200 0.198480
v 0.284066 0.125200 0.200862
v 0.284066 0.430000 0.200862
v 0.284066 0.430000 0.200862
v 0.284066 0.125200 0.200862
v 0.284310 0.125200 0.203340
v 0.284310 0.430000 0.203340
v 0.284310 0.430000 0.203340
v 0.284310 0.125200 0.203340
v 0.284066 0.125200 0.205818
v 0.284066 0.430000 0.205818
v 0.284066 0.430000 0.205818
v 0.284066 0.125200 0.205818
v 0.283343 0.125200 0.208200
v 0.283343 0.430000 0.208200
v 0.283343 0.430000 0.208200
v 0.283343 0.125200 0.208200
v 0.282170 0.125200 0.210396
v 0.282170 0.430000 0.210396
v 0.282170 0.430000 0.210396
v 0.282170 0.125200 0.210396
v 0.280590 0.125200 0.212320
v 0.280590 0.430000 0.212320
v 0.280590 0.430000 0.212320
v 0.280590 0.125200 0.212320
v 0.278666 0.125200 0.213900
v 0.278666 0.430000 0.213900
v 0.278666 0.430000 0.213900
v 0.278666 0.125200 0.213900
v 0.276470 0.125200 0.215073
v 0.276470 0.430000 0.215073
v 0.276470 0.430000 0.215073
v 0.276470 0.125200 0.215073
v 0.274088 0.125200 0.215796
v 0.274088 0.430000 0.215796
v 0.274088 0.430000 0.215796
v 0.274088 0.125200 0.215796
v 0.271610 0.125200 0.216040
v 0.271610 0.430000 0.216040
v 0.271610 0.430000 0.216040
v 0.271610 0.125200 0.216040
v 0.269132 0.125200 0.215796
v 0.269132 0.430000 0.215796
v 0.269132 0.430000 0.215796
v 0.269132 0.125200 0.215796
v 0.266750 0.125200 0.215073
v 0.266750 0.430000 0.215073
v 0.266750 0.430000 0.215073
v 0.266750 0.125200 0.215073
v 0.264554 0.125200 0.213900
v 0.264554 0.430000 0.213900
v 0.264554 0.430000 0.213900
v 0.264554 0.125200 0.213900
v 0.262630 0.125200 0.212320
v 0.262630 0.430000 0.212320
v 0.262630 0.430000 0.212320
v 0.262630 0.125200 0.212320
v 0.261050 0.125200 0.210396
v 0.261050 0.430000 0.210396
v 0.261050 0.430000 0.210396
v 0.261050 0.125200 0.210396
v 0.259877 0.125200 0.208200
v 0.259877 0.430000 0.208200
v 0.259877 0.430000 0.208200
v 0.259877 0.125200 0.208200
v 0.259154 0.125200 0.205818
v 0.259154 0.430000 0.205818
v 0.259154 0.430000 0.205818
v 0.259154 0.125200 0.205818
v 0.258910 0.125200 0.203340
v 0.258910 0.430000 0.203340
v 0.258910 0.430000 0.203340
v 0.258910 0.125200 0.203340
v 0.259154 0.125200 0.200862
v 0.259154 0.430000 0.200862
v 0.259154 0.430000 0.200862
v 0.259154 0.125200 0.200862
v 0.259877 0.125200 0.198480
v 0.259877 0.430000 0.198480
v 0.259877 0.430000 0.198480
v 0.259877 0.125200 0.198480
v 0.261050 0.125200 0.196284
v 0.261050 0.430000 0.196284
v 0.261050 0.430000 0.196284
v 0.261050 0.125200 0.196284
v 0.262630 0.125200 0.194360
v 0.262630 0.430000 0.194360
v 0.262630 0.430000 0.194360
v 0.262630 0.125200 0.194360
v 0.264554 0.125200 0.192780
v 0.264554 0.430000 0.192780
v 0.264554 0.430000 0.192780
v 0.264554 0.125200 0.192780
v 0.266750 0.125200 0.191607
v 0.266750 0.430000 0.191607
v 0.266750 0.430000 0.191607
v 0.266750 0.125200 0.191607
v 0.269132 0.125200 0.190884
v 0.269132 0.430000 0.190884
v 0.269132 0.430000 0.190884
v 0.269132 0.125200 0.190884
v 0.271610 0.125200 0.190640
v 0.271610 0.430000 0.190640
v 0.220810 0.125200 0.190640
v 0.322410 0.125200 0.190640
v 0.322410 0.127678 0.190884
v 0.220810 0.127678 0.190884
v 0.220810 0.127678 0.190884
v 0.322410 0.127678 0.190884
v 0.322410 0.130060 0.191607
v 0.220810 0.130060 0.191607
v 0.220810 0.130060 0.191607
v 0.322410 0.130060 0.191607
v 0.322410 0.132256 0.192780
v 0.220810 0.132256 0.192780
v 0.220810 0.132256 0.192780
v 0.322410 0.132256 0.192780
v 0.322410 0.134180 0.194360
v 0.220810 0.134180 0.194360
v 0.220810 0.134180 0.194360
v 0.322410 0.134180 0.194360
v 0.322410 0.135760 0.196284
v 0.220810 0.135760 0.196284
v 0.220810 0.135760 0.196284
v 0.322410 0.135760 0.196284
v 0.322410 0.136933 0.198480
v 0.220810 0.136933 0.198480
v 0.220810 0.136933 0.198480
v 0.322410 0.136933 0.198480
v 0.322410 0.137656 0.200862
v 0.220810 0.137656 0.200862
v 0.220810 0.137656 0.200862
v 0.322410 0.137656 0.200862
v 0.322410 0.137900 0.203340
v 0.220810 0.137900 0.203340
v 0.220810 0.137900 0.203340
v 0.322410 0.137900 0.203340
v 0.322410 0.137656 0.205818
v 0.220810 0.137656 0.205818
v 0.220810 0.137656 0.205818
v 0.322410 0.137656 0.205818
v 0.322410 0.136933 0.208200
v 0.220810 0.136933 0.208200
v 0.220810 0.136933 0.208200
v 0.322410 0.136933 0.208200
v 0.322410 0.135760 0.210396
v 0.220810 0.135760 0.210396
v 0.220810 0.135760 0.210396
v 0.322410 0.135760 0.210396
v 0.322410 0.134180 0.212320
v 0.220810 0.134180 0.212320
v 0.220810 0.134180 0.212320
v 0.322410 0.134180 0.212320
v 0.322410 0.132256 0.213900
v 0.220810 0.132256 0.213900
v 0.220810 0.132256 0.213900
v 0.322410 0.132256 0.213900
v 0.322410 0.130060 0.215073
v 0.220810 0.130060 0.215073
v 0.220810 0.130060 0.215073
v 0.322410 0.130060 0.215073
v 0.322410 0.127678 0.215796
v 0.220810 0.127678 0.215796
v 0.220810 0.127678 0.215796
v 0.322410 0.127678 0.215796
v 0.322410 0.125200 0.216040
v 0.220810 0.125200 0.216040
v 0.220810 0.125200 0.216040
v 0.322410 0.125200 0.216040
v 0.322410 0.122722 0.215796
v 0.220810 0.122722 0.215796
v 0.220810 0.122722 0.215796
v 0.322410 0.122722 0.215796
v 0.322410 0.120340 0.215073
v 0.220810 0.120340 0.215073
v 0.220810 0.120340 0.215073
v 0.322410 0.120340 0.215073
v 0.322410 0.118144 0.213900
v 0.220810 0.118144 0.213900
v 0.220810 0.118144 0.213900
v 0.322410 0.118144 0.213900
v 0.322410 0.116220 0.212320
v 0.220810 0.116220 0.212320
v 0.220810 0.116220 0.212320
v 0.322410 0.116220 0.212320
v 0.322410 0.114640 0.210396
v 0.220810 0.114640 0.210396
v 0.220810 0.114640 0.210396
v 0.322410 0.114640 0.210396
v 0.322410 0.113467 0.208200
v 0.220810 0.113467 0.208200
v 0.220810 0.113467 0.208200
v 0.322410 0.113467 0.208200
v 0.322410 0.112744 0.205818
v 0.220810 0.112744 0.205818
v 0.220810 0.112744 0.205818
v 0.322410 0.112744 0.205818
v 0.322410 0.112500 0.203340
v 0.220810 0.112500 0.203340
v 0.220810 0.112500 0.203340
v 0.322410 0.112500 0.203340
v 0.322410 0.112744 0.200862
v 0.220810 0.112744 0.200862
v 0.220810 0.112744 0.200862
v 0.322410 0.112744 0.200862
v 0.322410 0.113467 0.198480
v 0.220810 0.113467 0.198480
v 0.220810 0.113467 0.198480
v 0.322410 0.113467 0.198480
v 0.322410 0.114640 0.196284
v 0.220810 0.114640 0.196284
v 0.220810 0.114640 0.196284
v 0.322410 0.114640 0.196284
v 0.322410 0.116220 0.194360
v 0.220810 0.116220 0.194360
v 0.220810 0.116220 0.194360
v 0.322410 0.116220 0.194360
v 0.322410 0.118144 0.192780
v 0.220810 0.118144 0.192780
v 0.220810 0.118144 0.192780
v 0.322410 0.118144 0.192780
v 0.322410 0.120340 0.191607
v 0.220810 0.120340 0.191607
v 0.220810 0.120340 0.191607
v 0.322410 0.120340 0.191607
v 0.322410 0.122722 0.190884
v 0.220810 0.122722 0.190884
v 0.220810 0.122722 0.190884
v 0.322410 0.122722 0.190884
v 0.322410 0.125200 0.190640
v 0.220810 0.125200 0.190640
v 0.195410 0.430000 0.718960
v 0.347810 0.430000 0.718960
v 0.347810 0.432478 0.719204
v 0.195410 0.432478 0.719204
v 0.195410 0.432478 0.719204
v 0.347810 0.432478 0.719204
v 0.347810 0.434860 0.719927
v 0.195410 0.434860 0.719927
v 0.195410 0.434860 0.719927
v 0.347810 0.434860 0.719927
v 0.347810 0.437056 0.721100
v 0.195410 0.437056 0.721100
v 0.195410 0.437056 0.721100
v 0.347810 0.437056 0.721100
v 0.347810 0.438980 0.722680
v 0.195410 0.438980 0.722680
v 0.195410 0.438980 0.722680
v 0.347810 0.438980 0.722680
v 0.347810 0.440560 0.724604
v 0.195410 0.440560 0.724604
v 0.195410 0.440560 0.724604
v 0.347810 0.440560 0.724604
v 0.347810 0.441733 0.726800
v 0.195410 0.441733 0.726800
v 0.195410 0.441733 0.726800
v 0.347810 0.441733 0.726800
v 0.347810 0.442456 0.729182
v 0.195410 0.442456 0.729182
v 0.195410 0.442456 0.729182
v 0.347810 0.442456 0.729182
v 0.347810 0.442700 0.731660
v 0.195410 0.442700 0.731660
v 0.195410 0.442700 0.731660
v 0.347810 0.442700 0.731660
v 0.347810 0.442456 0.734138
v 0.195410 0.442456 0.734138
v 0.195410 0.442456 0.734138
v 0.347810 0.442456 0.734138
v 0.347810 0.441733 0.736520
v 0.195410 0.441733 0.736520
v 0.195410 0.441733 0.736520
v 0.347810 0.441733 0.736520
v 0.347810 0.440560 0.738716
v 0.195410 0.440560 0.738716
v 0.195410 0.440560 0.738716
v 0.347810 0.440560 0.738716
v 0.347810 0.438980 0.740640
v 0.195410 0.438980 0.740640
v 0.195410 0.438980 0.740640
v 0.347810 0.438980 0.740640
v 0.347810 0.437056 0.742220
v 0.195410 0.437056 0.742220
v 0.195410 0.437056 0.742220
v 0.347810 0.437056 0.742220
v 0.347810 0.434860 0.743393
v 0.195410 0.434860 0.743393
v 0.195410 0.434860 0.743393
v 0.347810 0.434860 0.743393
v 0.347810 0.432478 0.744116
v 0.195410 0.432478 0.744116
v 0.195410 0.432478 0.744116
v 0.347810 0.432478 0.744116
v 0.347810 0.430000 0.744360
v 0.195410 0.430000 0.744360
v 0.195410 0.430000 0.744360
v 0.347810 0.430000 0.744360
v 0.347810 0.427522 0.744116
v 0.195410 0.427522 0.744116
v 0.195410 0.427522 0.744116
v 0.347810 0.427522 0.744116
v 0.347810 0.425140 0.743393
v 0.195410 0.425140 0.743393
v 0.195410 0.425140 0.743393
v 0.347810 0.425140 0.743393
v 0.347810 0.422944 0.742220
v 0.195410 0.422944 0.742220
v 0.195410 0.422944 0.742220
v 0.347810 0.422944 0.742220
v 0.347810 0.421020 0.740640
v 0.195410 0.421020 0.740640
v 0.195410 0.421020 0.740640
v 0.347810 0.421020 0.740640
v 0.347810 0.419440 0.738716
v 0.195410 0.419440 0.738716
v 0.195410 0.419440 0.738716
v 0.347810 0.419440 0.738716
v 0.347810 0.418267 0.736520
v 0.195410 0.418267 0.736520
v 0.195410 0.418267 0.736520
v 0.347810 0.418267 0.736520
v 0.347810 0.417544 0.734138
v 0.195410 0.417544 0.734138
v 0.195410 0.417544 0.734138
v 0.347810 0.417544 0.734138
v 0.347810 0.417300 0.731660
v 0.195410 0.417300 0.731660
v 0.195410 0.417300 0.731660
v 0.347810 0.417300 0.731660
v 0.347810 0.417544 0.729182
v 0.195410 0.417544 0.729182
v 0.195410 0.417544 0.729182
v 0.347810 0.417544 0.729182
v 0.347810 0.418267 0.726800
v 0.195410 0.418267 0.726800
v 0.195410 0.418267 0.726800
v 0.347810 0.418267 0.726800
v 0.347810 0.419440 0.724604
v 0.195410 0.419440 0.724604
v 0.195410 0.419440 0.724604
v 0.347810 0.419440 0.724604
v 0.347810 0.421020 0.722680
v 0.195410 0.421020 0.722680
v 0.195410 0.421020 0.722680
v 0.347810 0.421020 0.722680
v 0.347810 0.422944 0.721100
v 0.195410 0.422944 0.721100
v 0.195410 0.422944 0.721100
v 0.347810 0.422944 0.721100
v 0.347810 0.425140 0.719927
v 0.195410 0.425140 0.719927
v 0.195410 0.425140 0.719927
v 0.347810 0.425140 0.719927
v 0.347810 0.427522 0.719204
v 0.195410 0.427522 0.719204
v 0.195410 0.427522 0.719204
v 0.347810 0.427522 0.719204
v 0.347810 0.430000 0.718960
v 0.195410 0.430000 0.718960
v 0.271610 0.430000 0.718960
v 0.271610 -0.179600 0.718960
v 0.274088 -0.179600 0.719204
v 0.274088 0.430000 0.719204
v 0.274088 0.430000 0.719204
v 0.274088 -0.179600 0.719204
v 0.276470 -0.179600 0.719927
v 0.276470 0.430000 0.719927
v 0.276470 0.430000 0.719927
v 0.276470 -0.179600 0.719927
v 0.278666 -0.179600 0.721100
v 0.278666 0.430000 0.721100
v 0.278666 0.430000 0.721100
v 0.278666 -0.179600 0.721100
v 0.280590 -0.179600 0.722680
v 0.280590 0.430000 0.722680
v 0.280590 0.430000 0.722680
v 0.280590 -0.179600 0.722680
v 0.282170 -0.179600 0.724604
v 0.282170 0.430000 0.724604
v 0.282170 0.430000 0.724604
v 0.282170 -0.179600 0.724604
v 0.283343 -0.179600 0.726800
v 0.283343 0.430000 0.726800
v 0.283343 0.430000 0.726800
v 0.283343 -0.179600 0.726800
v 0.284066 -0.179600 0.729182
v 0.284066 0.430000 0.729182
v 0.284066 0.430000 0.729182
v 0.284066 -0.179600 0.729182
v 0.284310 -0.179600 0.731660
v 0.284310 0.430000 0.731660
v 0.284310 0.430000 0.731660
v 0.284310 -0.179600 0.731660
v 0.284066 -0.179600 0.734138
v 0.284066 0.430000 0.734138
v 0.284066 0.430000 0.734138
v 0.284066 -0.179600 0.734138
v 0.283343 -0.179600 0.736520
v 0.283343 0.430000 0.736520
v 0.283343 0.430000 0.736520
v 0.283343 -0.179600 0.736520
v 0.282170 -0.179600 0.738716
v 0.282170 0.430000 0.738716
v 0.282170 0.430000 0.738716
v 0.282170 -0.179600 0.738716
v 0.280590 -0.179600 0.740640
v 0.280590 0.430000 0.740640
v 0.280590 0.430000 0.740640
v 0.280590 -0.179600 0.740640
v 0.278666 -0.179600 0.742220
v 0.278666 0.430000 0.742220
v 0.278666 0.430000 0.742220
v 0.278666 -0.179600 0.742220
v 0.276470 -0.179600 0.743393
v 0.276470 0.430000 0.743393
v 0.276470 0.430000 0.743393
v 0.276470 -0.179600 0.743393
v 0.274088 -0.179600 0.744116
v 0.274088 0.430000 0.744116
v 0.274088 0.430000 0.744116
v 0.274088 -0.179600 0.744116
v 0.271610 -0.179600 0.744360
v 0.271610 0.430000 0.744360
v 0.271610 0.430000 0.744360
v 0.271610 -0.179600 0.744360
v 0.269132 -0.179600 0.744116
v 0.269132 0.430000 0.744116
v 0.269132 0.430000 0.744116
v 0.269132 -0.179600 0.744116
v 0.266750 -0.179600 0.743393
v 0.266750 0.430000 0.743393
v 0.266750 0.430000 0.743393
v 0.266750 -0.179600 0.743393
v 0.264554 -0.179600 0.742220
v 0.264554 0.430000 0.742220
v 0.264554 0.430000 0.742220
v 0.264554 -0.179600 0.742220
v 0.262630 -0.179600 0.740640
v 0.262630 0.430000 0.740640
v 0.262630 0.430000 0.740640
v 0.262630 -0.179600 0.740640
v 0.261050 -0.179600 0.738716
v 0.261050 0.430000 0.738716
v 0.261050 0.430000 0.738716
v 0.261050 -0.179600 0.738716
v 0.259877 -0.179600 0.736520
v 0.259877 0.430000 0.736520
v 0.259877 0.430000 0.736520
v 0.259877 -0.179600 0.736520
v 0.259154 -0.179600 0.734138
v 0.259154 0.430000 0.734138
v 0.259154 0.430000 0.734138
v 0.259154 -0.179600 0.734138
v 0.258910 -0.179600 0.731660
v 0.258910 0.430000 0.731660
v 0.258910 0.430000 0.731660
v 0.258910 -0.179600 0.731660
v 0.259154 -0.179600 0.729182
v 0.259154 0.430000 0.729182
v 0.259154 0.430000 0.729182
v 0.259154 -0.179600 0.729182
v 0.259877 -0.179600 0.726800
v 0.259877 0.430000 0.726800
v 0.259877 0.430000 0.726800
v 0.259877 -0.179600 0.726800
v 0.261050 -0.179600 0.724604
v 0.261050 0.430000 0.724604
v 0.261050 0.430000 0.724604
v 0.261050 -0.179600 0.724604
v 0.262630 -0.179600 0.722680
v 0.262630 0.430000 0.722680
v 0.262630 0.430000 0.722680
v 0.262630 -0.179600 0.722680
v 0.264554 -0.179600 0.721100
v 0.264554 0.430000 0.721100
v 0.264554 0.430000 0.721100
v 0.264554 -0.179600 0.721100
v 0.266750 -0.179600 0.719927
v 0.266750 0.430000 0.719927
v 0.266750 0.430000 0.719927
v 0.266750 -0.179600 0.719927
v 0.269132 -0.179600 0.719204
v 0.269132 0.430000 0.719204
v 0.269132 0.430000 0.719204
v 0.269132 -0.179600 0.719204
v 0.271610 -0.179600 0.718960
v 0.271610 0.430000 0.718960
v 0.296881 -0.177400 0.734804
v 0.296881 0.127400 0.206875
v 0.297125 0.129546 0.208114
v 0.297125 -0.175254 0.736043
v 0.297125 -0.175254 0.736043
v 0.297125 0.129546 0.208114
v 0.297848 0.131609 0.209305
v 0.297848 -0.173191 0.737234
v 0.297848 -0.173191 0.737234
v 0.297848 0.131609 0.209305
v 0.299022 0.133510 0.210403
v 0.299022 -0.171290 0.738332
v 0.299022 -0.171290 0.738332
v 0.299022 0.133510 0.210403
v 0.300601 0.135177 0.211365
v 0.300601 -0.169623 0.739295
v 0.300601 -0.169623 0.739295
v 0.300601 0.135177 0.211365
v 0.302526 0.136545 0.212155
v 0.302526 -0.168255 0.740084
v 0.302526 -0.168255 0.740084
v 0.302526 0.136545 0.212155
v 0.304721 0.137561 0.212742
v 0.304721 -0.167239 0.740671
v 0.304721 -0.167239 0.740671
v 0.304721 0.137561 0.212742
v 0.307104 0.138187 0.213103
v 0.307104 -0.166613 0.741032
v 0.307104 -0.166613 0.741032
v 0.307104 0.138187 0.213103
v 0.309581 0.138399 0.213225
v 0.309581 -0.166402 0.741154
v 0.309581 -0.166402 0.741154
v 0.309581 0.138399 0.213225
v 0.312059 0.138187 0.213103
v 0.312059 -0.166613 0.741032
v 0.312059 -0.166613 0.741032
v 0.312059 0.138187 0.213103
v 0.314441 0.137561 0.212742
v 0.314442 -0.167239 0.740671
v 0.314442 -0.167239 0.740671
v 0.314441 0.137561 0.212742
v 0.316637 0.136545 0.212155
v 0.316637 -0.168255 0.740084
v 0.316637 -0.168255 0.740084
v 0.316637 0.136545 0.212155
v 0.318562 0.135177 0.211365
v 0.318562 -0.169623 0.739295
v 0.318562 -0.169623 0.739295
v 0.318562 0.135177 0.211365
v 0.320141 0.133510 0.210403
v 0.320141 -0.171290 0.738332
v 0.320141 -0.171290 0.738332
v 0.320141 0.133510 0.210403
v 0.321315 0.131609 0.209305
v 0.321315 -0.173191 0.737234
v 0.321315 -0.173191 0.737234
v 0.321315 0.131609 0.209305
v 0.322037 0.129546 0.208114
v 0.322037 -0.175254 0.736043
v 0.322037 -0.175254 0.736043
v 0.322037 0.129546 0.208114
v 0.322281 0.127400 0.206875
v 0.322281 -0.177400 0.734804
v 0.322281 -0.177400 0.734804
v 0.322281 0.127400 0.206875
v 0.322037 0.125254 0.205636
v 0.322037 -0.179546 0.733565
v 0.322037 -0.179546 0.733565
v 0.322037 0.125254 0.205636
v 0.321315 0.123191 0.204445
v 0.321315 -0.181609 0.732374
v 0.321315 -0.181609 0.732374
v 0.321315 0.123191 0.204445
v 0.320141 0.121290 0.203347
v 0.320141 -0.183511 0.731276
v 0.320141 -0.183511 0.731276
v 0.320141 0.121290 0.203347
v 0.318562 0.119623 0.202385
v 0.318562 -0.185177 0.730314
v 0.318562 -0.185177 0.730314
v 0.318562 0.119623 0.202385
v 0.316637 0.118255 0.201595
v 0.316637 -0.186545 0.729525
v 0.316637 -0.186545 0.729525
v 0.316637 0.118255 0.201595
v 0.314441 0.117239 0.201009
v 0.314442 -0.187561 0.728938
v 0.314442 -0.187561 0.728938
v 0.314441 0.117239 0.201009
v 0.312059 0.116613 0.200647
v 0.312059 -0.188187 0.728576
v 0.312059 -0.188187 0.728576
v 0.312059 0.116613 0.200647
v 0.309581 0.116401 0.200525
v 0.309581 -0.188399 0.728454
v 0.309581 -0.188399 0.728454
v 0.309581 0.116401 0.200525
v 0.307104 0.116613 0.200647
v 0.307104 -0.188187 0.728576
v 0.307104 -0.188187 0.728576
v 0.307104 0.116613 0.200647
v 0.304721 0.117239 0.201009
v 0.304721 -0.187561 0.728938
v 0.304721 -0.187561 0.728938
v 0.304721 0.117239 0.201009
v 0.302526 0.118255 0.201595
v 0.302526 -0.186545 0.729525
v 0.302526 -0.186545 0.729525
v 0.302526 0.118255 0.201595
v 0.300601 0.119623 0.202385
v 0.300601 -0.185177 0.730314
v 0.300601 -0.185177 0.730314
v 0.300601 0.119623 0.202385
v 0.299022 0.121290 0.203347
v 0.299022 -0.183511 0.731276
v 0.299022 -0.183511 0.731276
v 0.299022 0.121290 0.203347
v 0.297848 0.123191 0.204445
v 0.297848 -0.181609 0.732374
v 0.297848 -0.181609 0.732374
v 0.297848 0.123191 0.204445
v 0.297125 0.125254 0.205636
v 0.297125 -0.179546 0.733565
v 0.297125 -0.179546 0.733565
v 0.297125 0.125254 0.205636
v 0.296881 0.127400 0.206875
v 0.296881 -0.177400 0.734804
v 0.237122 -0.178198 0.718794
v 0.441922 -0.178198 0.718794
v 0.441922 -0.175720 0.719038
v 0.237122 -0.175720 0.719038
v 0.237122 -0.175720 0.719038
v 0.441922 -0.175720 0.719038
v 0.441922 -0.173338 0.719761
v 0.237122 -0.173338 0.719761
v 0.237122 -0.173338 0.719761
v 0.441922 -0.173338 0.719761
v 0.441922 -0.171142 0.720934
v 0.237122 -0.171142 0.720934
v 0.237122 -0.171142 0.720934
v 0.441922 -0.171142 0.720934
v 0.441922 -0.169217 0.722514
v 0.237122 -0.169217 0.722514
v 0.237122 -0.169217 0.722514
v 0.441922 -0.169217 0.722514
v 0.441922 -0.167638 0.724438
v 0.237122 -0.167638 0.724438
v 0.237122 -0.167638 0.724438
v 0.441922 -0.167638 0.724438
v 0.441922 -0.166464 0.726634
v 0.237122 -0.166464 0.726634
v 0.237122 -0.166464 0.726634
v 0.441922 -0.166464 0.726634
v 0.441922 -0.165742 0.729016
v 0.237122 -0.165742 0.729016
v 0.237122 -0.165742 0.729016
v 0.441922 -0.165742 0.729016
v 0.441922 -0.165498 0.731494
v 0.237122 -0.165498 0.731494
v 0.237122 -0.165498 0.731494
v 0.441922 -0.165498 0.731494
v 0.441922 -0.165742 0.733972
v 0.237122 -0.165742 0.733972
v 0.237122 -0.165742 0.733972
v 0.441922 -0.165742 0.733972
v 0.441922 -0.166464 0.736354
v 0.237122 -0.166464 0.736354
v 0.237122 -0.166464 0.736354
v 0.441922 -0.166464 0.736354
v 0.441922 -0.167638 0.738550
v 0.237122 -0.167638 0.738550
v 0.237122 -0.167638 0.738550
v 0.441922 -0.167638 0.738550
v 0.441922 -0.169217 0.740474
v 0.237122 -0.169217 0.740474
v 0.237122 -0.169217 0.740474
v 0.441922 -0.169217 0.740474
v 0.441922 -0.171142 0.742054
v 0.237122 -0.171142 0.742054
v 0.237122 -0.171142 0.742054
v 0.441922 -0.171142 0.742054
v 0.441922 -0.173338 0.743227
v 0.237122 -0.173338 0.743227
v 0.237122 -0.173338 0.743227
v 0.441922 -0.173338 0.743227
v 0.441922 -0.175720 0.743950
v 0.237122 -0.175720 0.743950
v 0.237122 -0.175720 0.743950
v 0.441922 -0.175720 0.743950
v 0.441922 -0.178198 0.744194
v 0.237122 -0.178198 0.744194
v 0.237122 -0.178198 0.744194
v 0.441922 -0.178198 0.744194
v 0.441922 -0.180675 0.743950
v 0.237122 -0.180675 0.743950
v 0.237122 -0.180675 0.743950
v 0.441922 -0.180675 0.743950
v 0.441922 -0.183058 0.743227
v 0.237122 -0.183058 0.743227
v 0.237122 -0.183058 0.743227
v 0.441922 -0.183058 0.743227
v 0.441922 -0.185253 0.742054
v 0.237122 -0.185253 0.742054
v 0.237122 -0.185253 0.742054
v 0.441922 -0.185253 0.742054
v 0.441922 -0.187178 0.740474
v 0.237122 -0.187178 0.740474
v 0.237122 -0.187178 0.740474
v 0.441922 -0.187178 0.740474
v 0.441922 -0.188757 0.738550
v 0.237122 -0.188757 0.738550
v 0.237122 -0.188757 0.738550
v 0.441922 -0.188757 0.738550
v 0.441922 -0.189931 0.736354
v 0.237122 -0.189931 0.736354
v 0.237122 -0.189931 0.736354
v 0.441922 -0.189931 0.736354
v 0.441922 -0.190654 0.733972
v 0.237122 -0.190654 0.733972
v 0.237122 -0.190654 0.733972
v 0.441922 -0.190654 0.733972
v 0.441922 -0.190898 0.731494
v 0.237122 -0.190898 0.731494
v 0.237122 -0.190898 0.731494
v 0.441922 -0.190898 0.731494
v 0.441922 -0.190654 0.729016
v 0.237122 -0.190654 0.729016
v 0.237122 -0.190654 0.729016
v 0.441922 -0.190654 0.729016
v 0.441922 -0.189931 0.726634
v 0.237122 -0.189931 0.726634
v 0.237122 -0.189931 0.726634
v 0.441922 -0.189931 0.726634
v 0.441922 -0.188757 0.724438
v 0.237122 -0.188757 0.724438
v 0.237122 -0.188757 0.724438
v 0.441922 -0.188757 0.724438
v 0.441922 -0.187178 0.722514
v 0.237122 -0.187178 0.722514
v 0.237122 -0.187178 0.722514
v 0.441922 -0.187178 0.722514
v 0.441922 -0.185253 0.720934
v 0.237122 -0.185253 0.720934
v 0.237122 -0.185253 0.720934
v 0.441922 -0.185253 0.720934
v 0.441922 -0.183058 0.719761
v 0.237122 -0.183058 0.719761
v 0.237122 -0.183058 0.719761
v 0.441922 -0.183058 0.719761
v 0.441922 -0.180675 0.719038
v 0.237122 -0.180675 0.719038
v 0.237122 -0.180675 0.719038
v 0.441922 -0.180675 0.719038
v 0.441922 -0.178198 0.718794
v 0.237122 -0.178198 0.718794
v 0.195410 0.430000 -0.393560
v 0.347810 0.430000 -0.393560
v 0.347810 0.432478 -0.393316
v 0.195410 0.432478 -0.393316
v 0.195410 0.432478 -0.393316
v 0.347810 0.432478 -0.393316
v 0.347810 0.434860 -0.392593
v 0.195410 0.434860 -0.392593
v 0.195410 0.434860 -0.392593
v 0.347810 0.434860 -0.392593
v 0.347810 0.437056 -0.391420
v 0.195410 0.437056 -0.391420
v 0.195410 0.437056 -0.391420
v 0.347810 0.437056 -0.391420
v 0.347810 0.438980 -0.389840
v 0.195410 0.438980 -0.389840
v 0.195410 0.438980 -0.389840
v 0.347810 0.438980 -0.389840
v 0.347810 0.440560 -0.387916
v 0.195410 0.440560 -0.387916
v 0.195410 0.440560 -0.387916
v 0.347810 0.440560 -0.387916
v 0.347810 0.441733 -0.385720
v 0.195410 0.441733 -0.385720
v 0.195410 0.441733 -0.385720
v 0.347810 0.441733 -0.385720
v 0.347810 0.442456 -0.383338
v 0.195410 0.442456 -0.383338
v 0.195410 0.442456 -0.383338
v 0.347810 0.442456 -0.383338
v 0.347810 0.442700 -0.380860
v 0.195410 0.442700 -0.380860
v 0.195410 0.442700 -0.380860
v 0.347810 0.442700 -0.380860
v 0.347810 0.442456 -0.378382
v 0.195410 0.442456 -0.378382
v 0.195410 0.442456 -0.378382
v 0.347810 0.442456 -0.378382
v 0.347810 0.441733 -0.376000
v 0.195410 0.441733 -0.376000
v 0.195410 0.441733 -0.376000
v 0.347810 0.441733 -0.376000
v 0.347810 0.440560 -0.373804
v 0.195410 0.440560 -0.373804
v 0.195410 0.440560 -0.373804
v 0.347810 0.440560 -0.373804
v 0.347810 0.438980 -0.371880
v 0.195410 0.438980 -0.371880
v 0.195410 0.438980 -0.371880
v 0.347810 0.438980 -0.371880
v 0.347810 0.437056 -0.370300
v 0.195410 0.437056 -0.370300
v 0.195410 0.437056 -0.370300
v 0.347810 0.437056 -0.370300
v 0.347810 0.434860 -0.369127
v 0.195410 0.434860 -0.369127
v 0.195410 0.434860 -0.369127
v 0.347810 0.434860 -0.369127
v 0.347810 0.432478 -0.368404
v 0.195410 0.432478 -0.368404
v 0.195410 0.432478 -0.368404
v 0.347810 0.432478 -0.368404
v 0.347810 0.430000 -0.368160
v 0.195410 0.430000 -0.368160
v 0.195410 0.430000 -0.368160
v 0.347810 0.430000 -0.368160
v 0.347810 0.427522 -0.368404
v 0.195410 0.427522 -0.368404
v 0.195410 0.427522 -0.368404
v 0.347810 0.427522 -0.368404
v 0.347810 0.425140 -0.369127
v 0.195410 0.425140 -0.369127
v 0.195410 0.425140 -0.369127
v 0.347810 0.425140 -0.369127
v 0.347810 0.422944 -0.370300
v 0.195410 0.422944 -0.370300
v 0.195410 0.422944 -0.370300
v 0.347810 0.422944 -0.370300
v 0.347810 0.421020 -0.371880
v 0.195410 0.421020 -0.371880
v 0.195410 0.421020 -0.371880
v 0.347810 0.421020 -0.371880
v 0.347810 0.419440 -0.373804
v 0.195410 0.419440 -0.373804
v 0.195410 0.419440 -0.373804
v 0.347810 0.419440 -0.373804
v 0.347810 0.418267 -0.376000
v 0.195410 0.418267 -0.376000
v 0.195410 0.418267 -0.376000
v 0.347810 0.418267 -0.376000
v 0.347810 0.417544 -0.378382
v 0.195410 0.417544 -0.378382
v 0.195410 0.417544 -0.378382
v 0.347810 0.417544 -0.378382
v 0.347810 0.417300 -0.380860
v 0.195410 0.417300 -0.380860
v 0.195410 0.417300 -0.380860
v 0.347810 0.417300 -0.380860
v 0.347810 0.417544 -0.383338
v 0.195410 0.417544 -0.383338
v 0.195410 0.417544 -0.383338
v 0.347810 0.417544 -0.383338
v 0.347810 0.418267 -0.385720
v 0.195410 0.418267 -0.385720
v 0.195410 0.418267 -0.385720
v 0.347810 0.418267 -0.385720
v 0.347810 0.419440 -0.387916
v 0.195410 0.419440 -0.387916
v 0.195410 0.419440 -0.387916
v 0.347810 0.419440 -0.387916
v 0.347810 0.421020 -0.389840
v 0.195410 0.421020 -0.389840
v 0.195410 0.421020 -0.389840
v 0.347810 0.421020 -0.389840
v 0.347810 0.422944 -0.391420
v 0.195410 0.422944 -0.391420
v 0.195410 0.422944 -0.391420
v 0.347810 0.422944 -0.391420
v 0.347810 0.425140 -0.392593
v 0.195410 0.425140 -0.392593
v 0.195410 0.425140 -0.392593
v 0.347810 0.425140 -0.392593
v 0.347810 0.427522 -0.393316
v 0.195410 0.427522 -0.393316
v 0.195410 0.427522 -0.393316
v 0.347810 0.427522 -0.393316
v 0.347810 0.430000 -0.393560
v 0.195410 0.430000 -0.393560
v 0.234610 0.217821 -0.389625
v 0.234610 0.111965 0.210714
v 0.237088 0.112205 0.210757
v 0.237088 0.218061 -0.389582
v 0.237088 0.218061 -0.389582
v 0.237088 0.112205 0.210757
v 0.239470 0.112917 0.210882
v 0.239470 0.218773 -0.389457
v 0.239470 0.218773 -0.389457
v 0.239470 0.112917 0.210882
v 0.241666 0.114073 0.211086
v 0.241666 0.219929 -0.389253
v 0.241666 0.219929 -0.389253
v 0.241666 0.114073 0.211086
v 0.243590 0.115628 0.211360
v 0.243590 0.221484 -0.388979
v 0.243590 0.221484 -0.388979
v 0.243590 0.115628 0.211360
v 0.245170 0.117523 0.211694
v 0.245170 0.223379 -0.388645
v 0.245170 0.223379 -0.388645
v 0.245170 0.117523 0.211694
v 0.246343 0.119686 0.212076
v 0.246343 0.225542 -0.388263
v 0.246343 0.225542 -0.388263
v 0.246343 0.119686 0.212076
v 0.247066 0.122032 0.212489
v 0.247066 0.227888 -0.387850
v 0.247066 0.227888 -0.387850
v 0.247066 0.122032 0.212489
v 0.247310 0.124472 0.212919
v 0.247310 0.230328 -0.387419
v 0.247310 0.230328 -0.387419
v 0.247310 0.124472 0.212919
v 0.247066 0.126912 0.213350
v 0.247066 0.232768 -0.386989
v 0.247066 0.232768 -0.386989
v 0.247066 0.126912 0.213350
v 0.246343 0.129258 0.213763
v 0.246343 0.235114 -0.386576
v 0.246343 0.235114 -0.386576
v 0.246343 0.129258 0.213763
v 0.245170 0.131421 0.214145
v 0.245170 0.237276 -0.386194
v 0.245170 0.237276 -0.386194
v 0.245170 0.131421 0.214145
v 0.243590 0.133316 0.214479
v 0.243590 0.239172 -0.385860
v 0.243590 0.239172 -0.385860
v 0.243590 0.133316 0.214479
v 0.241666 0.134871 0.214753
v 0.241666 0.240727 -0.385586
v 0.241666 0.240727 -0.385586
v 0.241666 0.134871 0.214753
v 0.239470 0.136027 0.214957
v 0.239470 0.241883 -0.385382
v 0.239470 0.241883 -0.385382
v 0.239470 0.136027 0.214957
v 0.237088 0.136739 0.215082
v 0.237088 0.242595 -0.385257
v 0.237088 0.242595 -0.385257
v 0.237088 0.136739 0.215082
v 0.234610 0.136979 0.215125
v 0.234610 0.242835 -0.385214
v 0.234610 0.242835 -0.385214
v 0.234610 0.136979 0.215125
v 0.232132 0.136739 0.215082
v 0.232132 0.242595 -0.385257
v 0.232132 0.242595 -0.385257
v 0.232132 0.136739 0.215082
v 0.229750 0.136027 0.214957
v 0.229750 0.241883 -0.385382
v 0.229750 0.241883 -0.385382
v 0.229750 0.136027 0.214957
v 0.227554 0.134871 0.214753
v 0.227554 0.240727 -0.385586
v 0.227554 0.240727 -0.385586
v 0.227554 0.134871 0.214753
v 0.225630 0.133316 0.214479
v 0.225630 0.239172 -0.385860
v 0.225630 0.239172 -0.385860
v 0.225630 0.133316 0.214479
v 0.224050 0.131421 0.214145
v 0.224050 0.237276 -0.386194
v 0.224050 0.237276 -0.386194
v 0.224050 0.131421 0.214145
v 0.222877 0.129258 0.213763
v 0.222877 0.235114 -0.386576
v 0.222877 0.235114 -0.386576
v 0.222877 0.129258 0.213763
v 0.222154 0.126912 0.213350
v 0.222154 0.232768 -0.386989
v 0.222154 0.232768 -0.386989
v 0.222154 0.126912 0.213350
v 0.221910 0.124472 0.212919
v 0.221910 0.230328 -0.387419
v 0.221910 0.230328 -0.387419
v 0.221910 0.124472 0.212919
v 0.222154 0.122032 0.212489
v 0.222154 0.227888 -0.387850
v 0.222154 0.227888 -0.387850
v 0.222154 0.122032 0.212489
v 0.222877 0.119686 0.212076
v 0.222877 0.225542 -0.388263
v 0.222877 0.225542 -0.388263
v 0.222877 0.119686 0.212076
v 0.224050 0.117523 0.211694
v 0.224050 0.223379 -0.388645
v 0.224050 0.223379 -0.388645
v 0.224050 0.117523 0.211694
v 0.225630 0.115628 0.211360
v 0.225630 0.221484 -0.388979
v 0.225630 0.221484 -0.388979
v 0.225630 0.115628 0.211360
v 0.227554 0.114073 0.211086
v 0.227554 0.219929 -0.389253
v 0.227554 0.219929 -0.389253
v 0.227554 0.114073 0.211086
v 0.229750 0.112917 0.210882
v 0.229750 0.218773 -0.389457
v 0.229750 0.218773 -0.389457
v 0.229750 0.112917 0.210882
v 0.232132 0.112205 0.210757
v 0.232132 0.218061 -0.389582
v 0.232132 0.218061 -0.389582
v 0.232132 0.112205 0.210757
v 0.234610 0.111965 0.210714
v 0.234610 0.217821 -0.389625
v 0.271610 0.430000 -0.393560
v 0.271610 0.226800 -0.393560
v 0.274088 0.226800 -0.393316
v 0.274088 0.430000 -0.393316
v 0.274088 0.430000 -0.393316
v 0.274088 0.226800 -0.393316
v 0.276470 0.226800 -0.392593
v 0.276470 0.430000 -0.392593
v 0.276470 0.430000 -0.392593
v 0.276470 0.226800 -0.392593
v 0.278666 0.226800 -0.391420
v 0.278666 0.430000 -0.391420
v 0.278666 0.430000 -0.391420
v 0.278666 0.226800 -0.391420
v 0.280590 0.226800 -0.389840
v 0.280590 0.430000 -0.389840
v 0.280590 0.430000 -0.389840
v 0.280590 0.226800 -0.389840
v 0.282170 0.226800 -0.387916
v 0.282170 0.430000 -0.387916
v 0.282170 0.430000 -0.387916
v 0.282170 0.226800 -0.387916
v 0.283343 0.226800 -0.385720
v 0.283343 0.430000 -0.385720
v 0.283343 0.430000 -0.385720
v 0.283343 0.226800 -0.385720
v 0.284066 0.226800 -0.383338
v 0.284066 0.430000 -0.383338
v 0.284066 0.430000 -0.383338
v 0.284066 0.226800 -0.383338
v 0.284310 0.226800 -0.380860
v 0.284310 0.430000 -0.380860
v 0.284310 0.430000 -0.380860
v 0.284310 0.226800 -0.380860
v 0.284066 0.226800 -0.378382
v 0.284066 0.430000 -0.378382
v 0.284066 0.430000 -0.378382
v 0.284066 0.226800 -0.378382
v 0.283343 0.226800 -0.376000
v 0.283343 0.430000 -0.376000
v 0.283343 0.430000 -0.376000
v 0.283343 0.226800 -0.376000
v 0.282170 0.226800 -0.373804
v 0.282170 0.430000 -0.373804
v 0.282170 0.430000 -0.373804
v 0.282170 0.226800 -0.373804
v 0.280590 0.226800 -0.371880
v 0.280590 0.430000 -0.371880
v 0.280590 0.430000 -0.371880
v 0.280590 0.226800 -0.371880
v 0.278666 0.226800 -0.370300
v 0.278666 0.430000 -0.370300
v 0.278666 0.430000 -0.370300
v 0.278666 0.226800 -0.370300
v 0.276470 0.226800 -0.369127
v 0.276470 0.430000 -0.369127
v 0.276470 0.430000 -0.369127
v 0.276470 0.226800 -0.369127
v 0.274088 0.226800 -0.368404
v 0.274088 0.430000 -0.368404
v 0.274088 0.430000 -0.368404
v 0.274088 0.226800 -0.368404
v 0.271610 0.226800 -0.368160
v 0.271610 0.430000 -0.368160
v 0.271610 0.430000 -0.368160
v 0.271610 0.226800 -0.368160
v 0.269132 0.226800 -0.368404
v 0.269132 0.430000 -0.368404
v 0.269132 0.430000 -0.368404
v 0.269132 0.226800 -0.368404
v 0.266750 0.226800 -0.369127
v 0.266750 0.430000 -0.369127
v 0.266750 0.430000 -0.369127
v 0.266750 0.226800 -0.369127
v 0.264554 0.226800 -0.370300
v 0.264554 0.430000 -0.370300
v 0.264554 0.430000 -0.370300
v 0.264554 0.226800 -0.370300
v 0.262630 0.226800 -0.371880
v 0.262630 0.430000 -0.371880
v 0.262630 0.430000 -0.371880
v 0.262630 0.226800 -0.371880
v 0.261050 0.226800 -0.373804
v 0.261050 0.430000 -0.373804
v 0.261050 0.430000 -0.373804
v 0.261050 0.226800 -0.373804
v 0.259877 0.226800 -0.376000
v 0.259877 0.430000 -0.376000
v 0.259877 0.430000 -0.376000
v 0.259877 0.226800 -0.376000
v 0.259154 0.226800 -0.378382
v 0.259154 0.430000 -0.378382
v 0.259154 0.430000 -0.378382
v 0.259154 0.226800 -0.378382
v 0.258910 0.226800 -0.380860
v 0.258910 0.430000 -0.380860
v 0.258910 0.430000 -0.380860
v 0.258910 0.226800 -0.380860
v 0.259154 0.226800 -0.383338
v 0.259154 0.430000 -0.383338
v 0.259154 0.430000 -0.383338
v 0.259154 0.226800 -0.383338
v 0.259877 0.226800 -0.385720
v 0.259877 0.430000 -0.385720
v 0.259877 0.430000 -0.385720
v 0.259877 0.226800 -0.385720
v 0.261050 0.226800 -0.387916
v 0.261050 0.430000 -0.387916
v 0.261050 0.430000 -0.387916
v 0.261050 0.226800 -0.387916
v 0.262630 0.226800 -0.389840
v 0.262630 0.430000 -0.389840
v 0.262630 0.430000 -0.389840
v 0.262630 0.226800 -0.389840
v 0.264554 0.226800 -0.391420
v 0.264554 0.430000 -0.391420
v 0.264554 0.430000 -0.391420
v 0.264554 0.226800 -0.391420
v 0.266750 0.226800 -0.392593
v 0.266750 0.430000 -0.392593
v 0.266750 0.430000 -0.392593
v 0.266750 0.226800 -0.392593
v 0.269132 0.226800 -0.393316
v 0.269132 0.430000 -0.393316
v 0.269132 0.430000 -0.393316
v 0.269132 0.226800 -0.393316
v 0.271610 0.226800 -0.393560
v 0.271610 0.430000 -0.393560
v 0.169210 0.226800 -0.393560
v 0.374010 0.226800 -0.393560
v 0.374010 0.229278 -0.393316
v 0.169210 0.229278 -0.393316
v 0.169210 0.229278 -0.393316
v 0.374010 0.229278 -0.393316
v 0.374010 0.231660 -0.392593
v 0.169210 0.231660 -0.392593
v 0.169210 0.231660 -0.392593
v 0.374010 0.231660 -0.392593
v 0.374010 0.233856 -0.391420
v 0.169210 0.233856 -0.391420
v 0.169210 0.233856 -0.391420
v 0.374010 0.233856 -0.391420
v 0.374010 0.235780 -0.389840
v 0.169210 0.235780 -0.389840
v 0.169210 0.235780 -0.389840
v 0.374010 0.235780 -0.389840
v 0.374010 0.237360 -0.387916
v 0.169210 0.237360 -0.387916
v 0.169210 0.237360 -0.387916
v 0.374010 0.237360 -0.387916
v 0.374010 0.238533 -0.385720
v 0.169210 0.238533 -0.385720
v 0.169210 0.238533 -0.385720
v 0.374010 0.238533 -0.385720
v 0.374010 0.239256 -0.383338
v 0.169210 0.239256 -0.383338
v 0.169210 0.239256 -0.383338
v 0.374010 0.239256 -0.383338
v 0.374010 0.239500 -0.380860
v 0.169210 0.239500 -0.380860
v 0.169210 0.239500 -0.380860
v 0.374010 0.239500 -0.380860
v 0.374010 0.239256 -0.378382
v 0.169210 0.239256 -0.378382
v 0.169210 0.239256 -0.378382
v 0.374010 0.239256 -0.378382
v 0.374010 0.238533 -0.376000
v 0.169210 0.238533 -0.376000
v 0.169210 0.238533 -0.376000
v 0.374010 0.238533 -0.376000
v 0.374010 0.237360 -0.373804
v 0.169210 0.237360 -0.373804
v 0.169210 0.237360 -0.373804
v 0.374010 0.237360 -0.373804
v 0.374010 0.235780 -0.371880
v 0.169210 0.235780 -0.371880
v 0.169210 0.235780 -0.371880
v 0.374010 0.235780 -0.371880
v 0.374010 0.233856 -0.370300
v 0.169210 0.233856 -0.370300
v 0.169210 0.233856 -0.370300
v 0.374010 0.233856 -0.370300
v 0.374010 0.231660 -0.369127
v 0.169210 0.231660 -0.369127
v 0.169210 0.231660 -0.369127
v 0.374010 0.231660 -0.369127
v 0.374010 0.229278 -0.368404
v 0.169210 0.229278 -0.368404
v 0.169210 0.229278 -0.368404
v 0.374010 0.229278 -0.368404
v 0.374010 0.226800 -0.368160
v 0.169210 0.226800 -0.368160
v 0.169210 0.226800 -0.368160
v 0.374010 0.226800 -0.368160
v 0.374010 0.224322 -0.368404
v 0.169210 0.224322 -0.368404
v 0.169210 0.224322 -0.368404
v 0.374010 0.224322 -0.368404
v 0.374010 0.221940 -0.369127
v 0.169210 0.221940 -0.369127
v 0.169210 0.221940 -0.369127
v 0.374010 0.221940 -0.369127
v 0.374010 0.219744 -0.370300
v 0.169210 0.219744 -0.370300
v 0.169210 0.219744 -0.370300
v 0.374010 0.219744 -0.370300
v 0.374010 0.217820 -0.371880
v 0.169210 0.217820 -0.371880
v 0.169210 0.217820 -0.371880
v 0.374010 0.217820 -0.371880
v 0.374010 0.216240 -0.373804
v 0.169210 0.216240 -0.373804
v 0.169210 0.216240 -0.373804
v 0.374010 0.216240 -0.373804
v 0.374010 0.215067 -0.376000
v 0.169210 0.215067 -0.376000
v 0.169210 0.215067 -0.376000
v 0.374010 0.215067 -0.376000
v 0.374010 0.214344 -0.378382
v 0.169210 0.214344 -0.378382
v 0.169210 0.214344 -0.378382
v 0.374010 0.214344 -0.378382
v 0.374010 0.214100 -0.380860
v 0.169210 0.214100 -0.380860
v 0.169210 0.214100 -0.380860
v 0.374010 0.214100 -0.380860
v 0.374010 0.214344 -0.383338
v 0.169210 0.214344 -0.383338
v 0.169210 0.214344 -0.383338
v 0.374010 0.214344 -0.383338
v 0.374010 0.215067 -0.385720
v 0.169210 0.215067 -0.385720
v 0.169210 0.215067 -0.385720
v 0.374010 0.215067 -0.385720
v 0.374010 0.216240 -0.387916
v 0.169210 0.216240 -0.387916
v 0.169210 0.216240 -0.387916
v 0.374010 0.216240 -0.387916
v 0.374010 0.217820 -0.389840
v 0.169210 0.217820 -0.389840
v 0.169210 0.217820 -0.389840
v 0.374010 0.217820 -0.389840
v 0.374010 0.219744 -0.391420
v 0.169210 0.219744 -0.391420
v 0.169210 0.219744 -0.391420
v 0.374010 0.219744 -0.391420
v 0.374010 0.221940 -0.392593
v 0.169210 0.221940 -0.392593
v 0.169210 0.221940 -0.392593
v 0.374010 0.221940 -0.392593
v 0.374010 0.224322 -0.393316
v 0.169210 0.224322 -0.393316
v 0.169210 0.224322 -0.393316
v 0.374010 0.224322 -0.393316
v 0.374010 0.226800 -0.393560
v 0.169210 0.226800 -0.393560
v -0.072401 0.163582 -0.012705
v 0.232399 0.163582 -0.012705
v 0.232399 0.166059 -0.012461
v -0.072401 0.166059 -0.012461
v -0.072401 0.166059 -0.012461
v 0.232399 0.166059 -0.012461
v 0.232399 0.168442 -0.011738
v -0.072401 0.168442 -0.011738
v -0.072401 0.168442 -0.011738
v 0.232399 0.168442 -0.011738
v 0.232399 0.170637 -0.010564
v -0.072401 0.170637 -0.010564
v -0.072401 0.170637 -0.010564
v 0.232399 0.170637 -0.010564
v 0.232399 0.172562 -0.008985
v -0.072401 0.172562 -0.008985
v -0.072401 0.172562 -0.008985
v 0.232399 0.172562 -0.008985
v 0.232399 0.174141 -0.007060
v -0.072401 0.174141 -0.007060
v -0.072401 0.174141 -0.007060
v 0.232399 0.174141 -0.007060
v 0.232399 0.175315 -0.004865
v -0.072401 0.175315 -0.004865
v -0.072401 0.175315 -0.004865
v 0.232399 0.175315 -0.004865
v 0.232399 0.176038 -0.002482
v -0.072401 0.176038 -0.002482
v -0.072401 0.176038 -0.002482
v 0.232399 0.176038 -0.002482
v 0.232399 0.176282 -0.000005
v -0.072401 0.176282 -0.000005
v -0.072401 0.176282 -0.000005
v 0.232399 0.176282 -0.000005
v 0.232399 0.176038 0.002473
v -0.072401 0.176038 0.002473
v -0.072401 0.176038 0.002473
v 0.232399 0.176038 0.002473
v 0.232399 0.175315 0.004855
v -0.072401 0.175315 0.004855
v -0.072401 0.175315 0.004855
v 0.232399 0.175315 0.004855
v 0.232399 0.174141 0.007051
v -0.072401 0.174141 0.007051
v -0.072401 0.174141 0.007051
v 0.232399 0.174141 0.007051
v 0.232399 0.172562 0.008976
v -0.072401 0.172562 0.008976
v -0.072401 0.172562 0.008976
v 0.232399 0.172562 0.008976
v 0.232399 0.170637 0.010555
v -0.072401 0.170637 0.010555
v -0.072401 0.170637 0.010555
v 0.232399 0.170637 0.010555
v 0.232399 0.168442 0.011729
v -0.072401 0.168442 0.011729
v -0.072401 0.168442 0.011729
v 0.232399 0.168442 0.011729
v 0.232399 0.166059 0.012451
v -0.072401 0.166059 0.012451
v -0.072401 0.166059 0.012451
v 0.232399 0.166059 0.012451
v 0.232399 0.163582 0.012695
v -0.072401 0.163582 0.012695
v -0.072401 0.163582 0.012695
v 0.232399 0.163582 0.012695
v 0.232399 0.161104 0.012451
v -0.072401 0.161104 0.012451
v -0.072401 0.161104 0.012451
v 0.232399 0.161104 0.012451
v 0.232399 0.158722 0.011729
v -0.072401 0.158722 0.011729
v -0.072401 0.158722 0.011729
v 0.232399 0.158722 0.011729
v 0.232399 0.156526 0.010555
v -0.072401 0.156526 0.010555
v -0.072401 0.156526 0.010555
v 0.232399 0.156526 0.010555
v 0.232399 0.154601 0.008976
v -0.072401 0.154601 0.008976
v -0.072401 0.154601 0.008976
v 0.232399 0.154601 0.008976
v 0.232399 0.153022 0.007051
v -0.072401 0.153022 0.007051
v -0.072401 0.153022 0.007051
v 0.232399 0.153022 0.007051
v 0.232399 0.151848 0.004855
v -0.072401 0.151848 0.004855
v -0.072401 0.151848 0.004855
v 0.232399 0.151848 0.004855
v 0.232399 0.151126 0.002473
v -0.072401 0.151126 0.002473
v -0.072401 0.151126 0.002473
v 0.232399 0.151126 0.002473
v 0.232399 0.150882 -0.000005
v -0.072401 0.150882 -0.000005
v -0.072401 0.150882 -0.000005
v 0.232399 0.150882 -0.000005
v 0.232399 0.151126 -0.002482
v -0.072401 0.151126 -0.002482
v -0.072401 0.151126 -0.002482
v 0.232399 0.151126 -0.002482
v 0.232399 0.151848 -0.004865
v -0.072401 0.151848 -0.004865
v -0.072401 0.151848 -0.004865
v 0.232399 0.151848 -0.004865
v 0.232399 0.153022 -0.007060
v -0.072401 0.153022 -0.007060
v -0.072401 0.153022 -0.007060
v 0.232399 0.153022 -0.007060
v 0.232399 0.154601 -0.008985
v -0.072401 0.154601 -0.008985
v -0.072401 0.154601 -0.008985
v 0.232399 0.154601 -0.008985
v 0.232399 0.156526 -0.010564
v -0.072401 0.156526 -0.010564
v -0.072401 0.156526 -0.010564
v 0.232399 0.156526 -0.010564
v 0.232399 0.158722 -0.011738
v -0.072401 0.158722 -0.011738
v -0.072401 0.158722 -0.011738
v 0.232399 0.158722 -0.011738
v 0.232399 0.161104 -0.012461
v -0.072401 0.161104 -0.012461
v -0.072401 0.161104 -0.012461
v 0.232399 0.161104 -0.012461
v 0.232399 0.163582 -0.012705
v -0.072401 0.163582 -0.012705
v 0.235131 0.201572 -0.241202
v 0.539931 0.201572 -0.241202
v 0.539931 0.204050 -0.240957
v 0.235131 0.204050 -0.240957
v 0.235131 0.204050 -0.240957
v 0.539931 0.204050 -0.240957
v 0.539931 0.206432 -0.240235
v 0.235131 0.206432 -0.240235
v 0.235131 0.206432 -0.240235
v 0.539931 0.206432 -0.240235
v 0.539931 0.208628 -0.239061
v 0.235131 0.208628 -0.239061
v 0.235131 0.208628 -0.239061
v 0.539931 0.208628 -0.239061
v 0.539931 0.210552 -0.237482
v 0.235131 0.210552 -0.237482
v 0.235131 0.210552 -0.237482
v 0.539931 0.210552 -0.237482
v 0.539931 0.212132 -0.235557
v 0.235131 0.212132 -0.235557
v 0.235131 0.212132 -0.235557
v 0.539931 0.212132 -0.235557
v 0.539931 0.213305 -0.233362
v 0.235131 0.213305 -0.233362
v 0.235131 0.213305 -0.233362
v 0.539931 0.213305 -0.233362
v 0.539931 0.214028 -0.230979
v 0.235131 0.214028 -0.230979
v 0.235131 0.214028 -0.230979
v 0.539931 0.214028 -0.230979
v 0.539931 0.214272 -0.228502
v 0.235131 0.214272 -0.228501
v 0.235131 0.214272 -0.228501
v 0.539931 0.214272 -0.228502
v 0.539931 0.214028 -0.226024
v 0.235131 0.214028 -0.226024
v 0.235131 0.214028 -0.226024
v 0.539931 0.214028 -0.226024
v 0.539931 0.213305 -0.223641
v 0.235131 0.213305 -0.223641
v 0.235131 0.213305 -0.223641
v 0.539931 0.213305 -0.223641
v 0.539931 0.212132 -0.221446
v 0.235131 0.212132 -0.221446
v 0.235131 0.212132 -0.221446
v 0.539931 0.212132 -0.221446
v 0.539931 0.210552 -0.219521
v 0.235131 0.210552 -0.219521
v 0.235131 0.210552 -0.219521
v 0.539931 0.210552 -0.219521
v 0.539931 0.208628 -0.217942
v 0.235131 0.208628 -0.217942
v 0.235131 0.208628 -0.217942
v 0.539931 0.208628 -0.217942
v 0.539931 0.206432 -0.216768
v 0.235131 0.206432 -0.216768
v 0.235131 0.206432 -0.216768
v 0.539931 0.206432 -0.216768
v 0.539931 0.204050 -0.216046
v 0.235131 0.204050 -0.216046
v 0.235131 0.204050 -0.216046
v 0.539931 0.204050 -0.216046
v 0.539931 0.201572 -0.215802
v 0.235131 0.201572 -0.215801
v 0.235131 0.201572 -0.215801
v 0.539931 0.201572 -0.215802
v 0.539931 0.199094 -0.216046
v 0.235131 0.199094 -0.216046
v 0.235131 0.199094 -0.216046
v 0.539931 0.199094 -0.216046
v 0.539931 0.196712 -0.216768
v 0.235131 0.196712 -0.216768
v 0.235131 0.196712 -0.216768
v 0.539931 0.196712 -0.216768
v 0.539931 0.194516 -0.217942
v 0.235131 0.194516 -0.217942
v 0.235131 0.194516 -0.217942
v 0.539931 0.194516 -0.217942
v 0.539931 0.192592 -0.219521
v 0.235131 0.192592 -0.219521
v 0.235131 0.192592 -0.219521
v 0.539931 0.192592 -0.219521
v 0.539931 0.191012 -0.221446
v 0.235131 0.191012 -0.221446
v 0.235131 0.191012 -0.221446
v 0.539931 0.191012 -0.221446
v 0.539931 0.189839 -0.223641
v 0.235131 0.189839 -0.223641
v 0.235131 0.189839 -0.223641
v 0.539931 0.189839 -0.223641
v 0.539931 0.189116 -0.226024
v 0.235131 0.189116 -0.226024
v 0.235131 0.189116 -0.226024
v 0.539931 0.189116 -0.226024
v 0.539931 0.188872 -0.228502
v 0.235131 0.188872 -0.228501
v 0.235131 0.188872 -0.228501
v 0.539931 0.188872 -0.228502
v 0.539931 0.189116 -0.230979
v 0.235131 0.189116 -0.230979
v 0.235131 0.189116 -0.230979
v 0.539931 0.189116 -0.230979
v 0.539931 0.189839 -0.233362
v 0.235131 0.189839 -0.233362
v 0.235131 0.189839 -0.233362
v 0.539931 0.189839 -0.233362
v 0.539931 0.191012 -0.235557
v 0.235131 0.191012 -0.235557
v 0.235131 0.191012 -0.235557
v 0.539931 0.191012 -0.235557
v 0.539931 0.192592 -0.237482
v 0.235131 0.192592 -0.237482
v 0.235131 0.192592 -0.237482
v 0.539931 0.192592 -0.237482
v 0.539931 0.194516 -0.239061
v 0.235131 0.194516 -0.239061
v 0.235131 0.194516 -0.239061
v 0.539931 0.194516 -0.239061
v 0.539931 0.196712 -0.240235
v 0.235131 0.196712 -0.240235
v 0.235131 0.196712 -0.240235
v 0.539931 0.196712 -0.240235
v 0.539931 0.199094 -0.240957
v 0.235131 0.199094 -0.240957
v 0.235131 0.199094 -0.240957
v 0.539931 0.199094 -0.240957
v 0.539931 0.201572 -0.241202
v 0.235131 0.201572 -0.241202
v 0.312381 0.018674 0.384368
v 0.617181 0.018674 0.384368
v 0.617181 0.021152 0.384612
v 0.312381 0.021152 0.384612
v 0.312381 0.021152 0.384612
v 0.617181 0.021152 0.384612
v 0.617181 0.023535 0.385335
v 0.312381 0.023535 0.385335
v 0.312381 0.023535 0.385335
v 0.617181 0.023535 0.385335
v 0.617181 0.025730 0.386509
v 0.312381 0.025730 0.386509
v 0.312381 0.025730 0.386509
v 0.617181 0.025730 0.386509
v 0.617181 0.027655 0.388088
v 0.312381 0.027655 0.388088
v 0.312381 0.027655 0.388088
v 0.617181 0.027655 0.388088
v 0.617181 0.029234 0.390012
v 0.312381 0.029234 0.390013
v 0.312381 0.029234 0.390013
v 0.617181 0.029234 0.390012
v 0.617181 0.030408 0.392208
v 0.312381 0.030408 0.392208
v 0.312381 0.030408 0.392208
v 0.617181 0.030408 0.392208
v 0.617181 0.031130 0.394591
v 0.312381 0.031130 0.394591
v 0.312381 0.031130 0.394591
v 0.617181 0.031130 0.394591
v 0.617181 0.031374 0.397068
v 0.312381 0.031374 0.397068
v 0.312381 0.031374 0.397068
v 0.617181 0.031374 0.397068
v 0.617181 0.031130 0.399546
v 0.312381 0.031130 0.399546
v 0.312381 0.031130 0.399546
v 0.617181 0.031130 0.399546
v 0.617181 0.030408 0.401928
v 0.312381 0.030408 0.401928
v 0.312381 0.030408 0.401928
v 0.617181 0.030408 0.401928
v 0.617181 0.029234 0.404124
v 0.312381 0.029234 0.404124
v 0.312381 0.029234 0.404124
v 0.617181 0.029234 0.404124
v 0.617181 0.027655 0.406049
v 0.312381 0.027655 0.406049
v 0.312381 0.027655 0.406049
v 0.617181 0.027655 0.406049
v 0.617181 0.025730 0.407628
v 0.312381 0.025730 0.407628
v 0.312381 0.025730 0.407628
v 0.617181 0.025730 0.407628
v 0.617181 0.023535 0.408801
v 0.312381 0.023535 0.408802
v 0.312381 0.023535 0.408802
v 0.617181 0.023535 0.408801
v 0.617181 0.021152 0.409524
v 0.312381 0.021152 0.409524
v 0.312381 0.021152 0.409524
v 0.617181 0.021152 0.409524
v 0.617181 0.018674 0.409768
v 0.312381 0.018674 0.409768
v 0.312381 0.018674 0.409768
v 0.617181 0.018674 0.409768
v 0.617181 0.016197 0.409524
v 0.312381 0.016197 0.409524
v 0.312381 0.016197 0.409524
v 0.617181 0.016197 0.409524
v 0.617181 0.013814 0.408801
v 0.312381 0.013814 0.408802
v 0.312381 0.013814 0.408802
v 0.617181 0.013814 0.408801
v 0.617181 0.011619 0.407628
v 0.312381 0.011619 0.407628
v 0.312381 0.011619 0.407628
v 0.617181 0.011619 0.407628
v 0.617181 0.009694 0.406049
v 0.312381 0.009694 0.406049
v 0.312381 0.009694 0.406049
v 0.617181 0.009694 0.406049
v 0.617181 0.008115 0.404124
v 0.312381 0.008115 0.404124
v 0.312381 0.008115 0.404124
v 0.617181 0.008115 0.404124
v 0.617181 0.006941 0.401928
v 0.312381 0.006941 0.401928
v 0.312381 0.006941 0.401928
v 0.617181 0.006941 0.401928
v 0.617181 0.006219 0.399546
v 0.312381 0.006218 0.399546
v 0.312381 0.006218 0.399546
v 0.617181 0.006219 0.399546
v 0.617181 0.005974 0.397068
v 0.312381 0.005974 0.397068
v 0.312381 0.005974 0.397068
v 0.617181 0.005974 0.397068
v 0.617181 0.006219 0.394591
v 0.312381 0.006218 0.394591
v 0.312381 0.006218 0.394591
v 0.617181 0.006219 0.394591
v 0.617181 0.006941 0.392208
v 0.312381 0.006941 0.392208
v 0.312381 0.006941 0.392208
v 0.617181 0.006941 0.392208
v 0.617181 0.008115 0.390012
v 0.312381 0.008115 0.390013
v 0.312381 0.008115 0.390013
v 0.617181 0.008115 0.390012
v 0.617181 0.009694 0.388088
v 0.312381 0.009694 0.388088
v 0.312381 0.009694 0.388088
v 0.617181 0.009694 0.388088
v 0.617181 0.011619 0.386509
v 0.312381 0.011619 0.386509
v 0.312381 0.011619 0.386509
v 0.617181 0.011619 0.386509
v 0.617181 0.013814 0.385335
v 0.312381 0.013814 0.385335
v 0.312381 0.013814 0.385335
v 0.617181 0.013814 0.385335
v 0.617181 0.016197 0.384612
v 0.312381 0.016197 0.384612
v 0.312381 0.016197 0.384612
v 0.617181 0.016197 0.384612
v 0.617181 0.018674 0.384368
v 0.312381 0.018674 0.384368
v 0.009406 -0.083113 0.562315
v 0.314206 -0.083113 0.562315
v 0.314206 -0.080635 0.562559
v 0.009406 -0.080635 0.562559
v 0.009406 -0.080635 0.562559
v 0.314206 -0.080635 0.562559
v 0.314206 -0.078253 0.563282
v 0.009406 -0.078253 0.563282
v 0.009406 -0.078253 0.563282
v 0.314206 -0.078253 0.563282
v 0.314206 -0.076057 0.564456
v 0.009406 -0.076057 0.564456
v 0.009406 -0.076057 0.564456
v 0.314206 -0.076057 0.564456
v 0.314206 -0.074132 0.566035
v 0.009406 -0.074132 0.566035
v 0.009406 -0.074132 0.566035
v 0.314206 -0.074132 0.566035
v 0.314206 -0.072553 0.567960
v 0.009406 -0.072553 0.567960
v 0.009406 -0.072553 0.567960
v 0.314206 -0.072553 0.567960
v 0.314206 -0.071379 0.570155
v 0.009406 -0.071379 0.570155
v 0.009406 -0.071379 0.570155
v 0.314206 -0.071379 0.570155
v 0.314206 -0.070657 0.572538
v 0.009406 -0.070657 0.572538
v 0.009406 -0.070657 0.572538
v 0.314206 -0.070657 0.572538
v 0.314206 -0.070413 0.575015
v 0.009406 -0.070413 0.575015
v 0.009406 -0.070413 0.575015
v 0.314206 -0.070413 0.575015
v 0.314206 -0.070657 0.577493
v 0.009406 -0.070657 0.577493
v 0.009406 -0.070657 0.577493
v 0.314206 -0.070657 0.577493
v 0.314206 -0.071379 0.579875
v 0.009406 -0.071379 0.579875
v 0.009406 -0.071379 0.579875
v 0.314206 -0.071379 0.579875
v 0.314206 -0.072553 0.582071
v 0.009406 -0.072553 0.582071
v 0.009406 -0.072553 0.582071
v 0.314206 -0.072553 0.582071
v 0.314206 -0.074132 0.583996
v 0.009406 -0.074132 0.583996
v 0.009406 -0.074132 0.583996
v 0.314206 -0.074132 0.583996
v 0.314206 -0.076057 0.585575
v 0.009406 -0.076057 0.585575
v 0.009406 -0.076057 0.585575
v 0.314206 -0.076057 0.585575
v 0.314206 -0.078253 0.586749
v 0.009406 -0.078253 0.586749
v 0.009406 -0.078253 0.586749
v 0.314206 -0.078253 0.586749
v 0.314206 -0.080635 0.587471
v 0.009406 -0.080635 0.587471
v 0.009406 -0.080635 0.587471
v 0.314206 -0.080635 0.587471
v 0.314206 -0.083113 0.587715
v 0.009406 -0.083113 0.587715
v 0.009406 -0.083113 0.587715
v 0.314206 -0.083113 0.587715
v 0.314206 -0.085590 0.587471
v 0.009406 -0.085590 0.587471
v 0.009406 -0.085590 0.587471
v 0.314206 -0.085590 0.587471
v 0.314206 -0.087973 0.586749
v 0.009406 -0.087973 0.586749
v 0.009406 -0.087973 0.586749
v 0.314206 -0.087973 0.586749
v 0.314206 -0.090168 0.585575
v 0.009406 -0.090168 0.585575
v 0.009406 -0.090168 0.585575
v 0.314206 -0.090168 0.585575
v 0.314206 -0.092093 0.583996
v 0.009406 -0.092093 0.583996
v 0.009406 -0.092093 0.583996
v 0.314206 -0.092093 0.583996
v 0.314206 -0.093672 0.582071
v 0.009406 -0.093672 0.582071
v 0.009406 -0.093672 0.582071
v 0.314206 -0.093672 0.582071
v 0.314206 -0.094846 0.579875
v 0.009406 -0.094846 0.579875
v 0.009406 -0.094846 0.579875
v 0.314206 -0.094846 0.579875
v 0.314206 -0.095569 0.577493
v 0.009406 -0.095569 0.577493
v 0.009406 -0.095569 0.577493
v 0.314206 -0.095569 0.577493
v 0.314206 -0.095813 0.575015
v 0.009406 -0.095813 0.575015
v 0.009406 -0.095813 0.575015
v 0.314206 -0.095813 0.575015
v 0.314206 -0.095569 0.572538
v 0.009406 -0.095569 0.572538
v 0.009406 -0.095569 0.572538
v 0.314206 -0.095569 0.572538
v 0.314206 -0.094846 0.570155
v 0.009406 -0.094846 0.570155
v 0.009406 -0.094846 0.570155
v 0.314206 -0.094846 0.570155
v 0.314206 -0.093672 0.567960
v 0.009406 -0.093672 0.567960
v 0.009406 -0.093672 0.567960
v 0.314206 -0.093672 0.567960
v 0.314206 -0.092093 0.566035
v 0.009406 -0.092093 0.566035
v 0.009406 -0.092093 0.566035
v 0.314206 -0.092093 0.566035
v 0.314206 -0.090168 0.564456
v 0.009406 -0.090168 0.564456
v 0.009406 -0.090168 0.564456
v 0.314206 -0.090168 0.564456
v 0.314206 -0.087973 0.563282
v 0.009406 -0.087973 0.563282
v 0.009406 -0.087973 0.563282
v 0.314206 -0.087973 0.563282
v 0.314206 -0.085590 0.562559
v 0.009406 -0.085590 0.562559
v 0.009406 -0.085590 0.562559
v 0.314206 -0.085590 0.562559
v 0.314206 -0.083113 0.562315
v 0.009406 -0.083113 0.562315
v 0.347810 0.430000 0.190640
v 0.347810 0.427522 0.190884
v 0.347810 0.425140 0.191607
v 0.347810 0.422944 0.192780
v 0.347810 0.421020 0.194360
v 0.347810 0.434860 0.191607
v 0.347810 0.432478 0.190884
v 0.347810 0.418267 0.198480
v 0.347810 0.419440 0.196284
v 0.347810 0.417544 0.200862
v 0.347810 0.417300 0.203340
v 0.347810 0.417544 0.205818
v 0.347810 0.418267 0.208200
v 0.347810 0.419440 0.210396
v 0.347810 0.421020 0.212320
v 0.347810 0.425140 0.215073
v 0.347810 0.422944 0.213900
v 0.347810 0.438980 0.194360
v 0.347810 0.437056 0.192780
v 0.347810 0.427522 0.215796
v 0.347810 0.430000 0.216040
v 0.347810 0.441733 0.198480
v 0.347810 0.440560 0.196284
v 0.347810 0.441733 0.208200
v 0.347810 0.434860 0.215073
v 0.347810 0.432478 0.215796
v 0.347810 0.442700 0.203340
v 0.347810 0.442456 0.200862
v 0.347810 0.442456 0.205818
v 0.347810 0.438980 0.212320
v 0.347810 0.437056 0.213900
v 0.347810 0.440560 0.210396
v 0.195410 0.432478 0.190884
v 0.195410 0.434860 0.191607
v 0.195410 0.437056 0.192780
v 0.195410 0.438980 0.194360
v 0.195410 0.440560 0.196284
v 0.195410 0.427522 0.190884
v 0.195410 0.430000 0.190640
v 0.195410 0.442456 0.200862
v 0.195410 0.441733 0.198480
v 0.195410 0.442700 0.203340
v 0.195410 0.442456 0.205818
v 0.195410 0.441733 0.208200
v 0.195410 0.440560 0.210396
v 0.195410 0.438980 0.212320
v 0.195410 0.437056 0.213900
v 0.195410 0.432478 0.215796
v 0.195410 0.434860 0.215073
v 0.195410 0.422944 0.192780
v 0.195410 0.425140 0.191607
v 0.195410 0.430000 0.216040
v 0.195410 0.427522 0.215796
v 0.195410 0.419440 0.196284
v 0.195410 0.421020 0.194360
v 0.195410 0.417544 0.205818
v 0.195410 0.422944 0.213900
v 0.195410 0.425140 0.215073
v 0.195410 0.417544 0.200862
v 0.195410 0.418267 0.198480
v 0.195410 0.417300 0.203340
v 0.195410 0.419440 0.210396
v 0.195410 0.421020 0.212320
v 0.195410 0.418267 0.208200
v 0.271610 0.125200 0.190640
v 0.269132 0.125200 0.190884
v 0.266750 0.125200 0.191607
v 0.264554 0.125200 0.192780
v 0.262630 0.125200 0.194360
v 0.276470 0.125200 0.191607
v 0.274088 0.125200 0.190884
v 0.259877 0.125200 0.198480
v 0.261050 0.125200 0.196284
v 0.259154 0.125200 0.200862
v 0.258910 0.125200 0.203340
v 0.259154 0.125200 0.205818
v 0.259877 0.125200 0.208200
v 0.261050 0.125200 0.210396
v 0.262630 0.125200 0.212320
v 0.266750 0.125200 0.215073
v 0.264554 0.125200 0.213900
v 0.280590 0.125200 0.194360
v 0.278666 0.125200 0.192780
v 0.269132 0.125200 0.215796
v 0.271610 0.125200 0.216040
v 0.283343 0.125200 0.198480
v 0.282170 0.125200 0.196284
v 0.283343 0.125200 0.208200
v 0.276470 0.125200 0.215073
v 0.274088 0.125200 0.215796
v 0.284310 0.125200 0.203340
v 0.284066 0.125200 0.200862
v 0.284066 0.125200 0.205818
v 0.280590 0.125200 0.212320
v 0.278666 0.125200 0.213900
v 0.282170 0.125200 0.210396
v 0.274088 0.430000 0.190884
v 0.276470 0.430000 0.191607
v 0.278666 0.430000 0.192780
v 0.280590 0.430000 0.194360
v 0.282170 0.430000 0.196284
v 0.269132 0.430000 0.190884
v 0.271610 0.430000 0.190640
v 0.284066 0.430000 0.200862
v 0.283343 0.430000 0.198480
v 0.284310 0.430000 0.203340
v 0.284066 0.430000 0.205818
v 0.283343 0.430000 0.208200
v 0.282170 0.430000 0.210396
v 0.280590 0.430000 0.212320
v 0.278666 0.430000 0.213900
v 0.274088 0.430000 0.215796
v 0.276470 0.430000 0.215073
v 0.264554 0.430000 0.192780
v 0.266750 0.430000 0.191607
v 0.271610 0.430000 0.216040
v 0.269132 0.430000 0.215796
v 0.261050 0.430000 0.196284
v 0.262630 0.430000 0.194360
v 0.259154 0.430000 0.205818
v 0.264554 0.430000 0.213900
v 0.266750 0.430000 0.215073
v 0.259154 0.430000 0.200862
v 0.259877 0.430000 0.198480
v 0.258910 0.430000 0.203340
v 0.261050 0.430000 0.210396
v 0.262630 0.430000 0.212320
v 0.259877 0.430000 0.208200
v 0.322410 0.125200 0.190640
v 0.322410 0.122722 0.190884
v 0.322410 0.120340 0.191607
v 0.322410 0.118144 0.192780
v 0.322410 0.116220 0.194360
v 0.322410 0.130060 0.191607
v 0.322410 0.127678 0.190884
v 0.322410 0.113467 0.198480
v 0.322410 0.114640 0.196284
v 0.322410 0.112744 0.200862
v 0.322410 0.112500 0.203340
v 0.322410 0.112744 0.205818
v 0.322410 0.113467 0.208200
v 0.322410 0.114640 0.210396
v 0.322410 0.116220 0.212320
v 0.322410 0.120340 0.215073
v 0.322410 0.118144 0.213900
v 0.322410 0.134180 0.194360
v 0.322410 0.132256 0.192780
v 0.322410 0.122722 0.215796
v 0.322410 0.125200 0.216040
v 0.322410 0.136933 0.198480
v 0.322410 0.135760 0.196284
v 0.322410 0.136933 0.208200
v 0.322410 0.130060 0.215073
v 0.322410 0.127678 0.215796
v 0.322410 0.137900 0.203340
v 0.322410 0.137656 0.200862
v 0.322410 0.137656 0.205818
v 0.322410 0.134180 0.212320
v 0.322410 0.132256 0.213900
v 0.322410 0.135760 0.210396
v 0.220810 0.127678 0.190884
v 0.220810 0.130060 0.191607
v 0.220810 0.132256 0.192780
v 0.220810 0.134180 0.194360
v 0.220810 0.135760 0.196284
v 0.220810 0.122722 0.190884
v 0.220810 0.125200 0.190640
v 0.220810 0.137656 0.200862
v 0.220810 0.136933 0.198480
v 0.220810 0.137900 0.203340
v 0.220810 0.137656 0.205818
v 0.220810 0.136933 0.208200
v 0.220810 0.135760 0.210396
v 0.220810 0.134180 0.212320
v 0.220810 0.132256 0.213900
v 0.220810 0.127678 0.215796
v 0.220810 0.130060 0.215073
v 0.220810 0.118144 0.192780
v 0.220810 0.120340 0.191607
v 0.220810 0.125200 0.216040
v 0.220810 0.122722 0.215796
v 0.220810 0.114640 0.196284
v 0.220810 0.116220 0.194360
v 0.220810 0.112744 0.205818
v 0.220810 0.118144 0.213900
v 0.220810 0.120340 0.215073
v 0.220810 0.112744 0.200862
v 0.220810 0.113467 0.198480
v 0.220810 0.112500 0.203340
v 0.220810 0.114640 0.210396
v 0.220810 0.116220 0.212320
v 0.220810 0.113467 0.208200
v 0.347810 0.430000 0.718960
v 0.347810 0.427522 0.719204
v 0.347810 0.425140 0.719927
v 0.347810 0.422944 0.721100
v 0.347810 0.421020 0.722680
v 0.347810 0.434860 0.719927
v 0.347810 0.432478 0.719204
v 0.347810 0.418267 0.726800
v 0.347810 0.419440 0.724604
v 0.347810 0.417544 0.729182
v 0.347810 0.417300 0.731660
v 0.347810 0.417544 0.734138
v 0.347810 0.418267 0.736520
v 0.347810 0.419440 0.738716
v 0.347810 0.421020 0.740640
v 0.347810 0.425140 0.743393
v 0.347810 0.422944 0.742220
v 0.347810 0.438980 0.722680
v 0.347810 0.437056 0.721100
v 0.347810 0.427522 0.744116
v 0.347810 0.430000 0.744360
v 0.347810 0.441733 0.726800
v 0.347810 0.440560 0.724604
v 0.347810 0.441733 0.736520
v 0.347810 0.434860 0.743393
v 0.347810 0.432478 0.744116
v 0.347810 0.442700 0.731660
v 0.347810 0.442456 0.729182
v 0.347810 0.442456 0.734138
v 0.347810 0.438980 0.740640
v 0.347810 0.437056 0.742220
v 0.347810 0.440560 0.738716
v 0.195410 0.432478 0.719204
v 0.195410 0.434860 0.719927
v 0.195410 0.437056 0.721100
v 0.195410 0.438980 0.722680
v 0.195410 0.440560 0.724604
v 0.195410 0.427522 0.719204
v 0.195410 0.430000 0.718960
v 0.195410 0.442456 0.729182
v 0.195410 0.441733 0.726800
v 0.195410 0.442700 0.731660
v 0.195410 0.442456 0.734138
v 0.195410 0.441733 0.736520
v 0.195410 0.440560 0.738716
v 0.195410 0.438980 0.740640
v 0.195410 0.437056 0.742220
v 0.195410 0.432478 0.744116
v 0.195410 0.434860 0.743393
v 0.195410 0.422944 0.721100
v 0.195410 0.425140 0.719927
v 0.195410 0.430000 0.744360
v 0.195410 0.427522 0.744116
v 0.195410 0.419440 0.724604
v 0.195410 0.421020 0.722680
v 0.195410 0.417544 0.734138
v 0.195410 0.422944 0.742220
v 0.195410 0.425140 0.743393
v 0.195410 0.417544 0.729182
v 0.195410 0.418267 0.726800
v 0.195410 0.417300 0.731660
v 0.195410 0.419440 0.738716
v 0.195410 0.421020 0.740640
v 0.195410 0.418267 0.736520
v 0.271610 -0.179600 0.718960
v 0.269132 -0.179600 0.719204
v 0.266750 -0.179600 0.719927
v 0.264554 -0.179600 0.721100
v 0.262630 -0.179600 0.722680
v 0.276470 -0.179600 0.719927
v 0.274088 -0.179600 0.719204
v 0.259877 -0.179600 0.726800
v 0.261050 -0.179600 0.724604
v 0.259154 -0.179600 0.729182
v 0.258910 -0.179600 0.731660
v 0.259154 -0.179600 0.734138
v 0.259877 -0.179600 0.736520
v 0.261050 -0.179600 0.738716
v 0.262630 -0.179600 0.740640
v 0.266750 -0.179600 0.743393
v 0.264554 -0.179600 0.742220
v 0.280590 -0.179600 0.722680
v 0.278666 -0.179600 0.721100
v 0.269132 -0.179600 0.744116
v 0.271610 -0.179600 0.744360
v 0.283343 -0.179600 0.726800
v 0.282170 -0.179600 0.724604
v 0.283343 -0.179600 0.736520
v 0.276470 -0.179600 0.743393
v 0.274088 -0.179600 0.744116
v 0.284310 -0.179600 0.731660
v 0.284066 -0.179600 0.729182
v 0.284066 -0.179600 0.734138
v 0.280590 -0.179600 0.740640
v 0.278666 -0.179600 0.742220
v 0.282170 -0.179600 0.738716
v 0.274088 0.430000 0.719204
v 0.276470 0.430000 0.719927
v 0.278666 0.430000 0.721100
v 0.280590 0.430000 0.722680
v 0.282170 0.430000 0.724604
v 0.269132 0.430000 0.719204
v 0.271610 0.430000 0.718960
v 0.284066 0.430000 0.729182
v 0.283343 0.430000 0.726800
v 0.284310 0.430000 0.731660
v 0.284066 0.430000 0.734138
v 0.283343 0.430000 0.736520
v 0.282170 0.430000 0.738716
v 0.280590 0.430000 0.740640
v 0.278666 0.430000 0.742220
v 0.274088 0.430000 0.744116
v 0.276470 0.430000 0.743393
v 0.264554 0.430000 0.721100
v 0.266750 0.430000 0.719927
v 0.271610 0.430000 0.744360
v 0.269132 0.430000 0.744116
v 0.261050 0.430000 0.724604
v 0.262630 0.430000 0.722680
v 0.259154 0.430000 0.734138
v 0.264554 0.430000 0.742220
v 0.266750 0.430000 0.743393
v 0.259154 0.430000 0.729182
v 0.259877 0.430000 0.726800
v 0.258910 0.430000 0.731660
v 0.261050 0.430000 0.738716
v 0.262630 0.430000 0.740640
v 0.259877 0.430000 0.736520
v 0.296881 0.127400 0.206875
v 0.297125 0.125254 0.205636
v 0.297848 0.123191 0.204445
v 0.299022 0.121290 0.203347
v 0.300601 0.119623 0.202385
v 0.297848 0.131609 0.209305
v 0.297125 0.129546 0.208114
v 0.304721 0.117239 0.201009
v 0.302526 0.118255 0.201595
v 0.307104 0.116613 0.200647
v 0.309581 0.116401 0.200525
v 0.312059 0.116613 0.200647
v 0.314441 0.117239 0.201009
v 0.316637 0.118255 0.201595
v 0.318562 0.119623 0.202385
v 0.321315 0.123191 0.204445
v 0.320141 0.121290 0.203347
v 0.300601 0.135177 0.211365
v 0.299022 0.133510 0.210403
v 0.322037 0.125254 0.205636
v 0.322281 0.127400 0.206875
v 0.304721 0.137561 0.212742
v 0.302526 0.136545 0.212155
v 0.314441 0.137561 0.212742
v 0.321315 0.131609 0.209305
v 0.322037 0.129546 0.208114
v 0.309581 0.138399 0.213225
v 0.307104 0.138187 0.213103
v 0.312059 0.138187 0.213103
v 0.318562 0.135177 0.211365
v 0.320141 0.133510 0.210403
v 0.316637 0.136545 0.212155
v 0.297125 -0.175254 0.736043
v 0.297848 -0.173191 0.737234
v 0.299022 -0.171290 0.738332
v 0.300601 -0.169623 0.739295
v 0.302526 -0.168255 0.740084
v 0.297125 -0.179546 0.733565
v 0.296881 -0.177400 0.734804
v 0.307104 -0.166613 0.741032
v 0.304721 -0.167239 0.740671
v 0.309581 -0.166402 0.741154
v 0.312059 -0.166613 0.741032
v 0.314442 -0.167239 0.740671
v 0.316637 -0.168255 0.740084
v 0.318562 -0.169623 0.739295
v 0.320141 -0.171290 0.738332
v 0.322037 -0.175254 0.736043
v 0.321315 -0.173191 0.737234
v 0.299022 -0.183511 0.731276
v 0.297848 -0.181609 0.732374
v 0.322281 -0.177400 0.734804
v 0.322037 -0.179546 0.733565
v 0.302526 -0.186545 0.729525
v 0.300601 -0.185177 0.730314
v 0.312059 -0.188187 0.728576
v 0.320141 -0.183511 0.731276
v 0.321315 -0.181609 0.732374
v 0.307104 -0.188187 0.728576
v 0.304721 -0.187561 0.728938
v 0.309581 -0.188399 0.728454
v 0.316637 -0.186545 0.729525
v 0.318562 -0.185177 0.730314
v 0.314442 -0.187561 0.728938
v 0.441922 -0.178198 0.718794
v 0.441922 -0.180675 0.719038
v 0.441922 -0.183058 0.719761
v 0.441922 -0.185253 0.720934
v 0.441922 -0.187178 0.722514
v 0.441922 -0.173338 0.719761
v 0.441922 -0.175720 0.719038
v 0.441922 -0.189931 0.726634
v 0.441922 -0.188757 0.724438
v 0.441922 -0.190654 0.729016
v 0.441922 -0.190898 0.731494
v 0.441922 -0.190654 0.733972
v 0.441922 -0.189931 0.736354
v 0.441922 -0.188757 0.738550
v 0.441922 -0.187178 0.740474
v 0.441922 -0.183058 0.743227
v 0.441922 -0.185253 0.742054
v 0.441922 -0.169217 0.722514
v 0.441922 -0.171142 0.720934
v 0.441922 -0.180675 0.743950
v 0.441922 -0.178198 0.744194
v 0.441922 -0.166464 0.726634
v 0.441922 -0.167638 0.724438
v 0.441922 -0.166464 0.736354
v 0.441922 -0.173338 0.743227
v 0.441922 -0.175720 0.743950
v 0.441922 -0.165498 0.731494
v 0.441922 -0.165742 0.729016
v 0.441922 -0.165742 0.733972
v 0.441922 -0.169217 0.740474
v 0.441922 -0.171142 0.742054
v 0.441922 -0.167638 0.738550
v 0.237122 -0.175720 0.719038
v 0.237122 -0.173338 0.719761
v 0.237122 -0.171142 0.720934
v 0.237122 -0.169217 0.722514
v 0.237122 -0.167638 0.724438
v 0.237122 -0.180675 0.719038
v 0.237122 -0.178198 0.718794
v 0.237122 -0.165742 0.729016
v 0.237122 -0.166464 0.726634
v 0.237122 -0.165498 0.731494
v 0.237122 -0.165742 0.733972
v 0.237122 -0.166464 0.736354
v 0.237122 -0.167638 0.738550
v 0.237122 -0.169217 0.740474
v 0.237122 -0.171142 0.742054
v 0.237122 -0.175720 0.743950
v 0.237122 -0.173338 0.743227
v 0.237122 -0.185253 0.720934
v 0.237122 -0.183058 0.719761
v 0.237122 -0.178198 0.744194
v 0.237122 -0.180675 0.743950
v 0.237122 -0.188757 0.724438
v 0.237122 -0.187178 0.722514
v 0.237122 -0.190654 0.733972
v 0.237122 -0.185253 0.742054
v 0.237122 -0.183058 0.743227
v 0.237122 -0.190654 0.729016
v 0.237122 -0.189931 0.726634
v 0.237122 -0.190898 0.731494
v 0.237122 -0.188757 0.738550
v 0.237122 -0.187178 0.740474
v 0.237122 -0.189931 0.736354
v 0.347810 0.430000 -0.393560
v 0.347810 0.427522 -0.393316
v 0.347810 0.425140 -0.392593
v 0.347810 0.422944 -0.391420
v 0.347810 0.421020 -0.389840
v 0.347810 0.434860 -0.392593
v 0.347810 0.432478 -0.393316
v 0.347810 0.418267 -0.385720
v 0.347810 0.419440 -0.387916
v 0.347810 0.417544 -0.383338
v 0.347810 0.417300 -0.380860
v 0.347810 0.417544 -0.378382
v 0.347810 0.418267 -0.376000
v 0.347810 0.419440 -0.373804
v 0.347810 0.421020 -0.371880
v 0.347810 0.425140 -0.369127
v 0.347810 0.422944 -0.370300
v 0.347810 0.438980 -0.389840
v 0.347810 0.437056 -0.391420
v 0.347810 0.427522 -0.368404
v 0.347810 0.430000 -0.368160
v 0.347810 0.441733 -0.385720
v 0.347810 0.440560 -0.387916
v 0.347810 0.441733 -0.376000
v 0.347810 0.434860 -0.369127
v 0.347810 0.432478 -0.368404
v 0.347810 0.442700 -0.380860
v 0.347810 0.442456 -0.383338
v 0.347810 0.442456 -0.378382
v 0.347810 0.438980 -0.371880
v 0.347810 0.437056 -0.370300
v 0.347810 0.440560 -0.373804
v 0.195410 0.432478 -0.393316
v 0.195410 0.434860 -0.392593
v 0.195410 0.437056 -0.391420
v 0.195410 0.438980 -0.389840
v 0.195410 0.440560 -0.387916
v 0.195410 0.427522 -0.393316
v 0.195410 0.430000 -0.393560
v 0.195410 0.442456 -0.383338
v 0.195410 0.441733 -0.385720
v 0.195410 0.442700 -0.380860
v 0.195410 0.442456 -0.378382
v 0.195410 0.441733 -0.376000
v 0.195410 0.440560 -0.373804
v 0.195410 0.438980 -0.371880
v 0.195410 0.437056 -0.370300
v 0.195410 0.432478 -0.368404
v 0.195410 0.434860 -0.369127
v 0.195410 0.422944 -0.391420
v 0.195410 0.425140 -0.392593
v 0.195410 0.430000 -0.368160
v 0.195410 0.427522 -0.368404
v 0.195410 0.419440 -0.387916
v 0.195410 0.421020 -0.389840
v 0.195410 0.417544 -0.378382
v 0.195410 0.422944 -0.370300
v 0.195410 0.425140 -0.369127
v 0.195410 0.417544 -0.383338
v 0.195410 0.418267 -0.385720
v 0.195410 0.417300 -0.380860
v 0.195410 0.419440 -0.373804
v 0.195410 0.421020 -0.371880
v 0.195410 0.418267 -0.376000
v 0.234610 0.111965 0.210714
v 0.232132 0.112205 0.210757
v 0.229750 0.112917 0.210882
v 0.227554 0.114073 0.211086
v 0.225630 0.115628 0.211360
v 0.239470 0.112917 0.210882
v 0.237088 0.112205 0.210757
v 0.222877 0.119686 0.212076
v 0.224050 0.117523 0.211694
v 0.222154 0.122032 0.212489
v 0.221910 0.124472 0.212919
v 0.222154 0.126912 0.213350
v 0.222877 0.129258 0.213763
v 0.224050 0.131421 0.214145
v 0.225630 0.133316 0.214479
v 0.229750 0.136027 0.214957
v 0.227554 0.134871 0.214753
v 0.243590 0.115628 0.211360
v 0.241666 0.114073 0.211086
v 0.232132 0.136739 0.215082
v 0.234610 0.136979 0.215125
v 0.246343 0.119686 0.212076
v 0.245170 0.117523 0.211694
v 0.246343 0.129258 0.213763
v 0.239470 0.136027 0.214957
v 0.237088 0.136739 0.215082
v 0.247310 0.124472 0.212919
v 0.247066 0.122032 0.212489
v 0.247066 0.126912 0.213350
v 0.243590 0.133316 0.214479
v 0.241666 0.134871 0.214753
v 0.245170 0.131421 0.214145
v 0.237088 0.218061 -0.389582
v 0.239470 0.218773 -0.389457
v 0.241666 0.219929 -0.389253
v 0.243590 0.221484 -0.388979
v 0.245170 0.223379 -0.388645
v 0.232132 0.218061 -0.389582
v 0.234610 0.217821 -0.389625
v 0.247066 0.227888 -0.387850
v 0.246343 0.225542 -0.388263
v 0.247310 0.230328 -0.387419
v 0.247066 0.232768 -0.386989
v 0.246343 0.235114 -0.386576
v 0.245170 0.237276 -0.386194
v 0.243590 0.239172 -0.385860
v 0.241666 0.240727 -0.385586
v 0.237088 0.242595 -0.385257
v 0.239470 0.241883 -0.385382
v 0.227554 0.219929 -0.389253
v 0.229750 0.218773 -0.389457
v 0.234610 0.242835 -0.385214
v 0.232132 0.242595 -0.385257
v 0.224050 0.223379 -0.388645
v 0.225630 0.221484 -0.388979
v 0.222154 0.232768 -0.386989
v 0.227554 0.240727 -0.385586
v 0.229750 0.241883 -0.385382
v 0.222154 0.227888 -0.387850
v 0.222877 0.225542 -0.388263
v 0.221910 0.230328 -0.387419
v 0.224050 0.237276 -0.386194
v 0.225630 0.239172 -0.385860
v 0.222877 0.235114 -0.386576
v 0.271610 0.226800 -0.393560
v 0.269132 0.226800 -0.393316
v 0.266750 0.226800 -0.392593
v 0.264554 0.226800 -0.391420
v 0.262630 0.226800 -0.389840
v 0.276470 0.226800 -0.392593
v 0.274088 0.226800 -0.393316
v 0.259877 0.226800 -0.385720
v 0.261050 0.226800 -0.387916
v 0.259154 0.226800 -0.383338
v 0.258910 0.226800 -0.380860
v 0.259154 0.226800 -0.378382
v 0.259877 0.226800 -0.376000
v 0.261050 0.226800 -0.373804
v 0.262630 0.226800 -0.371880
v 0.266750 0.226800 -0.369127
v 0.264554 0.226800 -0.370300
v 0.280590 0.226800 -0.389840
v 0.278666 0.226800 -0.391420
v 0.269132 0.226800 -0.368404
v 0.271610 0.226800 -0.368160
v 0.283343 0.226800 -0.385720
v 0.282170 0.226800 -0.387916
v 0.283343 0.226800 -0.376000
v 0.276470 0.226800 -0.369127
v 0.274088 0.226800 -0.368404
v 0.284310 0.226800 -0.380860
v 0.284066 0.226800 -0.383338
v 0.284066 0.226800 -0.378382
v 0.280590 0.226800 -0.371880
v 0.278666 0.226800 -0.370300
v 0.282170 0.226800 -0.373804
v 0.274088 0.430000 -0.393316
v 0.276470 0.430000 -0.392593
v 0.278666 0.430000 -0.391420
v 0.280590 0.430000 -0.389840
v 0.282170 0.430000 -0.387916
v 0.269132 0.430000 -0.393316
v 0.271610 0.430000 -0.393560
v 0.284066 0.430000 -0.383338
v 0.283343 0.430000 -0.385720
v 0.284310 0.430000 -0.380860
v 0.284066 0.430000 -0.378382
v 0.283343 0.430000 -0.376000
v 0.282170 0.430000 -0.373804
v 0.280590 0.430000 -0.371880
v 0.278666 0.430000 -0.370300
v 0.274088 0.430000 -0.368404
v 0.276470 0.430000 -0.369127
v 0.264554 0.430000 -0.391420
v 0.266750 0.430000 -0.392593
v 0.271610 0.430000 -0.368160
v 0.269132 0.430000 -0.368404
v 0.261050 0.430000 -0.387916
v 0.262630 0.430000 -0.389840
v 0.259154 0.430000 -0.378382
v 0.264554 0.430000 -0.370300
v 0.266750 0.430000 -0.369127
v 0.259154 0.430000 -0.383338
v 0.259877 0.430000 -0.385720
v 0.258910 0.430000 -0.380860
v 0.261050 0.430000 -0.373804
v 0.262630 0.430000 -0.371880
v 0.259877 0.430000 -0.376000
v 0.374010 0.226800 -0.393560
v 0.374010 0.224322 -0.393316
v 0.374010 0.221940 -0.392593
v 0.374010 0.219744 -0.391420
v 0.374010 0.217820 -0.389840
v 0.374010 0.231660 -0.392593
v 0.374010 0.229278 -0.393316
v 0.374010 0.215067 -0.385720
v 0.374010 0.216240 -0.387916
v 0.374010 0.214344 -0.383338
v 0.374010 0.214100 -0.380860
v 0.374010 0.214344 -0.378382
v 0.374010 0.215067 -0.376000
v 0.374010 0.216240 -0.373804
v 0.374010 0.217820 -0.371880
v 0.374010 0.221940 -0.369127
v 0.374010 0.219744 -0.370300
v 0.374010 0.235780 -0.389840
v 0.374010 0.233856 -0.391420
v 0.374010 0.224322 -0.368404
v 0.374010 0.226800 -0.368160
v 0.374010 0.238533 -0.385720
v 0.374010 0.237360 -0.387916
v 0.374010 0.238533 -0.376000
v 0.374010 0.231660 -0.369127
v 0.374010 0.229278 -0.368404
v 0.374010 0.239500 -0.380860
v 0.374010 0.239256 -0.383338
v 0.374010 0.239256 -0.378382
v 0.374010 0.235780 -0.371880
v 0.374010 0.233856 -0.370300
v 0.374010 0.237360 -0.373804
v 0.169210 0.229278 -0.393316
v 0.169210 0.231660 -0.392593
v 0.169210 0.233856 -0.391420
v 0.169210 0.235780 -0.389840
v 0.169210 0.237360 -0.387916
v 0.169210 0.224322 -0.393316
v 0.169210 0.226800 -0.393560
v 0.169210 0.239256 -0.383338
v 0.169210 0.238533 -0.385720
v 0.169210 0.239500 -0.380860
v 0.169210 0.239256 -0.378382
v 0.169210 0.238533 -0.376000
v 0.169210 0.237360 -0.373804
v 0.169210 0.235780 -0.371880
v 0.169210 0.233856 -0.370300
v 0.169210 0.229278 -0.368404
v 0.169210 0.231660 -0.369127
v 0.169210 0.219744 -0.391420
v 0.169210 0.221940 -0.392593
v 0.169210 0.226800 -0.368160
v 0.169210 0.224322 -0.368404
v 0.169210 0.216240 -0.387916
v 0.169210 0.217820 -0.389840
v 0.169210 0.214344 -0.378382
v 0.169210 0.219744 -0.370300
v 0.169210 0.221940 -0.369127
v 0.169210 0.214344 -0.383338
v 0.169210 0.215067 -0.385720
v 0.169210 0.214100 -0.380860
v 0.169210 0.216240 -0.373804
v 0.169210 0.217820 -0.371880
v 0.169210 0.215067 -0.376000
v 0.232399 0.163582 -0.012705
v 0.232399 0.161104 -0.012461
v 0.232399 0.158722 -0.011738
v 0.232399 0.156526 -0.010564
v 0.232399 0.154601 -0.008985
v 0.232399 0.168442 -0.011738
v 0.232399 0.166059 -0.012461
v 0.232399 0.151848 -0.004865
v 0.232399 0.153022 -0.007060
v 0.232399 0.151126 -0.002482
v 0.232399 0.150882 -0.000005
v 0.232399 0.151126 0.002473
v 0.232399 0.151848 0.004855
v 0.232399 0.153022 0.007051
v 0.232399 0.154601 0.008976
v 0.232399 0.158722 0.011729
v 0.232399 0.156526 0.010555
v 0.232399 0.172562 -0.008985
v 0.232399 0.170637 -0.010564
v 0.232399 0.161104 0.012451
v 0.232399 0.163582 0.012695
v 0.232399 0.175315 -0.004865
v 0.232399 0.174141 -0.007060
v 0.232399 0.175315 0.004855
v 0.232399 0.168442 0.011729
v 0.232399 0.166059 0.012451
v 0.232399 0.176282 -0.000005
v 0.232399 0.176038 -0.002482
v 0.232399 0.176038 0.002473
v 0.232399 0.172562 0.008976
v 0.232399 0.170637 0.010555
v 0.232399 0.174141 0.007051
v -0.072401 0.166059 -0.012461
v -0.072401 0.168442 -0.011738
v -0.072401 0.170637 -0.010564
v -0.072401 0.172562 -0.008985
v -0.072401 0.174141 -0.007060
v -0.072401 0.161104 -0.012461
v -0.072401 0.163582 -0.012705
v -0.072401 0.176038 -0.002482
v -0.072401 0.175315 -0.004865
v -0.072401 0.176282 -0.000005
v -0.072401 0.176038 0.002473
v -0.072401 0.175315 0.004855
v -0.072401 0.174141 0.007051
v -0.072401 0.172562 0.008976
v -0.072401 0.170637 0.010555
v -0.072401 0.166059 0.012451
v -0.072401 0.168442 0.011729
v -0.072401 0.156526 -0.010564
v -0.072401 0.158722 -0.011738
v -0.072401 0.163582 0.012695
v -0.072401 0.161104 0.012451
v -0.072401 0.153022 -0.007060
v -0.072401 0.154601 -0.008985
v -0.072401 0.151126 0.002473
v -0.072401 0.156526 0.010555
v -0.072401 0.158722 0.011729
v -0.072401 0.151126 -0.002482
v -0.072401 0.151848 -0.004865
v -0.072401 0.150882 -0.000005
v -0.072401 0.153022 0.007051
v -0.072401 0.154601 0.008976
v -0.072401 0.151848 0.004855
v 0.539931 0.201572 -0.241202
v 0.539931 0.199094 -0.240957
v 0.539931 0.196712 -0.240235
v 0.539931 0.194516 -0.239061
v 0.539931 0.192592 -0.237482
v 0.539931 0.206432 -0.240235
v 0.539931 0.204050 -0.240957
v 0.539931 0.189839 -0.233362
v 0.539931 0.191012 -0.235557
v 0.539931 0.189116 -0.230979
v 0.539931 0.188872 -0.228502
v 0.539931 0.189116 -0.226024
v 0.539931 0.189839 -0.223641
v 0.539931 0.191012 -0.221446
v 0.539931 0.192592 -0.219521
v 0.539931 0.196712 -0.216768
v 0.539931 0.194516 -0.217942
v 0.539931 0.210552 -0.237482
v 0.539931 0.208628 -0.239061
v 0.539931 0.199094 -0.216046
v 0.539931 0.201572 -0.215802
v 0.539931 0.213305 -0.233362
v 0.539931 0.212132 -0.235557
v 0.539931 0.213305 -0.223641
v 0.539931 0.206432 -0.216768
v 0.539931 0.204050 -0.216046
v 0.539931 0.214272 -0.228502
v 0.539931 0.214028 -0.230979
v 0.539931 0.214028 -0.226024
v 0.539931 0.210552 -0.219521
v 0.539931 0.208628 -0.217942
v 0.539931 0.212132 -0.221446
v 0.235131 0.204050 -0.240957
v 0.235131 0.206432 -0.240235
v 0.235131 0.208628 -0.239061
v 0.235131 0.210552 -0.237482
v 0.235131 0.212132 -0.235557
v 0.235131 0.199094 -0.240957
v 0.235131 0.201572 -0.241202
v 0.235131 0.214028 -0.230979
v 0.235131 0.213305 -0.233362
v 0.235131 0.214272 -0.228501
v 0.235131 0.214028 -0.226024
v 0.235131 0.213305 -0.223641
v 0.235131 0.212132 -0.221446
v 0.235131 0.210552 -0.219521
v 0.235131 0.208628 -0.217942
v 0.235131 0.204050 -0.216046
v 0.235131 0.206432 -0.216768
v 0.235131 0.194516 -0.239061
v 0.235131 0.196712 -0.240235
v 0.235131 0.201572 -0.215801
v 0.235131 0.199094 -0.216046
v 0.235131 0.191012 -0.235557
v 0.235131 0.192592 -0.237482
v 0.235131 0.189116 -0.226024
v 0.235131 0.194516 -0.217942
v 0.235131 0.196712 -0.216768
v 0.235131 0.189116 -0.230979
v 0.235131 0.189839 -0.233362
v 0.235131 0.188872 -0.228501
v 0.235131 0.191012 -0.221446
v 0.235131 0.192592 -0.219521
v 0.235131 0.189839 -0.223641
v 0.617181 0.018674 0.384368
v 0.617181 0.016197 0.384612
v 0.617181 0.013814 0.385335
v 0.617181 0.011619 0.386509
v 0.617181 0.009694 0.388088
v 0.617181 0.023535 0.385335
v 0.617181 0.021152 0.384612
v 0.617181 0.006941 0.392208
v 0.617181 0.008115 0.390012
v 0.617181 0.006219 0.394591
v 0.617181 0.005974 0.397068
v 0.617181 0.006219 0.399546
v 0.617181 0.006941 0.401928
v 0.617181 0.008115 0.404124
v 0.617181 0.009694 0.406049
v 0.617181 0.013814 0.408801
v 0.617181 0.011619 0.407628
v 0.617181 0.027655 0.388088
v 0.617181 0.025730 0.386509
v 0.617181 0.016197 0.409524
v 0.617181 0.018674 0.409768
v 0.617181 0.030408 0.392208
v 0.617181 0.029234 0.390012
v 0.617181 0.030408 0.401928
v 0.617181 0.023535 0.408801
v 0.617181 0.021152 0.409524
v 0.617181 0.031374 0.397068
v 0.617181 0.031130 0.394591
v 0.617181 0.031130 0.399546
v 0.617181 0.027655 0.406049
v 0.617181 0.025730 0.407628
v 0.617181 0.029234 0.404124
v 0.312381 0.021152 0.384612
v 0.312381 0.023535 0.385335
v 0.312381 0.025730 0.386509
v 0.312381 0.027655 0.388088
v 0.312381 0.029234 0.390013
v 0.312381 0.016197 0.384612
v 0.312381 0.018674 0.384368
v 0.312381 0.031130 0.394591
v 0.312381 0.030408 0.392208
v 0.312381 0.031374 0.397068
v 0.312381 0.031130 0.399546
v 0.312381 0.030408 0.401928
v 0.312381 0.029234 0.404124
v 0.312381 0.027655 0.406049
v 0.312381 0.025730 0.407628
v 0.312381 0.021152 0.409524
v 0.312381 0.023535 0.408802
v 0.312381 0.011619 0.386509
v 0.312381 0.013814 0.385335
v 0.312381 0.018674 0.409768
v 0.312381 0.016197 0.409524
v 0.312381 0.008115 0.390013
v 0.312381 0.009694 0.388088
v 0.312381 0.006218 0.399546
v 0.312381 0.011619 0.407628
v 0.312381 0.013814 0.408802
v 0.312381 0.006218 0.394591
v 0.312381 0.006941 0.392208
v 0.312381 0.005974 0.397068
v 0.312381 0.008115 0.404124
v 0.312381 0.009694 0.406049
v 0.312381 0.006941 0.401928
v 0.314206 -0.083113 0.562315
v 0.314206 -0.085590 0.562559
v 0.314206 -0.087973 0.563282
v 0.314206 -0.090168 0.564456
v 0.314206 -0.092093 0.566035
v 0.314206 -0.078253 0.563282
v 0.314206 -0.080635 0.562559
v 0.314206 -0.094846 0.570155
v 0.314206 -0.093672 0.567960
v 0.314206 -0.095569 0.572538
v 0.314206 -0.095813 0.575015
v 0.314206 -0.095569 0.577493
v 0.314206 -0.094846 0.579875
v 0.314206 -0.093672 0.582071
v 0.314206 -0.092093 0.583996
v 0.314206 -0.087973 0.586749
v 0.314206 -0.090168 0.585575
v 0.314206 -0.074132 0.566035
v 0.314206 -0.076057 0.564456
v 0.314206 -0.085590 0.587471
v 0.314206 -0.083113 0.587715
v 0.314206 -0.071379 0.570155
v 0.314206 -0.072553 0.567960
v 0.314206 -0.071379 0.579875
v 0.314206 -0.078253 0.586749
v 0.314206 -0.080635 0.587471
v 0.314206 -0.070413 0.575015
v 0.314206 -0.070657 0.572538
v 0.314206 -0.070657 0.577493
v 0.314206 -0.074132 0.583996
v 0.314206 -0.076057 0.585575
v 0.314206 -0.072553 0.582071
v 0.009406 -0.080635 0.562559
v 0.009406 -0.078253 0.563282
v 0.009406 -0.076057 0.564456
v 0.009406 -0.074132 0.566035
v 0.009406 -0.072553 0.567960
v 0.009406 -0.085590 0.562559
v 0.009406 -0.083113 0.562315
v 0.009406 -0.070657 0.572538
v 0.009406 -0.071379 0.570155
v 0.009406 -0.070413 0.575015
v 0.009406 -0.070657 0.577493
v 0.009406 -0.071379 0.579875
v 0.009406 -0.072553 0.582071
v 0.009406 -0.074132 0.583996
v 0.009406 -0.076057 0.585575
v 0.009406 -0.080635 0.587471
v 0.009406 -0.078253 0.586749
v 0.009406 -0.090168 0.564456
v 0.009406 -0.087973 0.563282
v 0.009406 -0.083113 0.587715
v 0.009406 -0.085590 0.587471
v 0.009406 -0.093672 0.567960
v 0.009406 -0.092093 0.566035
v 0.009406 -0.095569 0.577493
v 0.009406 -0.090168 0.585575
v 0.009406 -0.087973 0.586749
v 0.009406 -0.095569 0.572538
v 0.009406 -0.094846 0.570155
v 0.009406 -0.095813 0.575015
v 0.009406 -0.093672 0.582071
v 0.009406 -0.092093 0.583996
v 0.009406 -0.094846 0.579875
v 0.315130 0.184605 -0.380900
v 0.315130 0.183335 -0.380900
v 0.619930 0.183335 -0.380900
v 0.619930 0.184605 -0.380900
v 0.619930 0.184605 -0.380900
v 0.619930 0.183335 -0.380900
v 0.619930 0.183335 -0.076100
v 0.619930 0.184605 -0.076100
v 0.619930 0.184605 -0.076100
v 0.619930 0.183335 -0.076100
v 0.315130 0.183335 -0.076100
v 0.315130 0.184605 -0.076100
v 0.315130 0.184605 -0.076100
v 0.315130 0.183335 -0.076100
v 0.315130 0.183335 -0.380900
v 0.315130 0.184605 -0.380900
v 0.619930 0.184605 -0.380900
v 0.619930 0.184605 -0.076100
v 0.315130 0.184605 -0.076100
v 0.315130 0.184605 -0.380900
v 0.619930 0.183335 -0.076100
v 0.619930 0.183335 -0.380900
v 0.315130 0.183335 -0.380900
v 0.315130 0.183335 -0.076100
v 0.224210 -0.106965 0.422620
v 0.224210 -0.108235 0.422620
v 0.224210 -0.108235 0.727420
v 0.224210 -0.106965 0.727420
v 0.224210 -0.106965 0.727420
v 0.224210 -0.108235 0.727420
v -0.080590 -0.108235 0.727420
v -0.080590 -0.106965 0.727420
v -0.080590 -0.106965 0.727420
v -0.080590 -0.108235 0.727420
v -0.080590 -0.108235 0.422620
v -0.080590 -0.106965 0.422620
v -0.080590 -0.106965 0.422620
v -0.080590 -0.108235 0.422620
v 0.224210 -0.108235 0.422620
v 0.224210 -0.106965 0.422620
v 0.224210 -0.106965 0.727420
v -0.080590 -0.106965 0.727420
v -0.080590 -0.106965 0.422620
v 0.224210 -0.106965 0.422620
v -0.080590 -0.108235 0.727420
v 0.224210 -0.108235 0.727420
v 0.224210 -0.108235 0.422620
v -0.080590 -0.108235 0.422620
v 0.224210 -0.087600 0.422620
v 0.224210 -0.392400 0.422620
v 0.224210 -0.392400 0.727420
v 0.224210 -0.087600 0.727420
v 0.224210 -0.087600 0.727420
v 0.224210 -0.392400 0.727420
v -0.080590 -0.392400 0.727420
v -0.080590 -0.087600 0.727420
v -0.080590 -0.087600 0.727420
v -0.080590 -0.392400 0.727420
v -0.080590 -0.392400 0.422620
v -0.080590 -0.087600 0.422620
v -0.080590 -0.087600 0.422620
v -0.080590 -0.392400 0.422620
v 0.224210 -0.392400 0.422620
v 0.224210 -0.087600 0.422620
v 0.224210 -0.087600 0.727420
v -0.080590 -0.087600 0.727420
v -0.080590 -0.087600 0.422620
v 0.224210 -0.087600 0.422620
v 0.219811 -0.092000 0.427019
v 0.219811 -0.092000 0.723021
v 0.218822 -0.392400 0.722032
v 0.218822 -0.392400 0.428008
v 0.219811 -0.092000 0.723021
v -0.076191 -0.092000 0.723021
v -0.075202 -0.392400 0.722032
v 0.218822 -0.392400 0.722032
v -0.076191 -0.092000 0.723021
v -0.076191 -0.092000 0.427020
v -0.075202 -0.392400 0.428008
v -0.075202 -0.392400 0.722032
v -0.076191 -0.092000 0.427020
v 0.219811 -0.092000 0.427019
v 0.218822 -0.392400 0.428008
v -0.075202 -0.392400 0.428008
v 0.219811 -0.092000 0.723021
v 0.219811 -0.092000 0.427019
v -0.076191 -0.092000 0.427020
v -0.076191 -0.092000 0.723021
v 0.392380 0.010000 0.549470
v 0.392380 -0.294800 0.549470
v 0.392380 -0.294800 0.244670
v 0.392380 0.010000 0.244670
v 0.392380 0.010000 0.244670
v 0.392380 -0.294800 0.244670
v 0.697180 -0.294800 0.244670
v 0.697180 0.010000 0.244670
v 0.697180 0.010000 0.244670
v 0.697180 -0.294800 0.244670
v 0.697180 -0.294800 0.549470
v 0.697180 0.010000 0.549470
v 0.697180 0.010000 0.549470
v 0.697180 -0.294800 0.549470
v 0.392380 -0.294800 0.549470
v 0.392380 0.010000 0.549470
v 0.392380 0.010000 0.244670
v 0.697180 0.010000 0.244670
v 0.697180 0.010000 0.549470
v 0.392380 0.010000 0.549470
v 0.396779 0.005601 0.545071
v 0.396779 0.005601 0.249069
v 0.397768 -0.294800 0.250058
v 0.397768 -0.294800 0.544082
v 0.396779 0.005601 0.249069
v 0.692781 0.005601 0.249069
v 0.691792 -0.294800 0.250058
v 0.397768 -0.294800 0.250058
v 0.692781 0.005601 0.249069
v 0.692781 0.005601 0.545071
v 0.691792 -0.294800 0.544082
v 0.691792 -0.294800 0.250058
v 0.692781 0.005601 0.545071
v 0.396779 0.005601 0.545071
v 0.397768 -0.294800 0.544082
v 0.691792 -0.294800 0.544082
v 0.396779 0.005601 0.249069
v 0.396779 0.005601 0.545071
v 0.692781 0.005601 0.545071
v 0.692781 0.005601 0.249069
v 0.224210 -0.392400 0.727420
v 0.224210 -0.392400 0.422620
v 0.218822 -0.392400 0.428008
v 0.218822 -0.392400 0.722032
v -0.080590 -0.392400 0.727420
v -0.075202 -0.392400 0.722032
v -0.080590 -0.392400 0.422620
v -0.075202 -0.392400 0.428008
v 0.392380 -0.294800 0.244670
v 0.392380 -0.294800 0.549470
v 0.397768 -0.294800 0.544082
v 0.397768 -0.294800 0.250058
v 0.697180 -0.294800 0.244670
v 0.691792 -0.294800 0.250058
v 0.697180 -0.294800 0.549470
v 0.691792 -0.294800 0.544082
vt 0.375000 0.000000
vt 0.625000 0.000000
vt 0.625000 0.250000
vt 0.375000 0.250000
vt 0.375000 0.250000
vt 0.625000 0.250000
vt 0.625000 0.500000
vt 0.375000 0.500000
vt 0.375000 0.500000
vt 0.625000 0.500000
vt 0.625000 0.750000
vt 0.375000 0.750000
vt 0.375000 0.750000
vt 0.625000 0.750000
vt 0.625000 0.999969
vt 0.375000 0.999969
vt 0.007240 0.009277
vt 0.996582 0.009277
vt 0.996582 0.999001
vt 0.007240 0.999001
vt 0.375000 0.000000
vt 0.375000 0.250000
vt 0.625000 0.250000
vt 0.625000 0.000000
vt 0.375000 0.250000
vt 0.375000 0.500000
vt 0.625000 0.500000
vt 0.625000 0.250000
vt 0.375000 0.500000
vt 0.375000 0.750000
vt 0.625000 0.750000
vt 0.625000 0.500000
vt 0.375000 0.750000
vt 0.375000 0.999969
vt 0.625000 0.999969
vt 0.625000 0.750000
vt 0.007240 0.009277
vt 0.007240 0.999001
vt 0.996582 0.999001
vt 0.996582 0.009277
vt 0.375000 0.000000
vt 0.625000 0.000000
vt 0.625000 0.250000
vt 0.375000 0.250000
vt 0.375000 0.250000
vt 0.625000 0.250000
vt 0.625000 0.500000
vt 0.375000 0.500000
vt 0.375000 0.500000
vt 0.625000 0.500000
vt 0.625000 0.750000
vt 0.375000 0.750000
vt 0.375000 0.750000
vt 0.625000 0.750000
vt 0.625000 0.999969
vt 0.375000 0.999969
vt 0.007240 0.009277
vt 0.996582 0.009277
vt 0.996582 0.999001
vt 0.007240 0.999001
vt 0.375000 0.000000
vt 0.375000 0.250000
vt 0.625000 0.250000
vt 0.625000 0.000000
vt 0.375000 0.250000
vt 0.375000 0.500000
vt 0.625000 0.500000
vt 0.625000 0.250000
vt 0.375000 0.500000
vt 0.375000 0.750000
vt 0.625000 0.750000
vt 0.625000 0.500000
vt 0.375000 0.750000
vt 0.375000 0.999969
vt 0.625000 0.999969
vt 0.625000 0.750000
vt 0.007240 0.009277
vt 0.007240 0.999001
vt 0.996582 0.999001
vt 0.996582 0.009277
vt 0.625000 0.250000
vt 0.625000 0.000000
vt 0.625000 0.000000
vt 0.625000 0.250000
vt 0.625000 0.500000
vt 0.625000 0.500000
vt 0.625000 0.750000
vt 0.625000 0.750000
vt 0.625000 0.999969
vt 0.625000 0.999969
vt 0.625000 0.250000
vt 0.625000 0.000000
vt 0.625000 0.000000
vt 0.625000 0.250000
vt 0.625000 0.500000
vt 0.625000 0.500000
vt 0.625000 0.750000
vt 0.625000 0.750000
vt 0.625000 0.999969
vt 0.625000 0.999969
vt 0.375000 0.000000
vt 0.625000 0.000000
vt 0.625000 0.250000
vt 0.375000 0.250000
vt 0.375000 0.250000
vt 0.625000 0.250000
vt 0.625000 0.500000
vt 0.375000 0.500000
vt 0.375000 0.500000
vt 0.625000 0.500000
vt 0.625000 0.750000
vt 0.375000 0.750000
vt 0.375000 0.750000
vt 0.625000 0.750000
vt 0.625000 0.999969
vt 0.375000 0.999969
vt 0.125000 0.500000
vt 0.375000 0.500000
vt 0.375000 0.750000
vt 0.125000 0.750000
vt 0.375000 0.000000
vt 0.625000 0.000000
vt 0.625000 0.250000
vt 0.375000 0.250000
vt 0.375000 0.250000
vt 0.625000 0.250000
vt 0.625000 0.500000
vt 0.375000 0.500000
vt 0.375000 0.500000
vt 0.625000 0.500000
vt 0.625000 0.750000
vt 0.375000 0.750000
vt 0.375000 0.750000
vt 0.625000 0.750000
vt 0.625000 0.999969
vt 0.375000 0.999969
vt 0.125000 0.500000
vt 0.375000 0.500000
vt 0.375000 0.750000
vt 0.125000 0.750000
vt 0.006622 0.010742
vt 0.993164 0.010742
vt 0.993164 0.997545
vt 0.006622 0.997545
vt 0.006622 0.010742
vt 0.993164 0.010742
vt 0.993164 0.997545
vt 0.006622 0.997545
vt 1.000000 0.500000
vt 1.000000 0.999969
vt 0.968750 0.999969
vt 0.968750 0.500000
vt 0.968750 0.500000
vt 0.968750 0.999969
vt 0.937500 0.999969
vt 0.937500 0.500000
vt 0.937500 0.500000
vt 0.937500 0.999969
vt 0.906250 0.999969
vt 0.906250 0.500000
vt 0.906250 0.500000
vt 0.906250 0.999969
vt 0.875000 0.999969
vt 0.875000 0.500000
vt 0.875000 0.500000
vt 0.875000 0.999969
vt 0.843750 0.999969
vt 0.843750 0.500000
vt 0.843750 0.500000
vt 0.843750 0.999969
vt 0.812500 0.999969
vt 0.812500 0.500000
vt 0.812500 0.500000
vt 0.812500 0.999969
vt 0.781250 0.999969
vt 0.781250 0.500000
vt 0.781250 0.500000
vt 0.781250 0.999969
vt 0.750000 0.999969
vt 0.750000 0.500000
vt 0.750000 0.500000
vt 0.750000 0.999969
vt 0.718750 0.999969
vt 0.718750 0.500000
vt 0.718750 0.500000
vt 0.718750 0.999969
vt 0.687500 0.999969
vt 0.687500 0.500000
vt 0.687500 0.500000
vt 0.687500 0.999969
vt 0.656250 0.999969
vt 0.656250 0.500000
vt 0.656250 0.500000
vt 0.656250 0.999969
vt 0.625000 0.999969
vt 0.625000 0.500000
vt 0.625000 0.500000
vt 0.625000 0.999969
vt 0.593750 0.999969
vt 0.593750 0.500000
vt 0.593750 0.500000
vt 0.593750 0.999969
vt 0.562500 0.999969
vt 0.562500 0.500000
vt 0.562500 0.500000
vt 0.562500 0.999969
vt 0.531250 0.999969
vt 0.531250 0.500000
vt 0.531250 0.500000
vt 0.531250 0.999969
vt 0.500000 0.999969
vt 0.500000 0.500000
vt 0.500000 0.500000
vt 0.500000 0.999969
vt 0.468750 0.999969
vt 0.468750 0.500000
vt 0.468750 0.500000
vt 0.468750 0.999969
vt 0.437500 0.999969
vt 0.437500 0.500000
vt 0.437500 0.500000
vt 0.437500 0.999969
vt 0.406250 0.999969
vt 0.406250 0.500000
vt 0.406250 0.500000
vt 0.406250 0.999969
vt 0.375000 0.999969
vt 0.375000 0.500000
vt 0.375000 0.500000
vt 0.375000 0.999969
vt 0.343750 0.999969
vt 0.343750 0.500000
vt 0.343750 0.500000
vt 0.343750 0.999969
vt 0.312500 0.999969
vt 0.312500 0.500000
vt 0.312500 0.500000
vt 0.312500 0.999969
vt 0.281250 0.999969
vt 0.281250 0.500000
vt 0.281250 0.500000
vt 0.281250 0.999969
vt 0.250000 0.999969
vt 0.250000 0.500000
vt 0.250000 0.500000
vt 0.250000 0.999969
vt 0.218750 0.999969
vt 0.218750 0.500000
vt 0.218750 0.500000
vt 0.218750 0.999969
vt 0.187500 0.999969
vt 0.187500 0.500000
vt 0.187500 0.500000
vt 0.187500 0.999969
vt 0.156250 0.999969
vt 0.156250 0.500000
vt 0.156250 0.500000
vt 0.156250 0.999969
vt 0.125000 0.999969
vt 0.125000 0.500000
vt 0.125000 0.500000
vt 0.125000 0.999969
vt 0.093750 0.999969
vt 0.093750 0.500000
vt 0.093750 0.500000
vt 0.093750 0.999969
vt 0.062500 0.999969
vt 0.062500 0.500000
vt 0.062500 0.500000
vt 0.062500 0.999969
vt 0.031250 0.999969
vt 0.031250 0.500000
vt 0.031250 0.500000
vt 0.031250 0.999969
vt 0.000031 0.999969
vt 0.000031 0.500000
vt 1.000000 0.500000
vt 1.000000 0.999969
vt 0.968750 0.999969
vt 0.968750 0.500000
vt 0.968750 0.500000
vt 0.968750 0.999969
vt 0.937500 0.999969
vt 0.937500 0.500000
vt 0.937500 0.500000
vt 0.937500 0.999969
vt 0.906250 0.999969
vt 0.906250 0.500000
vt 0.906250 0.500000
vt 0.906250 0.999969
vt 0.875000 0.999969
vt 0.875000 0.500000
vt 0.875000 0.500000
vt 0.875000 0.999969
vt 0.843750 0.999969
vt 0.843750 0.500000
vt 0.843750 0.500000
vt 0.843750 0.999969
vt 0.812500 0.999969
vt 0.812500 0.500000
vt 0.812500 0.500000
vt 0.812500 0.999969
vt 0.781250 0.999969
vt 0.781250 0.500000
vt 0.781250 0.500000
vt 0.781250 0.999969
vt 0.750000 0.999969
vt 0.750000 0.500000
vt 0.750000 0.500000
vt 0.750000 0.999969
vt 0.718750 0.999969
vt 0.718750 0.500000
vt 0.718750 0.500000
vt 0.718750 0.999969
vt 0.687500 0.999969
vt 0.687500 0.500000
vt 0.687500 0.500000
vt 0.687500 0.999969
vt 0.656250 0.999969
vt 0.656250 0.500000
vt 0.656250 0.500000
vt 0.656250 0.999969
vt 0.625000 0.999969
vt 0.625000 0.500000
vt 0.625000 0.500000
vt 0.625000 0.999969
vt 0.593750 0.999969
vt 0.593750 0.500000
vt 0.593750 0.500000
vt 0.593750 0.999969
vt 0.562500 0.999969
vt 0.562500 0.500000
vt 0.562500 0.500000
vt 0.562500 0.999969
vt 0.531250 0.999969
vt 0.531250 0.500000
vt 0.531250 0.500000
vt 0.531250 0.999969
vt 0.500000 0.999969
vt 0.500000 0.500000
vt 0.500000 0.500000
vt 0.500000 0.999969
vt 0.468750 0.999969
vt 0.468750 0.500000
vt 0.468750 0.500000
vt 0.468750 0.999969
vt 0.437500 0.999969
vt 0.437500 0.500000
vt 0.437500 0.500000
vt 0.437500 0.999969
vt 0.406250 0.999969
vt 0.406250 0.500000
vt 0.406250 0.500000
vt 0.406250 0.999969
vt 0.375000 0.999969
vt 0.375000 0.500000
vt 0.375000 0.500000
vt 0.375000 0.999969
vt 0.343750 0.999969
vt 0.343750 0.500000
vt 0.343750 0.500000
vt 0.343750 0.999969
vt 0.312500 0.999969
vt 0.312500 0.500000
vt 0.312500 0.500000
vt 0.312500 0.999969
vt 0.281250 0.999969
vt 0.281250 0.500000
vt 0.281250 0.500000
vt 0.281250 0.999969
vt 0.250000 0.999969
vt 0.250000 0.500000
vt 0.250000 0.500000
vt 0.250000 0.999969
vt 0.218750 0.999969
vt 0.218750 0.500000
vt 0.218750 0.500000
vt 0.218750 0.999969
vt 0.187500 0.999969
vt 0.187500 0.500000
vt 0.187500 0.500000
vt 0.187500 0.999969
vt 0.156250 0.999969
vt 0.156250 0.500000
vt 0.156250 0.500000
vt 0.156250 0.999969
vt 0.125000 0.999969
vt 0.125000 0.500000
vt 0.125000 0.500000
vt 0.125000 0.999969
vt 0.093750 0.999969
vt 0.093750 0.500000
vt 0.093750 0.500000
vt 0.093750 0.999969
vt 0.062500 0.999969
vt 0.062500 0.500000
vt 0.062500 0.500000
vt 0.062500 0.999969
vt 0.031250 0.999969
vt 0.031250 0.500000
vt 0.031250 0.500000
vt 0.031250 0.999969
vt 0.000031 0.999969
vt 0.000031 0.500000
vt 1.000000 0.500000
vt 1.000000 0.999969
vt 0.968750 0.999969
vt 0.968750 0.500000
vt 0.968750 0.500000
vt 0.968750 0.999969
vt 0.937500 0.999969
vt 0.937500 0.500000
vt 0.937500 0.500000
vt 0.937500 0.999969
vt 0.906250 0.999969
vt 0.906250 0.500000
vt 0.906250 0.500000
vt 0.906250 0.999969
vt 0.875000 0.999969
vt 0.875000 0.500000
vt 0.875000 0.500000
vt 0.875000 0.999969
vt 0.843750 0.999969
vt 0.843750 0.500000
vt 0.843750 0.500000
vt 0.843750 0.999969
vt 0.812500 0.999969
vt 0.812500 0.500000
vt 0.812500 0.500000
vt 0.812500 0.999969
vt 0.781250 0.999969
vt 0.781250 0.500000
vt 0.781250 0.500000
vt 0.781250 0.999969
vt 0.750000 0.999969
vt 0.750000 0.500000
vt 0.750000 0.500000
vt 0.750000 0.999969
vt 0.718750 0.999969
vt 0.718750 0.500000
vt 0.718750 0.500000
vt 0.718750 0.999969
vt 0.687500 0.999969
vt 0.687500 0.500000
vt 0.687500 0.500000
vt 0.687500 0.999969
vt 0.656250 0.999969
vt 0.656250 0.500000
vt 0.656250 0.500000
vt 0.656250 0.999969
vt 0.625000 0.999969
vt 0.625000 0.500000
vt 0.625000 0.500000
vt 0.625000 0.999969
vt 0.593750 0.999969
vt 0.593750 0.500000
vt 0.593750 0.500000
vt 0.593750 0.999969
vt 0.562500 0.999969
vt 0.562500 0.500000
vt 0.562500 0.500000
vt 0.562500 0.999969
vt 0.531250 0.999969
vt 0.531250 0.500000
vt 0.531250 0.500000
vt 0.531250 0.999969
vt 0.500000 0.999969
vt 0.500000 0.500000
vt 0.500000 0.500000
vt 0.500000 0.999969
vt 0.468750 0.999969
vt 0.468750 0.500000
vt 0.468750 0.500000
vt 0.468750 0.999969
vt 0.437500 0.999969
vt 0.437500 0.500000
vt 0.437500 0.500000
vt 0.437500 0.999969
vt 0.406250 0.999969
vt 0.406250 0.500000
vt 0.406250 0.500000
vt 0.406250 0.999969
vt 0.375000 0.999969
vt 0.375000 0.500000
vt 0.375000 0.500000
vt 0.375000 0.999969
vt 0.343750 0.999969
vt 0.343750 0.500000
vt 0.343750 0.500000
vt 0.343750 0.999969
vt 0.312500 0.999969
vt 0.312500 0.500000
vt 0.312500 0.500000
vt 0.312500 0.999969
vt 0.281250 0.999969
vt 0.281250 0.500000
vt 0.281250 0.500000
vt 0.281250 0.999969
vt 0.250000 0.999969
vt 0.250000 0.500000
vt 0.250000 0.500000
vt 0.250000 0.999969
vt 0.218750 0.999969
vt 0.218750 0.500000
vt 0.218750 0.500000
vt 0.218750 0.999969
vt 0.187500 0.999969
vt 0.187500 0.500000
vt 0.187500 0.500000
vt 0.187500 0.999969
vt 0.156250 0.999969
vt 0.156250 0.500000
vt 0.156250 0.500000
vt 0.156250 0.999969
vt 0.125000 0.999969
vt 0.125000 0.500000
vt 0.125000 0.500000
vt 0.125000 0.999969
vt 0.093750 0.999969
vt 0.093750 0.500000
vt 0.093750 0.500000
vt 0.093750 0.999969
vt 0.062500 0.999969
vt 0.062500 0.500000
vt 0.062500 0.500000
vt 0.062500 0.999969
vt 0.031250 0.999969
vt 0.031250 0.500000
vt 0.031250 0.500000
vt 0.031250 0.999969
vt 0.000031 0.999969
vt 0.000031 0.500000
vt 1.000000 0.500000
vt 1.000000 0.999969
vt 0.968750 0.999969
vt 0.968750 0.500000
vt 0.968750 0.500000
vt 0.968750 0.999969
vt 0.937500 0.999969
vt 0.937500 0.500000
vt 0.937500 0.500000
vt 0.937500 0.999969
vt 0.906250 0.999969
vt 0.906250 0.500000
vt 0.906250 0.500000
vt 0.906250 0.999969
vt 0.875000 0.999969
vt 0.875000 0.500000
vt 0.875000 0.500000
vt 0.875000 0.999969
vt 0.843750 0.999969
vt 0.843750 0.500000
vt 0.843750 0.500000
vt 0.843750 0.999969
vt 0.812500 0.999969
vt 0.812500 0.500000
vt 0.812500 0.500000
vt 0.812500 0.999969
vt 0.781250 0.999969
vt 0.781250 0.500000
vt 0.781250 0.500000
vt 0.781250 0.999969
vt 0.750000 0.999969
vt 0.750000 0.500000
vt 0.750000 0.500000
vt 0.750000 0.999969
vt 0.718750 0.999969
vt 0.718750 0.500000
vt 0.718750 0.500000
vt 0.718750 0.999969
vt 0.687500 0.999969
vt 0.687500 0.500000
vt 0.687500 0.500000
vt 0.687500 0.999969
vt 0.656250 0.999969
vt 0.656250 0.500000
vt 0.656250 0.500000
vt 0.656250 0.999969
vt 0.625000 0.999969
vt 0.625000 0.500000
vt 0.625000 0.500000
vt 0.625000 0.999969
vt 0.593750 0.999969
vt 0.593750 0.500000
vt 0.593750 0.500000
vt 0.593750 0.999969
vt 0.562500 0.999969
vt 0.562500 0.500000
vt 0.562500 0.500000
vt 0.562500 0.999969
vt 0.531250 0.999969
vt 0.531250 0.500000
vt 0.531250 0.500000
vt 0.531250 0.999969
vt 0.500000 0.999969
vt 0.500000 0.500000
vt 0.500000 0.500000
vt 0.500000 0.999969
vt 0.468750 0.999969
vt 0.468750 0.500000
vt 0.468750 0.500000
vt 0.468750 0.999969
vt 0.437500 0.999969
vt 0.437500 0.500000
vt 0.437500 0.500000
vt 0.437500 0.999969
vt 0.406250 0.999969
vt 0.406250 0.500000
vt 0.406250 0.500000
vt 0.406250 0.999969
vt 0.375000 0.999969
vt 0.375000 0.500000
vt 0.375000 0.500000
vt 0.375000 0.999969
vt 0.343750 0.999969
vt 0.343750 0.500000
vt 0.343750 0.500000
vt 0.343750 0.999969
vt 0.312500 0.999969
vt 0.312500 0.500000
vt 0.312500 0.500000
vt 0.312500 0.999969
vt 0.281250 0.999969
vt 0.281250 0.500000
vt 0.281250 0.500000
vt 0.281250 0.999969
vt 0.250000 0.999969
vt 0.250000 0.500000
vt 0.250000 0.500000
vt 0.250000 0.999969
vt 0.218750 0.999969
vt 0.218750 0.500000
vt 0.218750 0.500000
vt 0.218750 0.999969
vt 0.187500 0.999969
vt 0.187500 0.500000
vt 0.187500 0.500000
vt 0.187500 0.999969
vt 0.156250 0.999969
vt 0.156250 0.500000
vt 0.156250 0.500000
vt 0.156250 0.999969
vt 0.125000 0.999969
vt 0.125000 0.500000
vt 0.125000 0.500000
vt 0.125000 0.999969
vt 0.093750 0.999969
vt 0.093750 0.500000
vt 0.093750 0.500000
vt 0.093750 0.999969
vt 0.062500 0.999969
vt 0.062500 0.500000
vt 0.062500 0.500000
vt 0.062500 0.999969
vt 0.031250 0.999969
vt 0.031250 0.500000
vt 0.031250 0.500000
vt 0.031250 0.999969
vt 0.000031 0.999969
vt 0.000031 0.500000
vt 1.000000 0.500000
vt 1.000000 0.999969
vt 0.968750 0.999969
vt 0.968750 0.500000
vt 0.968750 0.500000
vt 0.968750 0.999969
vt 0.937500 0.999969
vt 0.937500 0.500000
vt 0.937500 0.500000
vt 0.937500 0.999969
vt 0.906250 0.999969
vt 0.906250 0.500000
vt 0.906250 0.500000
vt 0.906250 0.999969
vt 0.875000 0.999969
vt 0.875000 0.500000
vt 0.875000 0.500000
vt 0.875000 0.999969
vt 0.843750 0.999969
vt 0.843750 0.500000
vt 0.843750 0.500000
vt 0.843750 0.999969
vt 0.812500 0.999969
vt 0.812500 0.500000
vt 0.812500 0.500000
vt 0.812500 0.999969
vt 0.781250 0.999969
vt 0.781250 0.500000
vt 0.781250 0.500000
vt 0.781250 0.999969
vt 0.750000 0.999969
vt 0.750000 0.500000
vt 0.750000 0.500000
vt 0.750000 0.999969
vt 0.718750 0.999969
vt 0.718750 0.500000
vt 0.718750 0.500000
vt 0.718750 0.999969
vt 0.687500 0.999969
vt 0.687500 0.500000
vt 0.687500 0.500000
vt 0.687500 0.999969
vt 0.656250 0.999969
vt 0.656250 0.500000
vt 0.656250 0.500000
vt 0.656250 0.999969
vt 0.625000 0.999969
vt 0.625000 0.500000
vt 0.625000 0.500000
vt 0.625000 0.999969
vt 0.593750 0.999969
vt 0.593750 0.500000
vt 0.593750 0.500000
vt 0.593750 0.999969
vt 0.562500 0.999969
vt 0.562500 0.500000
vt 0.562500 0.500000
vt 0.562500 0.999969
vt 0.531250 0.999969
vt 0.531250 0.500000
vt 0.531250 0.500000
vt 0.531250 0.999969
vt 0.500000 0.999969
vt 0.500000 0.500000
vt 0.500000 0.500000
vt 0.500000 0.999969
vt 0.468750 0.999969
vt 0.468750 0.500000
vt 0.468750 0.500000
vt 0.468750 0.999969
vt 0.437500 0.999969
vt 0.437500 0.500000
vt 0.437500 0.500000
vt 0.437500 0.999969
vt 0.406250 0.999969
vt 0.406250 0.500000
vt 0.406250 0.500000
vt 0.406250 0.999969
vt 0.375000 0.999969
vt 0.375000 0.500000
vt 0.375000 0.500000
vt 0.375000 0.999969
vt 0.343750 0.999969
vt 0.343750 0.500000
vt 0.343750 0.500000
vt 0.343750 0.999969
vt 0.312500 0.999969
vt 0.312500 0.500000
vt 0.312500 0.500000
vt 0.312500 0.999969
vt 0.281250 0.999969
vt 0.281250 0.500000
vt 0.281250 0.500000
vt 0.281250 0.999969
vt 0.250000 0.999969
vt 0.250000 0.500000
vt 0.250000 0.500000
vt 0.250000 0.999969
vt 0.218750 0.999969
vt 0.218750 0.500000
vt 0.218750 0.500000
vt 0.218750 0.999969
vt 0.187500 0.999969
vt 0.187500 0.500000
vt 0.187500 0.500000
vt 0.187500 0.999969
vt 0.156250 0.999969
vt 0.156250 0.500000
vt 0.156250 0.500000
vt 0.156250 0.999969
vt 0.125000 0.999969
vt 0.125000 0.500000
vt 0.125000 0.500000
vt 0.125000 0.999969
vt 0.093750 0.999969
vt 0.093750 0.500000
vt 0.093750 0.500000
vt 0.093750 0.999969
vt 0.062500 0.999969
vt 0.062500 0.500000
vt 0.062500 0.500000
vt 0.062500 0.999969
vt 0.031250 0.999969
vt 0.031250 0.500000
vt 0.031250 0.500000
vt 0.031250 0.999969
vt 0.000031 0.999969
vt 0.000031 0.500000
vt 1.000000 0.500000
vt 1.000000 0.999969
vt 0.968750 0.999969
vt 0.968750 0.500000
vt 0.968750 0.500000
vt 0.968750 0.999969
vt 0.937500 0.999969
vt 0.937500 0.500000
vt 0.937500 0.500000
vt 0.937500 0.999969
vt 0.906250 0.999969
vt 0.906250 0.500000
vt 0.906250 0.500000
vt 0.906250 0.999969
vt 0.875000 0.999969
vt 0.875000 0.500000
vt 0.875000 0.500000
vt 0.875000 0.999969
vt 0.843750 0.999969
vt 0.843750 0.500000
vt 0.843750 0.500000
vt 0.843750 0.999969
vt 0.812500 0.999969
vt 0.812500 0.500000
vt 0.812500 0.500000
vt 0.812500 0.999969
vt 0.781250 0.999969
vt 0.781250 0.500000
vt 0.781250 0.500000
vt 0.781250 0.999969
vt 0.750000 0.999969
vt 0.750000 0.500000
vt 0.750000 0.500000
vt 0.750000 0.999969
vt 0.718750 0.999969
vt 0.718750 0.500000
vt 0.718750 0.500000
vt 0.718750 0.999969
vt 0.687500 0.999969
vt 0.687500 0.500000
vt 0.687500 0.500000
vt 0.687500 0.999969
vt 0.656250 0.999969
vt 0.656250 0.500000
vt 0.656250 0.500000
vt 0.656250 0.999969
vt 0.625000 0.999969
vt 0.625000 0.500000
vt 0.625000 0.500000
vt 0.625000 0.999969
vt 0.593750 0.999969
vt 0.593750 0.500000
vt 0.593750 0.500000
vt 0.593750 0.999969
vt 0.562500 0.999969
vt 0.562500 0.500000
vt 0.562500 0.500000
vt 0.562500 0.999969
vt 0.531250 0.999969
vt 0.531250 0.500000
vt 0.531250 0.500000
vt 0.531250 0.999969
vt 0.500000 0.999969
vt 0.500000 0.500000
vt 0.500000 0.500000
vt 0.500000 0.999969
vt 0.468750 0.999969
vt 0.468750 0.500000
vt 0.468750 0.500000
vt 0.468750 0.999969
vt 0.437500 0.999969
vt 0.437500 0.500000
vt 0.437500 0.500000
vt 0.437500 0.999969
vt 0.406250 0.999969
vt 0.406250 0.500000
vt 0.406250 0.500000
vt 0.406250 0.999969
vt 0.375000 0.999969
vt 0.375000 0.500000
vt 0.375000 0.500000
vt 0.375000 0.999969
vt 0.343750 0.999969
vt 0.343750 0.500000
vt 0.343750 0.500000
vt 0.343750 0.999969
vt 0.312500 0.999969
vt 0.312500 0.500000
vt 0.312500 0.500000
vt 0.312500 0.999969
vt 0.281250 0.999969
vt 0.281250 0.500000
vt 0.281250 0.500000
vt 0.281250 0.999969
vt 0.250000 0.999969
vt 0.250000 0.500000
vt 0.250000 0.500000
vt 0.250000 0.999969
vt 0.218750 0.999969
vt 0.218750 0.500000
vt 0.218750 0.500000
vt 0.218750 0.999969
vt 0.187500 0.999969
vt 0.187500 0.500000
vt 0.187500 0.500000
vt 0.187500 0.999969
vt 0.156250 0.999969
vt 0.156250 0.500000
vt 0.156250 0.500000
vt 0.156250 0.999969
vt 0.125000 0.999969
vt 0.125000 0.500000
vt 0.125000 0.500000
vt 0.125000 0.999969
vt 0.093750 0.999969
vt 0.093750 0.500000
vt 0.093750 0.500000
vt 0.093750 0.999969
vt 0.062500 0.999969
vt 0.062500 0.500000
vt 0.062500 0.500000
vt 0.062500 0.999969
vt 0.031250 0.999969
vt 0.031250 0.500000
vt 0.031250 0.500000
vt 0.031250 0.999969
vt 0.000031 0.999969
vt 0.000031 0.500000
vt 1.000000 0.500000
vt 1.000000 0.999969
vt 0.968750 0.999969
vt 0.968750 0.500000
vt 0.968750 0.500000
vt 0.968750 0.999969
vt 0.937500 0.999969
vt 0.937500 0.500000
vt 0.937500 0.500000
vt 0.937500 0.999969
vt 0.906250 0.999969
vt 0.906250 0.500000
vt 0.906250 0.500000
vt 0.906250 0.999969
vt 0.875000 0.999969
vt 0.875000 0.500000
vt 0.875000 0.500000
vt 0.875000 0.999969
vt 0.843750 0.999969
vt 0.843750 0.500000
vt 0.843750 0.500000
vt 0.843750 0.999969
vt 0.812500 0.999969
vt 0.812500 0.500000
vt 0.812500 0.500000
vt 0.812500 0.999969
vt 0.781250 0.999969
vt 0.781250 0.500000
vt 0.781250 0.500000
vt 0.781250 0.999969
vt 0.750000 0.999969
vt 0.750000 0.500000
vt 0.750000 0.500000
vt 0.750000 0.999969
vt 0.718750 0.999969
vt 0.718750 0.500000
vt 0.718750 0.500000
vt 0.718750 0.999969
vt 0.687500 0.999969
vt 0.687500 0.500000
vt 0.687500 0.500000
vt 0.687500 0.999969
vt 0.656250 0.999969
vt 0.656250 0.500000
vt 0.656250 0.500000
vt 0.656250 0.999969
vt 0.625000 0.999969
vt 0.625000 0.500000
vt 0.625000 0.500000
vt 0.625000 0.999969
vt 0.593750 0.999969
vt 0.593750 0.500000
vt 0.593750 0.500000
vt 0.593750 0.999969
vt 0.562500 0.999969
vt 0.562500 0.500000
vt 0.562500 0.500000
vt 0.562500 0.999969
vt 0.531250 0.999969
vt 0.531250 0.500000
vt 0.531250 0.500000
vt 0.531250 0.999969
vt 0.500000 0.999969
vt 0.500000 0.500000
vt 0.500000 0.500000
vt 0.500000 0.999969
vt 0.468750 0.999969
vt 0.468750 0.500000
vt 0.468750 0.500000
vt 0.468750 0.999969
vt 0.437500 0.999969
vt 0.437500 0.500000
vt 0.437500 0.500000
vt 0.437500 0.999969
vt 0.406250 0.999969
vt 0.406250 0.500000
vt 0.406250 0.500000
vt 0.406250 0.999969
vt 0.375000 0.999969
vt 0.375000 0.500000
vt 0.375000 0.500000
vt 0.375000 0.999969
vt 0.343750 0.999969
vt 0.343750 0.500000
vt 0.343750 0.500000
vt 0.343750 0.999969
vt 0.312500 0.999969
vt 0.312500 0.500000
vt 0.312500 0.500000
vt 0.312500 0.999969
vt 0.281250 0.999969
vt 0.281250 0.500000
vt 0.281250 0.500000
vt 0.281250 0.999969
vt 0.250000 0.999969
vt 0.250000 0.500000
vt 0.250000 0.500000
vt 0.250000 0.999969
vt 0.218750 0.999969
vt 0.218750 0.500000
vt 0.218750 0.500000
vt 0.218750 0.999969
vt 0.187500 0.999969
vt 0.187500 0.500000
vt 0.187500 0.500000
vt 0.187500 0.999969
vt 0.156250 0.999969
vt 0.156250 0.500000
vt 0.156250 0.500000
vt 0.156250 0.999969
vt 0.125000 0.999969
vt 0.125000 0.500000
vt 0.125000 0.500000
vt 0.125000 0.999969
vt 0.093750 0.999969
vt 0.093750 0.500000
vt 0.093750 0.500000
vt 0.093750 0.999969
vt 0.062500 0.999969
vt 0.062500 0.500000
vt 0.062500 0.500000
vt 0.062500 0.999969
vt 0.031250 0.999969
vt 0.031250 0.500000
vt 0.031250 0.500000
vt 0.031250 0.999969
vt 0.000031 0.999969
vt 0.000031 0.500000
vt 1.000000 0.500000
vt 1.000000 0.999969
vt 0.968750 0.999969
vt 0.968750 0.500000
vt 0.968750 0.500000
vt 0.968750 0.999969
vt 0.937500 0.999969
vt 0.937500 0.500000
vt 0.937500 0.500000
vt 0.937500 0.999969
vt 0.906250 0.999969
vt 0.906250 0.500000
vt 0.906250 0.500000
vt 0.906250 0.999969
vt 0.875000 0.999969
vt 0.875000 0.500000
vt 0.875000 0.500000
vt 0.875000 0.999969
vt 0.843750 0.999969
vt 0.843750 0.500000
vt 0.843750 0.500000
vt 0.843750 0.999969
vt 0.812500 0.999969
vt 0.812500 0.500000
vt 0.812500 0.500000
vt 0.812500 0.999969
vt 0.781250 0.999969
vt 0.781250 0.500000
vt 0.781250 0.500000
vt 0.781250 0.999969
vt 0.750000 0.999969
vt 0.750000 0.500000
vt 0.750000 0.500000
vt 0.750000 0.999969
vt 0.718750 0.999969
vt 0.718750 0.500000
vt 0.718750 0.500000
vt 0.718750 0.999969
vt 0.687500 0.999969
vt 0.687500 0.500000
vt 0.687500 0.500000
vt 0.687500 0.999969
vt 0.656250 0.999969
vt 0.656250 0.500000
vt 0.656250 0.500000
vt 0.656250 0.999969
vt 0.625000 0.999969
vt 0.625000 0.500000
vt 0.625000 0.500000
vt 0.625000 0.999969
vt 0.593750 0.999969
vt 0.593750 0.500000
vt 0.593750 0.500000
vt 0.593750 0.999969
vt 0.562500 0.999969
vt 0.562500 0.500000
vt 0.562500 0.500000
vt 0.562500 0.999969
vt 0.531250 0.999969
vt 0.531250 0.500000
vt 0.531250 0.500000
vt 0.531250 0.999969
vt 0.500000 0.999969
vt 0.500000 0.500000
vt 0.500000 0.500000
vt 0.500000 0.999969
vt 0.468750 0.999969
vt 0.468750 0.500000
vt 0.468750 0.500000
vt 0.468750 0.999969
vt 0.437500 0.999969
vt 0.437500 0.500000
vt 0.437500 0.500000
vt 0.437500 0.999969
vt 0.406250 0.999969
vt 0.406250 0.500000
vt 0.406250 0.500000
vt 0.406250 0.999969
vt 0.375000 0.999969
vt 0.375000 0.500000
vt 0.375000 0.500000
vt 0.375000 0.999969
vt 0.343750 0.999969
vt 0.343750 0.500000
vt 0.343750 0.500000
vt 0.343750 0.999969
vt 0.312500 0.999969
vt 0.312500 0.500000
vt 0.312500 0.500000
vt 0.312500 0.999969
vt 0.281250 0.999969
vt 0.281250 0.500000
vt 0.281250 0.500000
vt 0.281250 0.999969
vt 0.250000 0.999969
vt 0.250000 0.500000
vt 0.250000 0.500000
vt 0.250000 0.999969
vt 0.218750 0.999969
vt 0.218750 0.500000
vt 0.218750 0.500000
vt 0.218750 0.999969
vt 0.187500 0.999969
vt 0.187500 0.500000
vt 0.187500 0.500000
vt 0.187500 0.999969
vt 0.156250 0.999969
vt 0.156250 0.500000
vt 0.156250 0.500000
vt 0.156250 0.999969
vt 0.125000 0.999969
vt 0.125000 0.500000
vt 0.125000 0.500000
vt 0.125000 0.999969
vt 0.093750 0.999969
vt 0.093750 0.500000
vt 0.093750 0.500000
vt 0.093750 0.999969
vt 0.062500 0.999969
vt 0.062500 0.500000
vt 0.062500 0.500000
vt 0.062500 0.999969
vt 0.031250 0.999969
vt 0.031250 0.500000
vt 0.031250 0.500000
vt 0.031250 0.999969
vt 0.000031 0.999969
vt 0.000031 0.500000
vt 1.000000 0.500000
vt 1.000000 0.999969
vt 0.968750 0.999969
vt 0.968750 0.500000
vt 0.968750 0.500000
vt 0.968750 0.999969
vt 0.937500 0.999969
vt 0.937500 0.500000
vt 0.937500 0.500000
vt 0.937500 0.999969
vt 0.906250 0.999969
vt 0.906250 0.500000
vt 0.906250 0.500000
vt 0.906250 0.999969
vt 0.875000 0.999969
vt 0.875000 0.500000
vt 0.875000 0.500000
vt 0.875000 0.999969
vt 0.843750 0.999969
vt 0.843750 0.500000
vt 0.843750 0.500000
vt 0.843750 0.999969
vt 0.812500 0.999969
vt 0.812500 0.500000
vt 0.812500 0.500000
vt 0.812500 0.999969
vt 0.781250 0.999969
vt 0.781250 0.500000
vt 0.781250 0.500000
vt 0.781250 0.999969
vt 0.750000 0.999969
vt 0.750000 0.500000
vt 0.750000 0.500000
vt 0.750000 0.999969
vt 0.718750 0.999969
vt 0.718750 0.500000
vt 0.718750 0.500000
vt 0.718750 0.999969
vt 0.687500 0.999969
vt 0.687500 0.500000
vt 0.687500 0.500000
vt 0.687500 0.999969
vt 0.656250 0.999969
vt 0.656250 0.500000
vt 0.656250 0.500000
vt 0.656250 0.999969
vt 0.625000 0.999969
vt 0.625000 0.500000
vt 0.625000 0.500000
vt 0.625000 0.999969
vt 0.593750 0.999969
vt 0.593750 0.500000
vt 0.593750 0.500000
vt 0.593750 0.999969
vt 0.562500 0.999969
vt 0.562500 0.500000
vt 0.562500 0.500000
vt 0.562500 0.999969
vt 0.531250 0.999969
vt 0.531250 0.500000
vt 0.531250 0.500000
vt 0.531250 0.999969
vt 0.500000 0.999969
vt 0.500000 0.500000
vt 0.500000 0.500000
vt 0.500000 0.999969
vt 0.468750 0.999969
vt 0.468750 0.500000
vt 0.468750 0.500000
vt 0.468750 0.999969
vt 0.437500 0.999969
vt 0.437500 0.500000
vt 0.437500 0.500000
vt 0.437500 0.999969
vt 0.406250 0.999969
vt 0.406250 0.500000
vt 0.406250 0.500000
vt 0.406250 0.999969
vt 0.375000 0.999969
vt 0.375000 0.500000
vt 0.375000 0.500000
vt 0.375000 0.999969
vt 0.343750 0.999969
vt 0.343750 0.500000
vt 0.343750 0.500000
vt 0.343750 0.999969
vt 0.312500 0.999969
vt 0.312500 0.500000
vt 0.312500 0.500000
vt 0.312500 0.999969
vt 0.281250 0.999969
vt 0.281250 0.500000
vt 0.281250 0.500000
vt 0.281250 0.999969
vt 0.250000 0.999969
vt 0.250000 0.500000
vt 0.250000 0.500000
vt 0.250000 0.999969
vt 0.218750 0.999969
vt 0.218750 0.500000
vt 0.218750 0.500000
vt 0.218750 0.999969
vt 0.187500 0.999969
vt 0.187500 0.500000
vt 0.187500 0.500000
vt 0.187500 0.999969
vt 0.156250 0.999969
vt 0.156250 0.500000
vt 0.156250 0.500000
vt 0.156250 0.999969
vt 0.125000 0.999969
vt 0.125000 0.500000
vt 0.125000 0.500000
vt 0.125000 0.999969
vt 0.093750 0.999969
vt 0.093750 0.500000
vt 0.093750 0.500000
vt 0.093750 0.999969
vt 0.062500 0.999969
vt 0.062500 0.500000
vt 0.062500 0.500000
vt 0.062500 0.999969
vt 0.031250 0.999969
vt 0.031250 0.500000
vt 0.031250 0.500000
vt 0.031250 0.999969
vt 0.000031 0.999969
vt 0.000031 0.500000
vt 1.000000 0.500000
vt 1.000000 0.999969
vt 0.968750 0.999969
vt 0.968750 0.500000
vt 0.968750 0.500000
vt 0.968750 0.999969
vt 0.937500 0.999969
vt 0.937500 0.500000
vt 0.937500 0.500000
vt 0.937500 0.999969
vt 0.906250 0.999969
vt 0.906250 0.500000
vt 0.906250 0.500000
vt 0.906250 0.999969
vt 0.875000 0.999969
vt 0.875000 0.500000
vt 0.875000 0.500000
vt 0.875000 0.999969
vt 0.843750 0.999969
vt 0.843750 0.500000
vt 0.843750 0.500000
vt 0.843750 0.999969
vt 0.812500 0.999969
vt 0.812500 0.500000
vt 0.812500 0.500000
vt 0.812500 0.999969
vt 0.781250 0.999969
vt 0.781250 0.500000
vt 0.781250 0.500000
vt 0.781250 0.999969
vt 0.750000 0.999969
vt 0.750000 0.500000
vt 0.750000 0.500000
vt 0.750000 0.999969
vt 0.718750 0.999969
vt 0.718750 0.500000
vt 0.718750 0.500000
vt 0.718750 0.999969
vt 0.687500 0.999969
vt 0.687500 0.500000
vt 0.687500 0.500000
vt 0.687500 0.999969
vt 0.656250 0.999969
vt 0.656250 0.500000
vt 0.656250 0.500000
vt 0.656250 0.999969
vt 0.625000 0.999969
vt 0.625000 0.500000
vt 0.625000 0.500000
vt 0.625000 0.999969
vt 0.593750 0.999969
vt 0.593750 0.500000
vt 0.593750 0.500000
vt 0.593750 0.999969
vt 0.562500 0.999969
vt 0.562500 0.500000
vt 0.562500 0.500000
vt 0.562500 0.999969
vt 0.531250 0.999969
vt 0.531250 0.500000
vt 0.531250 0.500000
vt 0.531250 0.999969
vt 0.500000 0.999969
vt 0.500000 0.500000
vt 0.500000 0.500000
vt 0.500000 0.999969
vt 0.468750 0.999969
vt 0.468750 0.500000
vt 0.468750 0.500000
vt 0.468750 0.999969
vt 0.437500 0.999969
vt 0.437500 0.500000
vt 0.437500 0.500000
vt 0.437500 0.999969
vt 0.406250 0.999969
vt 0.406250 0.500000
vt 0.406250 0.500000
vt 0.406250 0.999969
vt 0.375000 0.999969
vt 0.375000 0.500000
vt 0.375000 0.500000
vt 0.375000 0.999969
vt 0.343750 0.999969
vt 0.343750 0.500000
vt 0.343750 0.500000
vt 0.343750 0.999969
vt 0.312500 0.999969
vt 0.312500 0.500000
vt 0.312500 0.500000
vt 0.312500 0.999969
vt 0.281250 0.999969
vt 0.281250 0.500000
vt 0.281250 0.500000
vt 0.281250 0.999969
vt 0.250000 0.999969
vt 0.250000 0.500000
vt 0.250000 0.500000
vt 0.250000 0.999969
vt 0.218750 0.999969
vt 0.218750 0.500000
vt 0.218750 0.500000
vt 0.218750 0.999969
vt 0.187500 0.999969
vt 0.187500 0.500000
vt 0.187500 0.500000
vt 0.187500 0.999969
vt 0.156250 0.999969
vt 0.156250 0.500000
vt 0.156250 0.500000
vt 0.156250 0.999969
vt 0.125000 0.999969
vt 0.125000 0.500000
vt 0.125000 0.500000
vt 0.125000 0.999969
vt 0.093750 0.999969
vt 0.093750 0.500000
vt 0.093750 0.500000
vt 0.093750 0.999969
vt 0.062500 0.999969
vt 0.062500 0.500000
vt 0.062500 0.500000
vt 0.062500 0.999969
vt 0.031250 0.999969
vt 0.031250 0.500000
vt 0.031250 0.500000
vt 0.031250 0.999969
vt 0.000031 0.999969
vt 0.000031 0.500000
vt 1.000000 0.500000
vt 1.000000 0.999969
vt 0.968750 0.999969
vt 0.968750 0.500000
vt 0.968750 0.500000
vt 0.968750 0.999969
vt 0.937500 0.999969
vt 0.937500 0.500000
vt 0.937500 0.500000
vt 0.937500 0.999969
vt 0.906250 0.999969
vt 0.906250 0.500000
vt 0.906250 0.500000
vt 0.906250 0.999969
vt 0.875000 0.999969
vt 0.875000 0.500000
vt 0.875000 0.500000
vt 0.875000 0.999969
vt 0.843750 0.999969
vt 0.843750 0.500000
vt 0.843750 0.500000
vt 0.843750 0.999969
vt 0.812500 0.999969
vt 0.812500 0.500000
vt 0.812500 0.500000
vt 0.812500 0.999969
vt 0.781250 0.999969
vt 0.781250 0.500000
vt 0.781250 0.500000
vt 0.781250 0.999969
vt 0.750000 0.999969
vt 0.750000 0.500000
vt 0.750000 0.500000
vt 0.750000 0.999969
vt 0.718750 0.999969
vt 0.718750 0.500000
vt 0.718750 0.500000
vt 0.718750 0.999969
vt 0.687500 0.999969
vt 0.687500 0.500000
vt 0.687500 0.500000
vt 0.687500 0.999969
vt 0.656250 0.999969
vt 0.656250 0.500000
vt 0.656250 0.500000
vt 0.656250 0.999969
vt 0.625000 0.999969
vt 0.625000 0.500000
vt 0.625000 0.500000
vt 0.625000 0.999969
vt 0.593750 0.999969
vt 0.593750 0.500000
vt 0.593750 0.500000
vt 0.593750 0.999969
vt 0.562500 0.999969
vt 0.562500 0.500000
vt 0.562500 0.500000
vt 0.562500 0.999969
vt 0.531250 0.999969
vt 0.531250 0.500000
vt 0.531250 0.500000
vt 0.531250 0.999969
vt 0.500000 0.999969
vt 0.500000 0.500000
vt 0.500000 0.500000
vt 0.500000 0.999969
vt 0.468750 0.999969
vt 0.468750 0.500000
vt 0.468750 0.500000
vt 0.468750 0.999969
vt 0.437500 0.999969
vt 0.437500 0.500000
vt 0.437500 0.500000
vt 0.437500 0.999969
vt 0.406250 0.999969
vt 0.406250 0.500000
vt 0.406250 0.500000
vt 0.406250 0.999969
vt 0.375000 0.999969
vt 0.375000 0.500000
vt 0.375000 0.500000
vt 0.375000 0.999969
vt 0.343750 0.999969
vt 0.343750 0.500000
vt 0.343750 0.500000
vt 0.343750 0.999969
vt 0.312500 0.999969
vt 0.312500 0.500000
vt 0.312500 0.500000
vt 0.312500 0.999969
vt 0.281250 0.999969
vt 0.281250 0.500000
vt 0.281250 0.500000
vt 0.281250 0.999969
vt 0.250000 0.999969
vt 0.250000 0.500000
vt 0.250000 0.500000
vt 0.250000 0.999969
vt 0.218750 0.999969
vt 0.218750 0.500000
vt 0.218750 0.500000
vt 0.218750 0.999969
vt 0.187500 0.999969
vt 0.187500 0.500000
vt 0.187500 0.500000
vt 0.187500 0.999969
vt 0.156250 0.999969
vt 0.156250 0.500000
vt 0.156250 0.500000
vt 0.156250 0.999969
vt 0.125000 0.999969
vt 0.125000 0.500000
vt 0.125000 0.500000
vt 0.125000 0.999969
vt 0.093750 0.999969
vt 0.093750 0.500000
vt 0.093750 0.500000
vt 0.093750 0.999969
vt 0.062500 0.999969
vt 0.062500 0.500000
vt 0.062500 0.500000
vt 0.062500 0.999969
vt 0.031250 0.999969
vt 0.031250 0.500000
vt 0.031250 0.500000
vt 0.031250 0.999969
vt 0.000031 0.999969
vt 0.000031 0.500000
vt 1.000000 0.500000
vt 1.000000 0.999969
vt 0.968750 0.999969
vt 0.968750 0.500000
vt 0.968750 0.500000
vt 0.968750 0.999969
vt 0.937500 0.999969
vt 0.937500 0.500000
vt 0.937500 0.500000
vt 0.937500 0.999969
vt 0.906250 0.999969
vt 0.906250 0.500000
vt 0.906250 0.500000
vt 0.906250 0.999969
vt 0.875000 0.999969
vt 0.875000 0.500000
vt 0.875000 0.500000
vt 0.875000 0.999969
vt 0.843750 0.999969
vt 0.843750 0.500000
vt 0.843750 0.500000
vt 0.843750 0.999969
vt 0.812500 0.999969
vt 0.812500 0.500000
vt 0.812500 0.500000
vt 0.812500 0.999969
vt 0.781250 0.999969
vt 0.781250 0.500000
vt 0.781250 0.500000
vt 0.781250 0.999969
vt 0.750000 0.999969
vt 0.750000 0.500000
vt 0.750000 0.500000
vt 0.750000 0.999969
vt 0.718750 0.999969
vt 0.718750 0.500000
vt 0.718750 0.500000
vt 0.718750 0.999969
vt 0.687500 0.999969
vt 0.687500 0.500000
vt 0.687500 0.500000
vt 0.687500 0.999969
vt 0.656250 0.999969
vt 0.656250 0.500000
vt 0.656250 0.500000
vt 0.656250 0.999969
vt 0.625000 0.999969
vt 0.625000 0.500000
vt 0.625000 0.500000
vt 0.625000 0.999969
vt 0.593750 0.999969
vt 0.593750 0.500000
vt 0.593750 0.500000
vt 0.593750 0.999969
vt 0.562500 0.999969
vt 0.562500 0.500000
vt 0.562500 0.500000
vt 0.562500 0.999969
vt 0.531250 0.999969
vt 0.531250 0.500000
vt 0.531250 0.500000
vt 0.531250 0.999969
vt 0.500000 0.999969
vt 0.500000 0.500000
vt 0.500000 0.500000
vt 0.500000 0.999969
vt 0.468750 0.999969
vt 0.468750 0.500000
vt 0.468750 0.500000
vt 0.468750 0.999969
vt 0.437500 0.999969
vt 0.437500 0.500000
vt 0.437500 0.500000
vt 0.437500 0.999969
vt 0.406250 0.999969
vt 0.406250 0.500000
vt 0.406250 0.500000
vt 0.406250 0.999969
vt 0.375000 0.999969
vt 0.375000 0.500000
vt 0.375000 0.500000
vt 0.375000 0.999969
vt 0.343750 0.999969
vt 0.343750 0.500000
vt 0.343750 0.500000
vt 0.343750 0.999969
vt 0.312500 0.999969
vt 0.312500 0.500000
vt 0.312500 0.500000
vt 0.312500 0.999969
vt 0.281250 0.999969
vt 0.281250 0.500000
vt 0.281250 0.500000
vt 0.281250 0.999969
vt 0.250000 0.999969
vt 0.250000 0.500000
vt 0.250000 0.500000
vt 0.250000 0.999969
vt 0.218750 0.999969
vt 0.218750 0.500000
vt 0.218750 0.500000
vt 0.218750 0.999969
vt 0.187500 0.999969
vt 0.187500 0.500000
vt 0.187500 0.500000
vt 0.187500 0.999969
vt 0.156250 0.999969
vt 0.156250 0.500000
vt 0.156250 0.500000
vt 0.156250 0.999969
vt 0.125000 0.999969
vt 0.125000 0.500000
vt 0.125000 0.500000
vt 0.125000 0.999969
vt 0.093750 0.999969
vt 0.093750 0.500000
vt 0.093750 0.500000
vt 0.093750 0.999969
vt 0.062500 0.999969
vt 0.062500 0.500000
vt 0.062500 0.500000
vt 0.062500 0.999969
vt 0.031250 0.999969
vt 0.031250 0.500000
vt 0.031250 0.500000
vt 0.031250 0.999969
vt 0.000031 0.999969
vt 0.000031 0.500000
vt 1.000000 0.500000
vt 1.000000 0.999969
vt 0.968750 0.999969
vt 0.968750 0.500000
vt 0.968750 0.500000
vt 0.968750 0.999969
vt 0.937500 0.999969
vt 0.937500 0.500000
vt 0.937500 0.500000
vt 0.937500 0.999969
vt 0.906250 0.999969
vt 0.906250 0.500000
vt 0.906250 0.500000
vt 0.906250 0.999969
vt 0.875000 0.999969
vt 0.875000 0.500000
vt 0.875000 0.500000
vt 0.875000 0.999969
vt 0.843750 0.999969
vt 0.843750 0.500000
vt 0.843750 0.500000
vt 0.843750 0.999969
vt 0.812500 0.999969
vt 0.812500 0.500000
vt 0.812500 0.500000
vt 0.812500 0.999969
vt 0.781250 0.999969
vt 0.781250 0.500000
vt 0.781250 0.500000
vt 0.781250 0.999969
vt 0.750000 0.999969
vt 0.750000 0.500000
vt 0.750000 0.500000
vt 0.750000 0.999969
vt 0.718750 0.999969
vt 0.718750 0.500000
vt 0.718750 0.500000
vt 0.718750 0.999969
vt 0.687500 0.999969
vt 0.687500 0.500000
vt 0.687500 0.500000
vt 0.687500 0.999969
vt 0.656250 0.999969
vt 0.656250 0.500000
vt 0.656250 0.500000
vt 0.656250 0.999969
vt 0.625000 0.999969
vt 0.625000 0.500000
vt 0.625000 0.500000
vt 0.625000 0.999969
vt 0.593750 0.999969
vt 0.593750 0.500000
vt 0.593750 0.500000
vt 0.593750 0.999969
vt 0.562500 0.999969
vt 0.562500 0.500000
vt 0.562500 0.500000
vt 0.562500 0.999969
vt 0.531250 0.999969
vt 0.531250 0.500000
vt 0.531250 0.500000
vt 0.531250 0.999969
vt 0.500000 0.999969
vt 0.500000 0.500000
vt 0.500000 0.500000
vt 0.500000 0.999969
vt 0.468750 0.999969
vt 0.468750 0.500000
vt 0.468750 0.500000
vt 0.468750 0.999969
vt 0.437500 0.999969
vt 0.437500 0.500000
vt 0.437500 0.500000
vt 0.437500 0.999969
vt 0.406250 0.999969
vt 0.406250 0.500000
vt 0.406250 0.500000
vt 0.406250 0.999969
vt 0.375000 0.999969
vt 0.375000 0.500000
vt 0.375000 0.500000
vt 0.375000 0.999969
vt 0.343750 0.999969
vt 0.343750 0.500000
vt 0.343750 0.500000
vt 0.343750 0.999969
vt 0.312500 0.999969
vt 0.312500 0.500000
vt 0.312500 0.500000
vt 0.312500 0.999969
vt 0.281250 0.999969
vt 0.281250 0.500000
vt 0.281250 0.500000
vt 0.281250 0.999969
vt 0.250000 0.999969
vt 0.250000 0.500000
vt 0.250000 0.500000
vt 0.250000 0.999969
vt 0.218750 0.999969
vt 0.218750 0.500000
vt 0.218750 0.500000
vt 0.218750 0.999969
vt 0.187500 0.999969
vt 0.187500 0.500000
vt 0.187500 0.500000
vt 0.187500 0.999969
vt 0.156250 0.999969
vt 0.156250 0.500000
vt 0.156250 0.500000
vt 0.156250 0.999969
vt 0.125000 0.999969
vt 0.125000 0.500000
vt 0.125000 0.500000
vt 0.125000 0.999969
vt 0.093750 0.999969
vt 0.093750 0.500000
vt 0.093750 0.500000
vt 0.093750 0.999969
vt 0.062500 0.999969
vt 0.062500 0.500000
vt 0.062500 0.500000
vt 0.062500 0.999969
vt 0.031250 0.999969
vt 0.031250 0.500000
vt 0.031250 0.500000
vt 0.031250 0.999969
vt 0.000031 0.999969
vt 0.000031 0.500000
vt 1.000000 0.500000
vt 1.000000 0.999969
vt 0.968750 0.999969
vt 0.968750 0.500000
vt 0.968750 0.500000
vt 0.968750 0.999969
vt 0.937500 0.999969
vt 0.937500 0.500000
vt 0.937500 0.500000
vt 0.937500 0.999969
vt 0.906250 0.999969
vt 0.906250 0.500000
vt 0.906250 0.500000
vt 0.906250 0.999969
vt 0.875000 0.999969
vt 0.875000 0.500000
vt 0.875000 0.500000
vt 0.875000 0.999969
vt 0.843750 0.999969
vt 0.843750 0.500000
vt 0.843750 0.500000
vt 0.843750 0.999969
vt 0.812500 0.999969
vt 0.812500 0.500000
vt 0.812500 0.500000
vt 0.812500 0.999969
vt 0.781250 0.999969
vt 0.781250 0.500000
vt 0.781250 0.500000
vt 0.781250 0.999969
vt 0.750000 0.999969
vt 0.750000 0.500000
vt 0.750000 0.500000
vt 0.750000 0.999969
vt 0.718750 0.999969
vt 0.718750 0.500000
vt 0.718750 0.500000
vt 0.718750 0.999969
vt 0.687500 0.999969
vt 0.687500 0.500000
vt 0.687500 0.500000
vt 0.687500 0.999969
vt 0.656250 0.999969
vt 0.656250 0.500000
vt 0.656250 0.500000
vt 0.656250 0.999969
vt 0.625000 0.999969
vt 0.625000 0.500000
vt 0.625000 0.500000
vt 0.625000 0.999969
vt 0.593750 0.999969
vt 0.593750 0.500000
vt 0.593750 0.500000
vt 0.593750 0.999969
vt 0.562500 0.999969
vt 0.562500 0.500000
vt 0.562500 0.500000
vt 0.562500 0.999969
vt 0.531250 0.999969
vt 0.531250 0.500000
vt 0.531250 0.500000
vt 0.531250 0.999969
vt 0.500000 0.999969
vt 0.500000 0.500000
vt 0.500000 0.500000
vt 0.500000 0.999969
vt 0.468750 0.999969
vt 0.468750 0.500000
vt 0.468750 0.500000
vt 0.468750 0.999969
vt 0.437500 0.999969
vt 0.437500 0.500000
vt 0.437500 0.500000
vt 0.437500 0.999969
vt 0.406250 0.999969
vt 0.406250 0.500000
vt 0.406250 0.500000
vt 0.406250 0.999969
vt 0.375000 0.999969
vt 0.375000 0.500000
vt 0.375000 0.500000
vt 0.375000 0.999969
vt 0.343750 0.999969
vt 0.343750 0.500000
vt 0.343750 0.500000
vt 0.343750 0.999969
vt 0.312500 0.999969
vt 0.312500 0.500000
vt 0.312500 0.500000
vt 0.312500 0.999969
vt 0.281250 0.999969
vt 0.281250 0.500000
vt 0.281250 0.500000
vt 0.281250 0.999969
vt 0.250000 0.999969
vt 0.250000 0.500000
vt 0.250000 0.500000
vt 0.250000 0.999969
vt 0.218750 0.999969
vt 0.218750 0.500000
vt 0.218750 0.500000
vt 0.218750 0.999969
vt 0.187500 0.999969
vt 0.187500 0.500000
vt 0.187500 0.500000
vt 0.187500 0.999969
vt 0.156250 0.999969
vt 0.156250 0.500000
vt 0.156250 0.500000
vt 0.156250 0.999969
vt 0.125000 0.999969
vt 0.125000 0.500000
vt 0.125000 0.500000
vt 0.125000 0.999969
vt 0.093750 0.999969
vt 0.093750 0.500000
vt 0.093750 0.500000
vt 0.093750 0.999969
vt 0.062500 0.999969
vt 0.062500 0.500000
vt 0.062500 0.500000
vt 0.062500 0.999969
vt 0.031250 0.999969
vt 0.031250 0.500000
vt 0.031250 0.500000
vt 0.031250 0.999969
vt 0.000031 0.999969
vt 0.000031 0.500000
vt 1.000000 0.500000
vt 1.000000 0.999969
vt 0.968750 0.999969
vt 0.968750 0.500000
vt 0.968750 0.500000
vt 0.968750 0.999969
vt 0.937500 0.999969
vt 0.937500 0.500000
vt 0.937500 0.500000
vt 0.937500 0.999969
vt 0.906250 0.999969
vt 0.906250 0.500000
vt 0.906250 0.500000
vt 0.906250 0.999969
vt 0.875000 0.999969
vt 0.875000 0.500000
vt 0.875000 0.500000
vt 0.875000 0.999969
vt 0.843750 0.999969
vt 0.843750 0.500000
vt 0.843750 0.500000
vt 0.843750 0.999969
vt 0.812500 0.999969
vt 0.812500 0.500000
vt 0.812500 0.500000
vt 0.812500 0.999969
vt 0.781250 0.999969
vt 0.781250 0.500000
vt 0.781250 0.500000
vt 0.781250 0.999969
vt 0.750000 0.999969
vt 0.750000 0.500000
vt 0.750000 0.500000
vt 0.750000 0.999969
vt 0.718750 0.999969
vt 0.718750 0.500000
vt 0.718750 0.500000
vt 0.718750 0.999969
vt 0.687500 0.999969
vt 0.687500 0.500000
vt 0.687500 0.500000
vt 0.687500 0.999969
vt 0.656250 0.999969
vt 0.656250 0.500000
vt 0.656250 0.500000
vt 0.656250 0.999969
vt 0.625000 0.999969
vt 0.625000 0.500000
vt 0.625000 0.500000
vt 0.625000 0.999969
vt 0.593750 0.999969
vt 0.593750 0.500000
vt 0.593750 0.500000
vt 0.593750 0.999969
vt 0.562500 0.999969
vt 0.562500 0.500000
vt 0.562500 0.500000
vt 0.562500 0.999969
vt 0.531250 0.999969
vt 0.531250 0.500000
vt 0.531250 0.500000
vt 0.531250 0.999969
vt 0.500000 0.999969
vt 0.500000 0.500000
vt 0.500000 0.500000
vt 0.500000 0.999969
vt 0.468750 0.999969
vt 0.468750 0.500000
vt 0.468750 0.500000
vt 0.468750 0.999969
vt 0.437500 0.999969
vt 0.437500 0.500000
vt 0.437500 0.500000
vt 0.437500 0.999969
vt 0.406250 0.999969
vt 0.406250 0.500000
vt 0.406250 0.500000
vt 0.406250 0.999969
vt 0.375000 0.999969
vt 0.375000 0.500000
vt 0.375000 0.500000
vt 0.375000 0.999969
vt 0.343750 0.999969
vt 0.343750 0.500000
vt 0.343750 0.500000
vt 0.343750 0.999969
vt 0.312500 0.999969
vt 0.312500 0.500000
vt 0.312500 0.500000
vt 0.312500 0.999969
vt 0.281250 0.999969
vt 0.281250 0.500000
vt 0.281250 0.500000
vt 0.281250 0.999969
vt 0.250000 0.999969
vt 0.250000 0.500000
vt 0.250000 0.500000
vt 0.250000 0.999969
vt 0.218750 0.999969
vt 0.218750 0.500000
vt 0.218750 0.500000
vt 0.218750 0.999969
vt 0.187500 0.999969
vt 0.187500 0.500000
vt 0.187500 0.500000
vt 0.187500 0.999969
vt 0.156250 0.999969
vt 0.156250 0.500000
vt 0.156250 0.500000
vt 0.156250 0.999969
vt 0.125000 0.999969
vt 0.125000 0.500000
vt 0.125000 0.500000
vt 0.125000 0.999969
vt 0.093750 0.999969
vt 0.093750 0.500000
vt 0.093750 0.500000
vt 0.093750 0.999969
vt 0.062500 0.999969
vt 0.062500 0.500000
vt 0.062500 0.500000
vt 0.062500 0.999969
vt 0.031250 0.999969
vt 0.031250 0.500000
vt 0.031250 0.500000
vt 0.031250 0.999969
vt 0.000031 0.999969
vt 0.000031 0.500000
vt 0.250000 0.490234
vt 0.203125 0.485352
vt 0.158203 0.471680
vt 0.116638 0.449707
vt 0.080322 0.419922
vt 0.341797 0.471680
vt 0.296875 0.485352
vt 0.028275 0.341797
vt 0.050446 0.383301
vt 0.014610 0.296875
vt 0.010002 0.250000
vt 0.014610 0.203125
vt 0.028275 0.158203
vt 0.050446 0.116699
vt 0.080322 0.080078
vt 0.158203 0.028320
vt 0.116638 0.050293
vt 0.419678 0.419922
vt 0.383301 0.449707
vt 0.203125 0.014648
vt 0.250000 0.009766
vt 0.471680 0.341797
vt 0.449463 0.383301
vt 0.471680 0.158203
vt 0.341797 0.028320
vt 0.296875 0.014648
vt 0.489990 0.250000
vt 0.485352 0.296875
vt 0.485352 0.203125
vt 0.419678 0.080078
vt 0.383301 0.050293
vt 0.449463 0.116699
vt 0.796875 0.485352
vt 0.841797 0.471680
vt 0.883301 0.449707
vt 0.919922 0.419922
vt 0.949707 0.383301
vt 0.703125 0.485352
vt 0.750000 0.490234
vt 0.985352 0.296875
vt 0.971680 0.341797
vt 0.990234 0.250000
vt 0.985352 0.203125
vt 0.971680 0.158203
vt 0.949707 0.116699
vt 0.919922 0.080078
vt 0.883301 0.050293
vt 0.796875 0.014648
vt 0.841797 0.028320
vt 0.616699 0.449707
vt 0.658203 0.471680
vt 0.750000 0.009766
vt 0.703125 0.014648
vt 0.550293 0.383301
vt 0.580078 0.419922
vt 0.514648 0.203125
vt 0.616699 0.050293
vt 0.658203 0.028320
vt 0.514648 0.296875
vt 0.528320 0.341797
vt 0.509766 0.250000
vt 0.550293 0.116699
vt 0.580078 0.080078
vt 0.528320 0.158203
vt 0.250000 0.490234
vt 0.203125 0.485352
vt 0.158203 0.471680
vt 0.116638 0.449707
vt 0.080322 0.419922
vt 0.341797 0.471680
vt 0.296875 0.485352
vt 0.028275 0.341797
vt 0.050446 0.383301
vt 0.014610 0.296875
vt 0.010002 0.250000
vt 0.014610 0.203125
vt 0.028275 0.158203
vt 0.050446 0.116699
vt 0.080322 0.080078
vt 0.158203 0.028320
vt 0.116638 0.050293
vt 0.419678 0.419922
vt 0.383301 0.449707
vt 0.203125 0.014648
vt 0.250000 0.009766
vt 0.471680 0.341797
vt 0.449463 0.383301
vt 0.471680 0.158203
vt 0.341797 0.028320
vt 0.296875 0.014648
vt 0.489990 0.250000
vt 0.485352 0.296875
vt 0.485352 0.203125
vt 0.419678 0.080078
vt 0.383301 0.050293
vt 0.449463 0.116699
vt 0.796875 0.485352
vt 0.841797 0.471680
vt 0.883301 0.449707
vt 0.919922 0.419922
vt 0.949707 0.383301
vt 0.703125 0.485352
vt 0.750000 0.490234
vt 0.985352 0.296875
vt 0.971680 0.341797
vt 0.990234 0.250000
vt 0.985352 0.203125
vt 0.971680 0.158203
vt 0.949707 0.116699
vt 0.919922 0.080078
vt 0.883301 0.050293
vt 0.796875 0.014648
vt 0.841797 0.028320
vt 0.616699 0.449707
vt 0.658203 0.471680
vt 0.750000 0.009766
vt 0.703125 0.014648
vt 0.550293 0.383301
vt 0.580078 0.419922
vt 0.514648 0.203125
vt 0.616699 0.050293
vt 0.658203 0.028320
vt 0.514648 0.296875
vt 0.528320 0.341797
vt 0.509766 0.250000
vt 0.550293 0.116699
vt 0.580078 0.080078
vt 0.528320 0.158203
vt 0.250000 0.490234
vt 0.203125 0.485352
vt 0.158203 0.471680
vt 0.116638 0.449707
vt 0.080322 0.419922
vt 0.341797 0.471680
vt 0.296875 0.485352
vt 0.028275 0.341797
vt 0.050446 0.383301
vt 0.014610 0.296875
vt 0.010002 0.250000
vt 0.014610 0.203125
vt 0.028275 0.158203
vt 0.050446 0.116699
vt 0.080322 0.080078
vt 0.158203 0.028320
vt 0.116638 0.050293
vt 0.419678 0.419922
vt 0.383301 0.449707
vt 0.203125 0.014648
vt 0.250000 0.009766
vt 0.471680 0.341797
vt 0.449463 0.383301
vt 0.471680 0.158203
vt 0.341797 0.028320
vt 0.296875 0.014648
vt 0.489990 0.250000
vt 0.485352 0.296875
vt 0.485352 0.203125
vt 0.419678 0.080078
vt 0.383301 0.050293
vt 0.449463 0.116699
vt 0.796875 0.485352
vt 0.841797 0.471680
vt 0.883301 0.449707
vt 0.919922 0.419922
vt 0.949707 0.383301
vt 0.703125 0.485352
vt 0.750000 0.490234
vt 0.985352 0.296875
vt 0.971680 0.341797
vt 0.990234 0.250000
vt 0.985352 0.203125
vt 0.971680 0.158203
vt 0.949707 0.116699
vt 0.919922 0.080078
vt 0.883301 0.050293
vt 0.796875 0.014648
vt 0.841797 0.028320
vt 0.616699 0.449707
vt 0.658203 0.471680
vt 0.750000 0.009766
vt 0.703125 0.014648
vt 0.550293 0.383301
vt 0.580078 0.419922
vt 0.514648 0.203125
vt 0.616699 0.050293
vt 0.658203 0.028320
vt 0.514648 0.296875
vt 0.528320 0.341797
vt 0.509766 0.250000
vt 0.550293 0.116699
vt 0.580078 0.080078
vt 0.528320 0.158203
vt 0.250000 0.490234
vt 0.203125 0.485352
vt 0.158203 0.471680
vt 0.116638 0.449707
vt 0.080322 0.419922
vt 0.341797 0.471680
vt 0.296875 0.485352
vt 0.028275 0.341797
vt 0.050446 0.383301
vt 0.014610 0.296875
vt 0.010002 0.250000
vt 0.014610 0.203125
vt 0.028275 0.158203
vt 0.050446 0.116699
vt 0.080322 0.080078
vt 0.158203 0.028320
vt 0.116638 0.050293
vt 0.419678 0.419922
vt 0.383301 0.449707
vt 0.203125 0.014648
vt 0.250000 0.009766
vt 0.471680 0.341797
vt 0.449463 0.383301
vt 0.471680 0.158203
vt 0.341797 0.028320
vt 0.296875 0.014648
vt 0.489990 0.250000
vt 0.485352 0.296875
vt 0.485352 0.203125
vt 0.419678 0.080078
vt 0.383301 0.050293
vt 0.449463 0.116699
vt 0.796875 0.485352
vt 0.841797 0.471680
vt 0.883301 0.449707
vt 0.919922 0.419922
vt 0.949707 0.383301
vt 0.703125 0.485352
vt 0.750000 0.490234
vt 0.985352 0.296875
vt 0.971680 0.341797
vt 0.990234 0.250000
vt 0.985352 0.203125
vt 0.971680 0.158203
vt 0.949707 0.116699
vt 0.919922 0.080078
vt 0.883301 0.050293
vt 0.796875 0.014648
vt 0.841797 0.028320
vt 0.616699 0.449707
vt 0.658203 0.471680
vt 0.750000 0.009766
vt 0.703125 0.014648
vt 0.550293 0.383301
vt 0.580078 0.419922
vt 0.514648 0.203125
vt 0.616699 0.050293
vt 0.658203 0.028320
vt 0.514648 0.296875
vt 0.528320 0.341797
vt 0.509766 0.250000
vt 0.550293 0.116699
vt 0.580078 0.080078
vt 0.528320 0.158203
vt 0.250000 0.490234
vt 0.203125 0.485352
vt 0.158203 0.471680
vt 0.116638 0.449707
vt 0.080322 0.419922
vt 0.341797 0.471680
vt 0.296875 0.485352
vt 0.028275 0.341797
vt 0.050446 0.383301
vt 0.014610 0.296875
vt 0.010002 0.250000
vt 0.014610 0.203125
vt 0.028275 0.158203
vt 0.050446 0.116699
vt 0.080322 0.080078
vt 0.158203 0.028320
vt 0.116638 0.050293
vt 0.419678 0.419922
vt 0.383301 0.449707
vt 0.203125 0.014648
vt 0.250000 0.009766
vt 0.471680 0.341797
vt 0.449463 0.383301
vt 0.471680 0.158203
vt 0.341797 0.028320
vt 0.296875 0.014648
vt 0.489990 0.250000
vt 0.485352 0.296875
vt 0.485352 0.203125
vt 0.419678 0.080078
vt 0.383301 0.050293
vt 0.449463 0.116699
vt 0.796875 0.485352
vt 0.841797 0.471680
vt 0.883301 0.449707
vt 0.919922 0.419922
vt 0.949707 0.383301
vt 0.703125 0.485352
vt 0.750000 0.490234
vt 0.985352 0.296875
vt 0.971680 0.341797
vt 0.990234 0.250000
vt 0.985352 0.203125
vt 0.971680 0.158203
vt 0.949707 0.116699
vt 0.919922 0.080078
vt 0.883301 0.050293
vt 0.796875 0.014648
vt 0.841797 0.028320
vt 0.616699 0.449707
vt 0.658203 0.471680
vt 0.750000 0.009766
vt 0.703125 0.014648
vt 0.550293 0.383301
vt 0.580078 0.419922
vt 0.514648 0.203125
vt 0.616699 0.050293
vt 0.658203 0.028320
vt 0.514648 0.296875
vt 0.528320 0.341797
vt 0.509766 0.250000
vt 0.550293 0.116699
vt 0.580078 0.080078
vt 0.528320 0.158203
vt 0.250000 0.490234
vt 0.203125 0.485352
vt 0.158203 0.471680
vt 0.116638 0.449707
vt 0.080322 0.419922
vt 0.341797 0.471680
vt 0.296875 0.485352
vt 0.028275 0.341797
vt 0.050446 0.383301
vt 0.014610 0.296875
vt 0.010002 0.250000
vt 0.014610 0.203125
vt 0.028275 0.158203
vt 0.050446 0.116699
vt 0.080322 0.080078
vt 0.158203 0.028320
vt 0.116638 0.050293
vt 0.419678 0.419922
vt 0.383301 0.449707
vt 0.203125 0.014648
vt 0.250000 0.009766
vt 0.471680 0.341797
vt 0.449463 0.383301
vt 0.471680 0.158203
vt 0.341797 0.028320
vt 0.296875 0.014648
vt 0.489990 0.250000
vt 0.485352 0.296875
vt 0.485352 0.203125
vt 0.419678 0.080078
vt 0.383301 0.050293
vt 0.449463 0.116699
vt 0.796875 0.485352
vt 0.841797 0.471680
vt 0.883301 0.449707
vt 0.919922 0.419922
vt 0.949707 0.383301
vt 0.703125 0.485352
vt 0.750000 0.490234
vt 0.985352 0.296875
vt 0.971680 0.341797
vt 0.990234 0.250000
vt 0.985352 0.203125
vt 0.971680 0.158203
vt 0.949707 0.116699
vt 0.919922 0.080078
vt 0.883301 0.050293
vt 0.796875 0.014648
vt 0.841797 0.028320
vt 0.616699 0.449707
vt 0.658203 0.471680
vt 0.750000 0.009766
vt 0.703125 0.014648
vt 0.550293 0.383301
vt 0.580078 0.419922
vt 0.514648 0.203125
vt 0.616699 0.050293
vt 0.658203 0.028320
vt 0.514648 0.296875
vt 0.528320 0.341797
vt 0.509766 0.250000
vt 0.550293 0.116699
vt 0.580078 0.080078
vt 0.528320 0.158203
vt 0.250000 0.490234
vt 0.203125 0.485352
vt 0.158203 0.471680
vt 0.116638 0.449707
vt 0.080322 0.419922
vt 0.341797 0.471680
vt 0.296875 0.485352
vt 0.028275 0.341797
vt 0.050446 0.383301
vt 0.014610 0.296875
vt 0.010002 0.250000
vt 0.014610 0.203125
vt 0.028275 0.158203
vt 0.050446 0.116699
vt 0.080322 0.080078
vt 0.158203 0.028320
vt 0.116638 0.050293
vt 0.419678 0.419922
vt 0.383301 0.449707
vt 0.203125 0.014648
vt 0.250000 0.009766
vt 0.471680 0.341797
vt 0.449463 0.383301
vt 0.471680 0.158203
vt 0.341797 0.028320
vt 0.296875 0.014648
vt 0.489990 0.250000
vt 0.485352 0.296875
vt 0.485352 0.203125
vt 0.419678 0.080078
vt 0.383301 0.050293
vt 0.449463 0.116699
vt 0.796875 0.485352
vt 0.841797 0.471680
vt 0.883301 0.449707
vt 0.919922 0.419922
vt 0.949707 0.383301
vt 0.703125 0.485352
vt 0.750000 0.490234
vt 0.985352 0.296875
vt 0.971680 0.341797
vt 0.990234 0.250000
vt 0.985352 0.203125
vt 0.971680 0.158203
vt 0.949707 0.116699
vt 0.919922 0.080078
vt 0.883301 0.050293
vt 0.796875 0.014648
vt 0.841797 0.028320
vt 0.616699 0.449707
vt 0.658203 0.471680
vt 0.750000 0.009766
vt 0.703125 0.014648
vt 0.550293 0.383301
vt 0.580078 0.419922
vt 0.514648 0.203125
vt 0.616699 0.050293
vt 0.658203 0.028320
vt 0.514648 0.296875
vt 0.528320 0.341797
vt 0.509766 0.250000
vt 0.550293 0.116699
vt 0.580078 0.080078
vt 0.528320 0.158203
vt 0.250000 0.490234
vt 0.203125 0.485352
vt 0.158203 0.471680
vt 0.116638 0.449707
vt 0.080322 0.419922
vt 0.341797 0.471680
vt 0.296875 0.485352
vt 0.028275 0.341797
vt 0.050446 0.383301
vt 0.014610 0.296875
vt 0.010002 0.250000
vt 0.014610 0.203125
vt 0.028275 0.158203
vt 0.050446 0.116699
vt 0.080322 0.080078
vt 0.158203 0.028320
vt 0.116638 0.050293
vt 0.419678 0.419922
vt 0.383301 0.449707
vt 0.203125 0.014648
vt 0.250000 0.009766
vt 0.471680 0.341797
vt 0.449463 0.383301
vt 0.471680 0.158203
vt 0.341797 0.028320
vt 0.296875 0.014648
vt 0.489990 0.250000
vt 0.485352 0.296875
vt 0.485352 0.203125
vt 0.419678 0.080078
vt 0.383301 0.050293
vt 0.449463 0.116699
vt 0.796875 0.485352
vt 0.841797 0.471680
vt 0.883301 0.449707
vt 0.919922 0.419922
vt 0.949707 0.383301
vt 0.703125 0.485352
vt 0.750000 0.490234
vt 0.985352 0.296875
vt 0.971680 0.341797
vt 0.990234 0.250000
vt 0.985352 0.203125
vt 0.971680 0.158203
vt 0.949707 0.116699
vt 0.919922 0.080078
vt 0.883301 0.050293
vt 0.796875 0.014648
vt 0.841797 0.028320
vt 0.616699 0.449707
vt 0.658203 0.471680
vt 0.750000 0.009766
vt 0.703125 0.014648
vt 0.550293 0.383301
vt 0.580078 0.419922
vt 0.514648 0.203125
vt 0.616699 0.050293
vt 0.658203 0.028320
vt 0.514648 0.296875
vt 0.528320 0.341797
vt 0.509766 0.250000
vt 0.550293 0.116699
vt 0.580078 0.080078
vt 0.528320 0.158203
vt 0.250000 0.490234
vt 0.203125 0.485352
vt 0.158203 0.471680
vt 0.116638 0.449707
vt 0.080322 0.419922
vt 0.341797 0.471680
vt 0.296875 0.485352
vt 0.028275 0.341797
vt 0.050446 0.383301
vt 0.014610 0.296875
vt 0.010002 0.250000
vt 0.014610 0.203125
vt 0.028275 0.158203
vt 0.050446 0.116699
vt 0.080322 0.080078
vt 0.158203 0.028320
vt 0.116638 0.050293
vt 0.419678 0.419922
vt 0.383301 0.449707
vt 0.203125 0.014648
vt 0.250000 0.009766
vt 0.471680 0.341797
vt 0.449463 0.383301
vt 0.471680 0.158203
vt 0.341797 0.028320
vt 0.296875 0.014648
vt 0.489990 0.250000
vt 0.485352 0.296875
vt 0.485352 0.203125
vt 0.419678 0.080078
vt 0.383301 0.050293
vt 0.449463 0.116699
vt 0.796875 0.485352
vt 0.841797 0.471680
vt 0.883301 0.449707
vt 0.919922 0.419922
vt 0.949707 0.383301
vt 0.703125 0.485352
vt 0.750000 0.490234
vt 0.985352 0.296875
vt 0.971680 0.341797
vt 0.990234 0.250000
vt 0.985352 0.203125
vt 0.971680 0.158203
vt 0.949707 0.116699
vt 0.919922 0.080078
vt 0.883301 0.050293
vt 0.796875 0.014648
vt 0.841797 0.028320
vt 0.616699 0.449707
vt 0.658203 0.471680
vt 0.750000 0.009766
vt 0.703125 0.014648
vt 0.550293 0.383301
vt 0.580078 0.419922
vt 0.514648 0.203125
vt 0.616699 0.050293
vt 0.658203 0.028320
vt 0.514648 0.296875
vt 0.528320 0.341797
vt 0.509766 0.250000
vt 0.550293 0.116699
vt 0.580078 0.080078
vt 0.528320 0.158203
vt 0.250000 0.490234
vt 0.203125 0.485352
vt 0.158203 0.471680
vt 0.116638 0.449707
vt 0.080322 0.419922
vt 0.341797 0.471680
vt 0.296875 0.485352
vt 0.028275 0.341797
vt 0.050446 0.383301
vt 0.014610 0.296875
vt 0.010002 0.250000
vt 0.014610 0.203125
vt 0.028275 0.158203
vt 0.050446 0.116699
vt 0.080322 0.080078
vt 0.158203 0.028320
vt 0.116638 0.050293
vt 0.419678 0.419922
vt 0.383301 0.449707
vt 0.203125 0.014648
vt 0.250000 0.009766
vt 0.471680 0.341797
vt 0.449463 0.383301
vt 0.471680 0.158203
vt 0.341797 0.028320
vt 0.296875 0.014648
vt 0.489990 0.250000
vt 0.485352 0.296875
vt 0.485352 0.203125
vt 0.419678 0.080078
vt 0.383301 0.050293
vt 0.449463 0.116699
vt 0.796875 0.485352
vt 0.841797 0.471680
vt 0.883301 0.449707
vt 0.919922 0.419922
vt 0.949707 0.383301
vt 0.703125 0.485352
vt 0.750000 0.490234
vt 0.985352 0.296875
vt 0.971680 0.341797
vt 0.990234 0.250000
vt 0.985352 0.203125
vt 0.971680 0.158203
vt 0.949707 0.116699
vt 0.919922 0.080078
vt 0.883301 0.050293
vt 0.796875 0.014648
vt 0.841797 0.028320
vt 0.616699 0.449707
vt 0.658203 0.471680
vt 0.750000 0.009766
vt 0.703125 0.014648
vt 0.550293 0.383301
vt 0.580078 0.419922
vt 0.514648 0.203125
vt 0.616699 0.050293
vt 0.658203 0.028320
vt 0.514648 0.296875
vt 0.528320 0.341797
vt 0.509766 0.250000
vt 0.550293 0.116699
vt 0.580078 0.080078
vt 0.528320 0.158203
vt 0.250000 0.490234
vt 0.203125 0.485352
vt 0.158203 0.471680
vt 0.116638 0.449707
vt 0.080322 0.419922
vt 0.341797 0.471680
vt 0.296875 0.485352
vt 0.028275 0.341797
vt 0.050446 0.383301
vt 0.014610 0.296875
vt 0.010002 0.250000
vt 0.014610 0.203125
vt 0.028275 0.158203
vt 0.050446 0.116699
vt 0.080322 0.080078
vt 0.158203 0.028320
vt 0.116638 0.050293
vt 0.419678 0.419922
vt 0.383301 0.449707
vt 0.203125 0.014648
vt 0.250000 0.009766
vt 0.471680 0.341797
vt 0.449463 0.383301
vt 0.471680 0.158203
vt 0.341797 0.028320
vt 0.296875 0.014648
vt 0.489990 0.250000
vt 0.485352 0.296875
vt 0.485352 0.203125
vt 0.419678 0.080078
vt 0.383301 0.050293
vt 0.449463 0.116699
vt 0.796875 0.485352
vt 0.841797 0.471680
vt 0.883301 0.449707
vt 0.919922 0.419922
vt 0.949707 0.383301
vt 0.703125 0.485352
vt 0.750000 0.490234
vt 0.985352 0.296875
vt 0.971680 0.341797
vt 0.990234 0.250000
vt 0.985352 0.203125
vt 0.971680 0.158203
vt 0.949707 0.116699
vt 0.919922 0.080078
vt 0.883301 0.050293
vt 0.796875 0.014648
vt 0.841797 0.028320
vt 0.616699 0.449707
vt 0.658203 0.471680
vt 0.750000 0.009766
vt 0.703125 0.014648
vt 0.550293 0.383301
vt 0.580078 0.419922
vt 0.514648 0.203125
vt 0.616699 0.050293
vt 0.658203 0.028320
vt 0.514648 0.296875
vt 0.528320 0.341797
vt 0.509766 0.250000
vt 0.550293 0.116699
vt 0.580078 0.080078
vt 0.528320 0.158203
vt 0.250000 0.490234
vt 0.203125 0.485352
vt 0.158203 0.471680
vt 0.116638 0.449707
vt 0.080322 0.419922
vt 0.341797 0.471680
vt 0.296875 0.485352
vt 0.028275 0.341797
vt 0.050446 0.383301
vt 0.014610 0.296875
vt 0.010002 0.250000
vt 0.014610 0.203125
vt 0.028275 0.158203
vt 0.050446 0.116699
vt 0.080322 0.080078
vt 0.158203 0.028320
vt 0.116638 0.050293
vt 0.419678 0.419922
vt 0.383301 0.449707
vt 0.203125 0.014648
vt 0.250000 0.009766
vt 0.471680 0.341797
vt 0.449463 0.383301
vt 0.471680 0.158203
vt 0.341797 0.028320
vt 0.296875 0.014648
vt 0.489990 0.250000
vt 0.485352 0.296875
vt 0.485352 0.203125
vt 0.419678 0.080078
vt 0.383301 0.050293
vt 0.449463 0.116699
vt 0.796875 0.485352
vt 0.841797 0.471680
vt 0.883301 0.449707
vt 0.919922 0.419922
vt 0.949707 0.383301
vt 0.703125 0.485352
vt 0.750000 0.490234
vt 0.985352 0.296875
vt 0.971680 0.341797
vt 0.990234 0.250000
vt 0.985352 0.203125
vt 0.971680 0.158203
vt 0.949707 0.116699
vt 0.919922 0.080078
vt 0.883301 0.050293
vt 0.796875 0.014648
vt 0.841797 0.028320
vt 0.616699 0.449707
vt 0.658203 0.471680
vt 0.750000 0.009766
vt 0.703125 0.014648
vt 0.550293 0.383301
vt 0.580078 0.419922
vt 0.514648 0.203125
vt 0.616699 0.050293
vt 0.658203 0.028320
vt 0.514648 0.296875
vt 0.528320 0.341797
vt 0.509766 0.250000
vt 0.550293 0.116699
vt 0.580078 0.080078
vt 0.528320 0.158203
vt 0.250000 0.490234
vt 0.203125 0.485352
vt 0.158203 0.471680
vt 0.116638 0.449707
vt 0.080322 0.419922
vt 0.341797 0.471680
vt 0.296875 0.485352
vt 0.028275 0.341797
vt 0.050446 0.383301
vt 0.014610 0.296875
vt 0.010002 0.250000
vt 0.014610 0.203125
vt 0.028275 0.158203
vt 0.050446 0.116699
vt 0.080322 0.080078
vt 0.158203 0.028320
vt 0.116638 0.050293
vt 0.419678 0.419922
vt 0.383301 0.449707
vt 0.203125 0.014648
vt 0.250000 0.009766
vt 0.471680 0.341797
vt 0.449463 0.383301
vt 0.471680 0.158203
vt 0.341797 0.028320
vt 0.296875 0.014648
vt 0.489990 0.250000
vt 0.485352 0.296875
vt 0.485352 0.203125
vt 0.419678 0.080078
vt 0.383301 0.050293
vt 0.449463 0.116699
vt 0.796875 0.485352
vt 0.841797 0.471680
vt 0.883301 0.449707
vt 0.919922 0.419922
vt 0.949707 0.383301
vt 0.703125 0.485352
vt 0.750000 0.490234
vt 0.985352 0.296875
vt 0.971680 0.341797
vt 0.990234 0.250000
vt 0.985352 0.203125
vt 0.971680 0.158203
vt 0.949707 0.116699
vt 0.919922 0.080078
vt 0.883301 0.050293
vt 0.796875 0.014648
vt 0.841797 0.028320
vt 0.616699 0.449707
vt 0.658203 0.471680
vt 0.750000 0.009766
vt 0.703125 0.014648
vt 0.550293 0.383301
vt 0.580078 0.419922
vt 0.514648 0.203125
vt 0.616699 0.050293
vt 0.658203 0.028320
vt 0.514648 0.296875
vt 0.528320 0.341797
vt 0.509766 0.250000
vt 0.550293 0.116699
vt 0.580078 0.080078
vt 0.528320 0.158203
vt 0.250000 0.490234
vt 0.203125 0.485352
vt 0.158203 0.471680
vt 0.116638 0.449707
vt 0.080322 0.419922
vt 0.341797 0.471680
vt 0.296875 0.485352
vt 0.028275 0.341797
vt 0.050446 0.383301
vt 0.014610 0.296875
vt 0.010002 0.250000
vt 0.014610 0.203125
vt 0.028275 0.158203
vt 0.050446 0.116699
vt 0.080322 0.080078
vt 0.158203 0.028320
vt 0.116638 0.050293
vt 0.419678 0.419922
vt 0.383301 0.449707
vt 0.203125 0.014648
vt 0.250000 0.009766
vt 0.471680 0.341797
vt 0.449463 0.383301
vt 0.471680 0.158203
vt 0.341797 0.028320
vt 0.296875 0.014648
vt 0.489990 0.250000
vt 0.485352 0.296875
vt 0.485352 0.203125
vt 0.419678 0.080078
vt 0.383301 0.050293
vt 0.449463 0.116699
vt 0.796875 0.485352
vt 0.841797 0.471680
vt 0.883301 0.449707
vt 0.919922 0.419922
vt 0.949707 0.383301
vt 0.703125 0.485352
vt 0.750000 0.490234
vt 0.985352 0.296875
vt 0.971680 0.341797
vt 0.990234 0.250000
vt 0.985352 0.203125
vt 0.971680 0.158203
vt 0.949707 0.116699
vt 0.919922 0.080078
vt 0.883301 0.050293
vt 0.796875 0.014648
vt 0.841797 0.028320
vt 0.616699 0.449707
vt 0.658203 0.471680
vt 0.750000 0.009766
vt 0.703125 0.014648
vt 0.550293 0.383301
vt 0.580078 0.419922
vt 0.514648 0.203125
vt 0.616699 0.050293
vt 0.658203 0.028320
vt 0.514648 0.296875
vt 0.528320 0.341797
vt 0.509766 0.250000
vt 0.550293 0.116699
vt 0.580078 0.080078
vt 0.528320 0.158203
vt 0.250000 0.490234
vt 0.203125 0.485352
vt 0.158203 0.471680
vt 0.116638 0.449707
vt 0.080322 0.419922
vt 0.341797 0.471680
vt 0.296875 0.485352
vt 0.028275 0.341797
vt 0.050446 0.383301
vt 0.014610 0.296875
vt 0.010002 0.250000
vt 0.014610 0.203125
vt 0.028275 0.158203
vt 0.050446 0.116699
vt 0.080322 0.080078
vt 0.158203 0.028320
vt 0.116638 0.050293
vt 0.419678 0.419922
vt 0.383301 0.449707
vt 0.203125 0.014648
vt 0.250000 0.009766
vt 0.471680 0.341797
vt 0.449463 0.383301
vt 0.471680 0.158203
vt 0.341797 0.028320
vt 0.296875 0.014648
vt 0.489990 0.250000
vt 0.485352 0.296875
vt 0.485352 0.203125
vt 0.419678 0.080078
vt 0.383301 0.050293
vt 0.449463 0.116699
vt 0.796875 0.485352
vt 0.841797 0.471680
vt 0.883301 0.449707
vt 0.919922 0.419922
vt 0.949707 0.383301
vt 0.703125 0.485352
vt 0.750000 0.490234
vt 0.985352 0.296875
vt 0.971680 0.341797
vt 0.990234 0.250000
vt 0.985352 0.203125
vt 0.971680 0.158203
vt 0.949707 0.116699
vt 0.919922 0.080078
vt 0.883301 0.050293
vt 0.796875 0.014648
vt 0.841797 0.028320
vt 0.616699 0.449707
vt 0.658203 0.471680
vt 0.750000 0.009766
vt 0.703125 0.014648
vt 0.550293 0.383301
vt 0.580078 0.419922
vt 0.514648 0.203125
vt 0.616699 0.050293
vt 0.658203 0.028320
vt 0.514648 0.296875
vt 0.528320 0.341797
vt 0.509766 0.250000
vt 0.550293 0.116699
vt 0.580078 0.080078
vt 0.528320 0.158203
vt 0.375000 0.000000
vt 0.625000 0.000000
vt 0.625000 0.250000
vt 0.375000 0.250000
vt 0.375000 0.250000
vt 0.625000 0.250000
vt 0.625000 0.500000
vt 0.375000 0.500000
vt 0.375000 0.500000
vt 0.625000 0.500000
vt 0.625000 0.750000
vt 0.375000 0.750000
vt 0.375000 0.750000
vt 0.625000 0.750000
vt 0.625000 0.999969
vt 0.375000 0.999969
vt 0.125000 0.500000
vt 0.375000 0.500000
vt 0.375000 0.750000
vt 0.125000 0.750000
vt 0.008545 0.008789
vt 0.991211 0.008789
vt 0.991211 0.991455
vt 0.008545 0.991455
vt 0.375000 0.000000
vt 0.625000 0.000000
vt 0.625000 0.250000
vt 0.375000 0.250000
vt 0.375000 0.250000
vt 0.625000 0.250000
vt 0.625000 0.500000
vt 0.375000 0.500000
vt 0.375000 0.500000
vt 0.625000 0.500000
vt 0.625000 0.750000
vt 0.375000 0.750000
vt 0.375000 0.750000
vt 0.625000 0.750000
vt 0.625000 0.999969
vt 0.375000 0.999969
vt 0.125000 0.500000
vt 0.375000 0.500000
vt 0.375000 0.750000
vt 0.125000 0.750000
vt 0.008545 0.008789
vt 0.991211 0.008789
vt 0.991211 0.991455
vt 0.008545 0.991455
vt 0.375000 0.000000
vt 0.625000 0.000000
vt 0.625000 0.250000
vt 0.375000 0.250000
vt 0.375000 0.250000
vt 0.625000 0.250000
vt 0.625000 0.500000
vt 0.375000 0.500000
vt 0.375000 0.500000
vt 0.625000 0.500000
vt 0.625000 0.750000
vt 0.375000 0.750000
vt 0.375000 0.750000
vt 0.625000 0.750000
vt 0.625000 0.999969
vt 0.375000 0.999969
vt 0.125000 0.500000
vt 0.375000 0.500000
vt 0.375000 0.750000
vt 0.125000 0.750000
vt 0.375000 0.000000
vt 0.375000 0.250000
vt 0.625000 0.250000
vt 0.625000 0.000000
vt 0.375000 0.250000
vt 0.375000 0.500000
vt 0.625000 0.500000
vt 0.625000 0.250000
vt 0.375000 0.500000
vt 0.375000 0.750000
vt 0.625000 0.750000
vt 0.625000 0.500000
vt 0.375000 0.750000
vt 0.375000 0.999969
vt 0.625000 0.999969
vt 0.625000 0.750000
vt 0.125000 0.500000
vt 0.125000 0.750000
vt 0.375000 0.750000
vt 0.375000 0.500000
vt 0.375000 0.000000
vt 0.625000 0.000000
vt 0.625000 0.250000
vt 0.375000 0.250000
vt 0.375000 0.250000
vt 0.625000 0.250000
vt 0.625000 0.500000
vt 0.375000 0.500000
vt 0.375000 0.500000
vt 0.625000 0.500000
vt 0.625000 0.750000
vt 0.375000 0.750000
vt 0.375000 0.750000
vt 0.625000 0.750000
vt 0.625000 0.999969
vt 0.375000 0.999969
vt 0.125000 0.500000
vt 0.375000 0.500000
vt 0.375000 0.750000
vt 0.125000 0.750000
vt 0.375000 0.000000
vt 0.375000 0.250000
vt 0.625000 0.250000
vt 0.625000 0.000000
vt 0.375000 0.250000
vt 0.375000 0.500000
vt 0.625000 0.500000
vt 0.625000 0.250000
vt 0.375000 0.500000
vt 0.375000 0.750000
vt 0.625000 0.750000
vt 0.625000 0.500000
vt 0.375000 0.750000
vt 0.375000 0.999969
vt 0.625000 0.999969
vt 0.625000 0.750000
vt 0.125000 0.500000
vt 0.125000 0.750000
vt 0.375000 0.750000
vt 0.375000 0.500000
vt 0.625000 0.250000
vt 0.625000 0.000000
vt 0.625000 0.000000
vt 0.625000 0.250000
vt 0.625000 0.500000
vt 0.625000 0.500000
vt 0.625000 0.750000
vt 0.625000 0.750000
vt 0.625000 0.999969
vt 0.625000 0.999969
vt 0.625000 0.250000
vt 0.625000 0.000000
vt 0.625000 0.000000
vt 0.625000 0.250000
vt 0.625000 0.500000
vt 0.625000 0.500000
vt 0.625000 0.750000
vt 0.625000 0.750000
vt 0.625000 0.999969
vt 0.625000 0.999969
vn 0.000000 -0.000000 1.000000
vn 0.000000 -0.000000 1.000000
vn 0.000000 -0.000000 1.000000
vn 0.000000 -0.000000 1.000000
vn -1.000000 -0.000000 -0.000000
vn -1.000000 -0.000000 -0.000000
vn -1.000000 -0.000000 -0.000000
vn -1.000000 -0.000000 -0.000000
vn 0.000000 -0.000000 -1.000000
vn 0.000000 -0.000000 -1.000000
vn 0.000000 -0.000000 -1.000000
vn 0.000000 -0.000000 -1.000000
vn 1.000000 -0.000000 -0.000000
vn 1.000000 -0.000000 -0.000000
vn 1.000000 -0.000000 -0.000000
vn 1.000000 -0.000000 -0.000000
vn 0.000000 1.000000 -0.000000
vn 0.000000 1.000000 -0.000000
vn 0.000000 1.000000 -0.000000
vn 0.000000 1.000000 -0.000000
vn 0.000000 -0.000000 -1.000000
vn 0.000000 -0.000000 -1.000000
vn 0.000000 -0.000000 -1.000000
vn 0.000000 -0.000000 -1.000000
vn 1.000000 -0.000000 -0.000000
vn 1.000000 -0.000000 -0.000000
vn 1.000000 -0.000000 -0.000000
vn 1.000000 -0.000000 -0.000000
vn 0.000000 -0.000000 1.000000
vn 0.000000 -0.000000 1.000000
vn 0.000000 -0.000000 1.000000
vn 0.000000 -0.000000 1.000000
vn -1.000000 -0.000000 -0.000000
vn -1.000000 -0.000000 -0.000000
vn -1.000000 -0.000000 -0.000000
vn -1.000000 -0.000000 -0.000000
vn 0.000000 -1.000000 -0.000000
vn 0.000000 -1.000000 -0.000000
vn 0.000000 -1.000000 -0.000000
vn 0.000000 -1.000000 -0.000000
vn 0.000000 -0.000000 -1.000000
vn 0.000000 -0.000000 -1.000000
vn 0.000000 -0.000000 -1.000000
vn 0.000000 -0.000000 -1.000000
vn 1.000000 -0.000000 -0.000000
vn 1.000000 -0.000000 -0.000000
vn 1.000000 -0.000000 -0.000000
vn 1.000000 -0.000000 -0.000000
vn 0.000000 -0.000000 1.000000
vn 0.000000 -0.000000 1.000000
vn 0.000000 -0.000000 1.000000
vn 0.000000 -0.000000 1.000000
vn -1.000000 -0.000000 -0.000000
vn -1.000000 -0.000000 -0.000000
vn -1.000000 -0.000000 -0.000000
vn -1.000000 -0.000000 -0.000000
vn 0.000000 1.000000 -0.000000
vn 0.000000 1.000000 -0.000000
vn 0.000000 1.000000 -0.000000
vn 0.000000 1.000000 -0.000000
vn 0.000000 -0.000000 1.000000
vn 0.000000 -0.000000 1.000000
vn 0.000000 -0.000000 1.000000
vn 0.000000 -0.000000 1.000000
vn -1.000000 -0.000000 -0.000000
vn -1.000000 -0.000000 -0.000000
vn -1.000000 -0.000000 -0.000000
vn -1.000000 -0.000000 -0.000000
vn 0.000000 -0.000000 -1.000000
vn 0.000000 -0.000000 -1.000000
vn 0.000000 -0.000000 -1.000000
vn 0.000000 -0.000000 -1.000000
vn 1.000000 -0.000000 -0.000000
vn 1.000000 -0.000000 -0.000000
vn 1.000000 -0.000000 -0.000000
vn 1.000000 -0.000000 -0.000000
vn 0.000000 -1.000000 -0.000000
vn 0.000000 -1.000000 -0.000000
vn 0.000000 -1.000000 -0.000000
vn 0.000000 -1.000000 -0.000000
vn 0.000000 -1.000000 -0.000000
vn 0.000000 -1.000000 -0.000000
vn 0.000000 -1.000000 -0.000000
vn 0.000000 -1.000000 -0.000000
vn 0.000000 -1.000000 -0.000000
vn 0.000000 -1.000000 -0.000000
vn 0.000000 -1.000000 -0.000000
vn 0.000000 -1.000000 -0.000000
vn 0.000000 -1.000000 -0.000000
vn 0.000000 -1.000000 -0.000000
vn 0.000000 -1.000000 -0.000000
vn 0.000000 -1.000000 -0.000000
vn 0.000000 -1.000000 -0.000000
vn 0.000000 -1.000000 -0.000000
vn 0.000000 -1.000000 -0.000000
vn 0.000000 -1.000000 -0.000000
vn 0.000000 -0.000000 1.000000
vn 0.000000 -0.000000 1.000000
vn 0.000000 -0.000000 1.000000
vn 0.000000 -0.000000 1.000000
vn -1.000000 -0.000000 -0.000000
vn -1.000000 -0.000000 -0.000000
vn -1.000000 -0.000000 -0.000000
vn -1.000000 -0.000000 -0.000000
vn 0.000000 -0.000000 -1.000000
vn 0.000000 -0.000000 -1.000000
vn 0.000000 -0.000000 -1.000000
vn 0.000000 -0.000000 -1.000000
vn 1.000000 -0.000000 -0.000000
vn 1.000000 -0.000000 -0.000000
vn 1.000000 -0.000000 -0.000000
vn 1.000000 -0.000000 -0.000000
vn 0.000000 1.000000 -0.000000
vn 0.000000 1.000000 -0.000000
vn 0.000000 1.000000 -0.000000
vn 0.000000 1.000000 -0.000000
vn -1.000000 -0.000000 -0.000000
vn -1.000000 -0.000000 -0.000000
vn -1.000000 -0.000000 -0.000000
vn -1.000000 -0.000000 -0.000000
vn 0.000000 -0.000000 -1.000000
vn 0.000000 -0.000000 -1.000000
vn 0.000000 -0.000000 -1.000000
vn 0.000000 -0.000000 -1.000000
vn 1.000000 -0.000000 -0.000000
vn 1.000000 -0.000000 -0.000000
vn 1.000000 -0.000000 -0.000000
vn 1.000000 -0.000000 -0.000000
vn 0.000000 -0.000000 1.000000
vn 0.000000 -0.000000 1.000000
vn 0.000000 -0.000000 1.000000
vn 0.000000 -0.000000 1.000000
vn 0.000000 1.000000 -0.000000
vn 0.000000 1.000000 -0.000000
vn 0.000000 1.000000 -0.000000
vn 0.000000 1.000000 -0.000000
vn 0.000000 -1.000000 -0.000000
vn 0.000000 -1.000000 -0.000000
vn 0.000000 -1.000000 -0.000000
vn 0.000000 -1.000000 -0.000000
vn 0.000000 -1.000000 -0.000000
vn 0.000000 -1.000000 -0.000000
vn 0.000000 -1.000000 -0.000000
vn 0.000000 -1.000000 -0.000000
vn 0.000000 0.094809 -0.995495
vn 0.000000 0.094809 -0.995495
vn 0.000000 0.094809 -0.995495
vn 0.000000 0.094809 -0.995495
vn 0.000000 0.290225 -0.956958
vn 0.000000 0.290225 -0.956958
vn 0.000000 0.290225 -0.956958
vn 0.000000 0.290225 -0.956958
vn 0.000000 0.472221 -0.881480
vn 0.000000 0.472221 -0.881480
vn 0.000000 0.472221 -0.881480
vn 0.000000 0.472221 -0.881480
vn 0.000000 0.637085 -0.770794
vn 0.000000 0.637085 -0.770794
vn 0.000000 0.637085 -0.770794
vn 0.000000 0.637085 -0.770794
vn 0.000000 0.770794 -0.637085
vn 0.000000 0.770794 -0.637085
vn 0.000000 0.770794 -0.637085
vn 0.000000 0.770794 -0.637085
vn 0.000000 0.881480 -0.472221
vn 0.000000 0.881480 -0.472221
vn 0.000000 0.881480 -0.472221
vn 0.000000 0.881480 -0.472221
vn 0.000000 0.956958 -0.290225
vn 0.000000 0.956958 -0.290225
vn 0.000000 0.956958 -0.290225
vn 0.000000 0.956958 -0.290225
vn 0.000000 0.995495 -0.094809
vn 0.000000 0.995495 -0.094809
vn 0.000000 0.995495 -0.094809
vn 0.000000 0.995495 -0.094809
vn 0.000000 0.995495 0.094809
vn 0.000000 0.995495 0.094809
vn 0.000000 0.995495 0.094809
vn 0.000000 0.995495 0.094809
vn 0.000000 0.956958 0.290225
vn 0.000000 0.956958 0.290225
vn 0.000000 0.956958 0.290225
vn 0.000000 0.956958 0.290225
vn 0.000000 0.881480 0.472221
vn 0.000000 0.881480 0.472221
vn 0.000000 0.881480 0.472221
vn 0.000000 0.881480 0.472221
vn 0.000000 0.770794 0.637085
vn 0.000000 0.770794 0.637085
vn 0.000000 0.770794 0.637085
vn 0.000000 0.770794 0.637085
vn 0.000000 0.637085 0.770794
vn 0.000000 0.637085 0.770794
vn 0.000000 0.637085 0.770794
vn 0.000000 0.637085 0.770794
vn 0.000000 0.472221 0.881480
vn 0.000000 0.472221 0.881480
vn 0.000000 0.472221 0.881480
vn 0.000000 0.472221 0.881480
vn 0.000000 0.290225 0.956958
vn 0.000000 0.290225 0.956958
vn 0.000000 0.290225 0.956958
vn 0.000000 0.290225 0.956958
vn 0.000000 0.094809 0.995495
vn 0.000000 0.094809 0.995495
vn 0.000000 0.094809 0.995495
vn 0.000000 0.094809 0.995495
vn 0.000000 -0.094809 0.995495
vn 0.000000 -0.094809 0.995495
vn 0.000000 -0.094809 0.995495
vn 0.000000 -0.094809 0.995495
vn 0.000000 -0.290225 0.956958
vn 0.000000 -0.290225 0.956958
vn 0.000000 -0.290225 0.956958
vn 0.000000 -0.290225 0.956958
vn 0.000000 -0.472221 0.881480
vn 0.000000 -0.472221 0.881480
vn 0.000000 -0.472221 0.881480
vn 0.000000 -0.472221 0.881480
vn 0.000000 -0.637085 0.770794
vn 0.000000 -0.637085 0.770794
vn 0.000000 -0.637085 0.770794
vn 0.000000 -0.637085 0.770794
vn 0.000000 -0.770794 0.637085
vn 0.000000 -0.770794 0.637085
vn 0.000000 -0.770794 0.637085
vn 0.000000 -0.770794 0.637085
vn 0.000000 -0.881480 0.472221
vn 0.000000 -0.881480 0.472221
vn 0.000000 -0.881480 0.472221
vn 0.000000 -0.881480 0.472221
vn 0.000000 -0.956958 0.290225
vn 0.000000 -0.956958 0.290225
vn 0.000000 -0.956958 0.290225
vn 0.000000 -0.956958 0.290225
vn 0.000000 -0.995495 0.094809
vn 0.000000 -0.995495 0.094809
vn 0.000000 -0.995495 0.094809
vn 0.000000 -0.995495 0.094809
vn 0.000000 -0.995495 -0.094809
vn 0.000000 -0.995495 -0.094809
vn 0.000000 -0.995495 -0.094809
vn 0.000000 -0.995495 -0.094809
vn 0.000000 -0.956958 -0.290225
vn 0.000000 -0.956958 -0.290225
vn 0.000000 -0.956958 -0.290225
vn 0.000000 -0.956958 -0.290225
vn 0.000000 -0.881480 -0.472221
vn 0.000000 -0.881480 -0.472221
vn 0.000000 -0.881480 -0.472221
vn 0.000000 -0.881480 -0.472221
vn 0.000000 -0.770794 -0.637085
vn 0.000000 -0.770794 -0.637085
vn 0.000000 -0.770794 -0.637085
vn 0.000000 -0.770794 -0.637085
vn 0.000000 -0.637085 -0.770794
vn 0.000000 -0.637085 -0.770794
vn 0.000000 -0.637085 -0.770794
vn 0.000000 -0.637085 -0.770794
vn 0.000000 -0.472221 -0.881480
vn 0.000000 -0.472221 -0.881480
vn 0.000000 -0.472221 -0.881480
vn 0.000000 -0.472221 -0.881480
vn 0.000000 -0.290225 -0.956958
vn 0.000000 -0.290225 -0.956958
vn 0.000000 -0.290225 -0.956958
vn 0.000000 -0.290225 -0.956958
vn 0.000000 -0.094809 -0.995495
vn 0.000000 -0.094809 -0.995495
vn 0.000000 -0.094809 -0.995495
vn 0.000000 -0.094809 -0.995495
vn 0.094809 -0.000000 -0.995495
vn 0.094809 -0.000000 -0.995495
vn 0.094809 -0.000000 -0.995495
vn 0.094809 -0.000000 -0.995495
vn 0.290225 -0.000000 -0.956958
vn 0.290225 -0.000000 -0.956958
vn 0.290225 -0.000000 -0.956958
vn 0.290225 -0.000000 -0.956958
vn 0.472221 -0.000000 -0.881480
vn 0.472221 -0.000000 -0.881480
vn 0.472221 -0.000000 -0.881480
vn 0.472221 -0.000000 -0.881480
vn 0.637085 -0.000000 -0.770794
vn 0.637085 -0.000000 -0.770794
vn 0.637085 -0.000000 -0.770794
vn 0.637085 -0.000000 -0.770794
vn 0.770794 -0.000000 -0.637085
vn 0.770794 -0.000000 -0.637085
vn 0.770794 -0.000000 -0.637085
vn 0.770794 -0.000000 -0.637085
vn 0.881480 -0.000000 -0.472221
vn 0.881480 -0.000000 -0.472221
vn 0.881480 -0.000000 -0.472221
vn 0.881480 -0.000000 -0.472221
vn 0.956958 -0.000000 -0.290225
vn 0.956958 -0.000000 -0.290225
vn 0.956958 -0.000000 -0.290225
vn 0.956958 -0.000000 -0.290225
vn 0.995495 -0.000000 -0.094809
vn 0.995495 -0.000000 -0.094809
vn 0.995495 -0.000000 -0.094809
vn 0.995495 -0.000000 -0.094809
vn 0.995495 -0.000000 0.094809
vn 0.995495 -0.000000 0.094809
vn 0.995495 -0.000000 0.094809
vn 0.995495 -0.000000 0.094809
vn 0.956958 -0.000000 0.290225
vn 0.956958 -0.000000 0.290225
vn 0.956958 -0.000000 0.290225
vn 0.956958 -0.000000 0.290225
vn 0.881480 -0.000000 0.472221
vn 0.881480 -0.000000 0.472221
vn 0.881480 -0.000000 0.472221
vn 0.881480 -0.000000 0.472221
vn 0.770794 -0.000000 0.637085
vn 0.770794 -0.000000 0.637085
vn 0.770794 -0.000000 0.637085
vn 0.770794 -0.000000 0.637085
vn 0.637085 -0.000000 0.770794
vn 0.637085 -0.000000 0.770794
vn 0.637085 -0.000000 0.770794
vn 0.637085 -0.000000 0.770794
vn 0.472221 -0.000000 0.881480
vn 0.472221 -0.000000 0.881480
vn 0.472221 -0.000000 0.881480
vn 0.472221 -0.000000 0.881480
vn 0.290225 -0.000000 0.956958
vn 0.290225 -0.000000 0.956958
vn 0.290225 -0.000000 0.956958
vn 0.290225 -0.000000 0.956958
vn 0.094809 -0.000000 0.995495
vn 0.094809 -0.000000 0.995495
vn 0.094809 -0.000000 0.995495
vn 0.094809 -0.000000 0.995495
vn -0.094809 -0.000000 0.995495
vn -0.094809 -0.000000 0.995495
vn -0.094809 -0.000000 0.995495
vn -0.094809 -0.000000 0.995495
vn -0.290225 -0.000000 0.956958
vn -0.290225 -0.000000 0.956958
vn -0.290225 -0.000000 0.956958
vn -0.290225 -0.000000 0.956958
vn -0.472221 -0.000000 0.881480
vn -0.472221 -0.000000 0.881480
vn -0.472221 -0.000000 0.881480
vn -0.472221 -0.000000 0.881480
vn -0.637085 -0.000000 0.770794
vn -0.637085 -0.000000 0.770794
vn -0.637085 -0.000000 0.770794
vn -0.637085 -0.000000 0.770794
vn -0.770794 -0.000000 0.637085
vn -0.770794 -0.000000 0.637085
vn -0.770794 -0.000000 0.637085
vn -0.770794 -0.000000 0.637085
vn -0.881480 -0.000000 0.472221
vn -0.881480 -0.000000 0.472221
vn -0.881480 -0.000000 0.472221
vn -0.881480 -0.000000 0.472221
vn -0.956958 -0.000000 0.290225
vn -0.956958 -0.000000 0.290225
vn -0.956958 -0.000000 0.290225
vn -0.956958 -0.000000 0.290225
vn -0.995495 -0.000000 0.094809
vn -0.995495 -0.000000 0.094809
vn -0.995495 -0.000000 0.094809
vn -0.995495 -0.000000 0.094809
vn -0.995495 -0.000000 -0.094809
vn -0.995495 -0.000000 -0.094809
vn -0.995495 -0.000000 -0.094809
vn -0.995495 -0.000000 -0.094809
vn -0.956958 -0.000000 -0.290225
vn -0.956958 -0.000000 -0.290225
vn -0.956958 -0.000000 -0.290225
vn -0.956958 -0.000000 -0.290225
vn -0.881480 -0.000000 -0.472221
vn -0.881480 -0.000000 -0.472221
vn -0.881480 -0.000000 -0.472221
vn -0.881480 -0.000000 -0.472221
vn -0.770794 -0.000000 -0.637085
vn -0.770794 -0.000000 -0.637085
vn -0.770794 -0.000000 -0.637085
vn -0.770794 -0.000000 -0.637085
vn -0.637085 -0.000000 -0.770794
vn -0.637085 -0.000000 -0.770794
vn -0.637085 -0.000000 -0.770794
vn -0.637085 -0.000000 -0.770794
vn -0.472221 -0.000000 -0.881480
vn -0.472221 -0.000000 -0.881480
vn -0.472221 -0.000000 -0.881480
vn -0.472221 -0.000000 -0.881480
vn -0.290225 -0.000000 -0.956958
vn -0.290225 -0.000000 -0.956958
vn -0.290225 -0.000000 -0.956958
vn -0.290225 -0.000000 -0.956958
vn -0.094809 -0.000000 -0.995495
vn -0.094809 -0.000000 -0.995495
vn -0.094809 -0.000000 -0.995495
vn -0.094809 -0.000000 -0.995495
vn 0.000000 0.094809 -0.995495
vn 0.000000 0.094809 -0.995495
vn 0.000000 0.094809 -0.995495
vn 0.000000 0.094809 -0.995495
vn 0.000000 0.290225 -0.956958
vn 0.000000 0.290225 -0.956958
vn 0.000000 0.290225 -0.956958
vn 0.000000 0.290225 -0.956958
vn 0.000000 0.472221 -0.881480
vn 0.000000 0.472221 -0.881480
vn 0.000000 0.472221 -0.881480
vn 0.000000 0.472221 -0.881480
vn 0.000000 0.637085 -0.770794
vn 0.000000 0.637085 -0.770794
vn 0.000000 0.637085 -0.770794
vn 0.000000 0.637085 -0.770794
vn 0.000000 0.770794 -0.637085
vn 0.000000 0.770794 -0.637085
vn 0.000000 0.770794 -0.637085
vn 0.000000 0.770794 -0.637085
vn 0.000000 0.881480 -0.472221
vn 0.000000 0.881480 -0.472221
vn 0.000000 0.881480 -0.472221
vn 0.000000 0.881480 -0.472221
vn 0.000000 0.956958 -0.290225
vn 0.000000 0.956958 -0.290225
vn 0.000000 0.956958 -0.290225
vn 0.000000 0.956958 -0.290225
vn 0.000000 0.995495 -0.094809
vn 0.000000 0.995495 -0.094809
vn 0.000000 0.995495 -0.094809
vn 0.000000 0.995495 -0.094809
vn 0.000000 0.995495 0.094809
vn 0.000000 0.995495 0.094809
vn 0.000000 0.995495 0.094809
vn 0.000000 0.995495 0.094809
vn 0.000000 0.956958 0.290225
vn 0.000000 0.956958 0.290225
vn 0.000000 0.956958 0.290225
vn 0.000000 0.956958 0.290225
vn 0.000000 0.881480 0.472221
vn 0.000000 0.881480 0.472221
vn 0.000000 0.881480 0.472221
vn 0.000000 0.881480 0.472221
vn 0.000000 0.770794 0.637085
vn 0.000000 0.770794 0.637085
vn 0.000000 0.770794 0.637085
vn 0.000000 0.770794 0.637085
vn 0.000000 0.637085 0.770794
vn 0.000000 0.637085 0.770794
vn 0.000000 0.637085 0.770794
vn 0.000000 0.637085 0.770794
vn 0.000000 0.472221 0.881480
vn 0.000000 0.472221 0.881480
vn 0.000000 0.472221 0.881480
vn 0.000000 0.472221 0.881480
vn 0.000000 0.290225 0.956958
vn 0.000000 0.290225 0.956958
vn 0.000000 0.290225 0.956958
vn 0.000000 0.290225 0.956958
vn 0.000000 0.094809 0.995495
vn 0.000000 0.094809 0.995495
vn 0.000000 0.094809 0.995495
vn 0.000000 0.094809 0.995495
vn 0.000000 -0.094809 0.995495
vn 0.000000 -0.094809 0.995495
vn 0.000000 -0.094809 0.995495
vn 0.000000 -0.094809 0.995495
vn 0.000000 -0.290225 0.956958
vn 0.000000 -0.290225 0.956958
vn 0.000000 -0.290225 0.956958
vn 0.000000 -0.290225 0.956958
vn 0.000000 -0.472221 0.881480
vn 0.000000 -0.472221 0.881480
vn 0.000000 -0.472221 0.881480
vn 0.000000 -0.472221 0.881480
vn 0.000000 -0.637085 0.770794
vn 0.000000 -0.637085 0.770794
vn 0.000000 -0.637085 0.770794
vn 0.000000 -0.637085 0.770794
vn 0.000000 -0.770794 0.637085
vn 0.000000 -0.770794 0.637085
vn 0.000000 -0.770794 0.637085
vn 0.000000 -0.770794 0.637085
vn 0.000000 -0.881480 0.472221
vn 0.000000 -0.881480 0.472221
vn 0.000000 -0.881480 0.472221
vn 0.000000 -0.881480 0.472221
vn 0.000000 -0.956958 0.290225
vn 0.000000 -0.956958 0.290225
vn 0.000000 -0.956958 0.290225
vn 0.000000 -0.956958 0.290225
vn 0.000000 -0.995495 0.094809
vn 0.000000 -0.995495 0.094809
vn 0.000000 -0.995495 0.094809
vn 0.000000 -0.995495 0.094809
vn 0.000000 -0.995495 -0.094809
vn 0.000000 -0.995495 -0.094809
vn 0.000000 -0.995495 -0.094809
vn 0.000000 -0.995495 -0.094809
vn 0.000000 -0.956958 -0.290225
vn 0.000000 -0.956958 -0.290225
vn 0.000000 -0.956958 -0.290225
vn 0.000000 -0.956958 -0.290225
vn 0.000000 -0.881480 -0.472221
vn 0.000000 -0.881480 -0.472221
vn 0.000000 -0.881480 -0.472221
vn 0.000000 -0.881480 -0.472221
vn 0.000000 -0.770794 -0.637085
vn 0.000000 -0.770794 -0.637085
vn 0.000000 -0.770794 -0.637085
vn 0.000000 -0.770794 -0.637085
vn 0.000000 -0.637085 -0.770794
vn 0.000000 -0.637085 -0.770794
vn 0.000000 -0.637085 -0.770794
vn 0.000000 -0.637085 -0.770794
vn 0.000000 -0.472221 -0.881480
vn 0.000000 -0.472221 -0.881480
vn 0.000000 -0.472221 -0.881480
vn 0.000000 -0.472221 -0.881480
vn 0.000000 -0.290225 -0.956958
vn 0.000000 -0.290225 -0.956958
vn 0.000000 -0.290225 -0.956958
vn 0.000000 -0.290225 -0.956958
vn 0.000000 -0.094809 -0.995495
vn 0.000000 -0.094809 -0.995495
vn 0.000000 -0.094809 -0.995495
vn 0.000000 -0.094809 -0.995495
vn 0.000000 0.094809 -0.995495
vn 0.000000 0.094809 -0.995495
vn 0.000000 0.094809 -0.995495
vn 0.000000 0.094809 -0.995495
vn 0.000000 0.290225 -0.956958
vn 0.000000 0.290225 -0.956958
vn 0.000000 0.290225 -0.956958
vn 0.000000 0.290225 -0.956958
vn 0.000000 0.472221 -0.881480
vn 0.000000 0.472221 -0.881480
vn 0.000000 0.472221 -0.881480
vn 0.000000 0.472221 -0.881480
vn 0.000000 0.637085 -0.770794
vn 0.000000 0.637085 -0.770794
vn 0.000000 0.637085 -0.770794
vn 0.000000 0.637085 -0.770794
vn 0.000000 0.770794 -0.637085
vn 0.000000 0.770794 -0.637085
vn 0.000000 0.770794 -0.637085
vn 0.000000 0.770794 -0.637085
vn 0.000000 0.881480 -0.472221
vn 0.000000 0.881480 -0.472221
vn 0.000000 0.881480 -0.472221
vn 0.000000 0.881480 -0.472221
vn 0.000000 0.956958 -0.290225
vn 0.000000 0.956958 -0.290225
vn 0.000000 0.956958 -0.290225
vn 0.000000 0.956958 -0.290225
vn 0.000000 0.995495 -0.094809
vn 0.000000 0.995495 -0.094809
vn 0.000000 0.995495 -0.094809
vn 0.000000 0.995495 -0.094809
vn 0.000000 0.995495 0.094809
vn 0.000000 0.995495 0.094809
vn 0.000000 0.995495 0.094809
vn 0.000000 0.995495 0.094809
vn 0.000000 0.956958 0.290225
vn 0.000000 0.956958 0.290225
vn 0.000000 0.956958 0.290225
vn 0.000000 0.956958 0.290225
vn 0.000000 0.881480 0.472221
vn 0.000000 0.881480 0.472221
vn 0.000000 0.881480 0.472221
vn 0.000000 0.881480 0.472221
vn 0.000000 0.770794 0.637085
vn 0.000000 0.770794 0.637085
vn 0.000000 0.770794 0.637085
vn 0.000000 0.770794 0.637085
vn 0.000000 0.637085 0.770794
vn 0.000000 0.637085 0.770794
vn 0.000000 0.637085 0.770794
vn 0.000000 0.637085 0.770794
vn 0.000000 0.472221 0.881480
vn 0.000000 0.472221 0.881480
vn 0.000000 0.472221 0.881480
vn 0.000000 0.472221 0.881480
vn 0.000000 0.290225 0.956958
vn 0.000000 0.290225 0.956958
vn 0.000000 0.290225 0.956958
vn 0.000000 0.290225 0.956958
vn 0.000000 0.094809 0.995495
vn 0.000000 0.094809 0.995495
vn 0.000000 0.094809 0.995495
vn 0.000000 0.094809 0.995495
vn 0.000000 -0.094809 0.995495
vn 0.000000 -0.094809 0.995495
vn 0.000000 -0.094809 0.995495
vn 0.000000 -0.094809 0.995495
vn 0.000000 -0.290225 0.956958
vn 0.000000 -0.290225 0.956958
vn 0.000000 -0.290225 0.956958
vn 0.000000 -0.290225 0.956958
vn 0.000000 -0.472221 0.881480
vn 0.000000 -0.472221 0.881480
vn 0.000000 -0.472221 0.881480
vn 0.000000 -0.472221 0.881480
vn 0.000000 -0.637085 0.770794
vn 0.000000 -0.637085 0.770794
vn 0.000000 -0.637085 0.770794
vn 0.000000 -0.637085 0.770794
vn 0.000000 -0.770794 0.637085
vn 0.000000 -0.770794 0.637085
vn 0.000000 -0.770794 0.637085
vn 0.000000 -0.770794 0.637085
vn 0.000000 -0.881480 0.472221
vn 0.000000 -0.881480 0.472221
vn 0.000000 -0.881480 0.472221
vn 0.000000 -0.881480 0.472221
vn 0.000000 -0.956958 0.290225
vn 0.000000 -0.956958 0.290225
vn 0.000000 -0.956958 0.290225
vn 0.000000 -0.956958 0.290225
vn 0.000000 -0.995495 0.094809
vn 0.000000 -0.995495 0.094809
vn 0.000000 -0.995495 0.094809
vn 0.000000 -0.995495 0.094809
vn 0.000000 -0.995495 -0.094809
vn 0.000000 -0.995495 -0.094809
vn 0.000000 -0.995495 -0.094809
vn 0.000000 -0.995495 -0.094809
vn 0.000000 -0.956958 -0.290225
vn 0.000000 -0.956958 -0.290225
vn 0.000000 -0.956958 -0.290225
vn 0.000000 -0.956958 -0.290225
vn 0.000000 -0.881480 -0.472221
vn 0.000000 -0.881480 -0.472221
vn 0.000000 -0.881480 -0.472221
vn 0.000000 -0.881480 -0.472221
vn 0.000000 -0.770794 -0.637085
vn 0.000000 -0.770794 -0.637085
vn 0.000000 -0.770794 -0.637085
vn 0.000000 -0.770794 -0.637085
vn 0.000000 -0.637085 -0.770794
vn 0.000000 -0.637085 -0.770794
vn 0.000000 -0.637085 -0.770794
vn 0.000000 -0.637085 -0.770794
vn 0.000000 -0.472221 -0.881480
vn 0.000000 -0.472221 -0.881480
vn 0.000000 -0.472221 -0.881480
vn 0.000000 -0.472221 -0.881480
vn 0.000000 -0.290225 -0.956958
vn 0.000000 -0.290225 -0.956958
vn 0.000000 -0.290225 -0.956958
vn 0.000000 -0.290225 -0.956958
vn 0.000000 -0.094809 -0.995495
vn 0.000000 -0.094809 -0.995495
vn 0.000000 -0.094809 -0.995495
vn 0.000000 -0.094809 -0.995495
vn 0.094809 -0.000000 -0.995495
vn 0.094809 -0.000000 -0.995495
vn 0.094809 -0.000000 -0.995495
vn 0.094809 -0.000000 -0.995495
vn 0.290225 -0.000000 -0.956958
vn 0.290225 -0.000000 -0.956958
vn 0.290225 -0.000000 -0.956958
vn 0.290225 -0.000000 -0.956958
vn 0.472221 -0.000000 -0.881480
vn 0.472221 -0.000000 -0.881480
vn 0.472221 -0.000000 -0.881480
vn 0.472221 -0.000000 -0.881480
vn 0.637085 -0.000000 -0.770794
vn 0.637085 -0.000000 -0.770794
vn 0.637085 -0.000000 -0.770794
vn 0.637085 -0.000000 -0.770794
vn 0.770794 -0.000000 -0.637085
vn 0.770794 -0.000000 -0.637085
vn 0.770794 -0.000000 -0.637085
vn 0.770794 -0.000000 -0.637085
vn 0.881480 -0.000000 -0.472221
vn 0.881480 -0.000000 -0.472221
vn 0.881480 -0.000000 -0.472221
vn 0.881480 -0.000000 -0.472221
vn 0.956958 -0.000000 -0.290225
vn 0.956958 -0.000000 -0.290225
vn 0.956958 -0.000000 -0.290225
vn 0.956958 -0.000000 -0.290225
vn 0.995495 -0.000000 -0.094809
vn 0.995495 -0.000000 -0.094809
vn 0.995495 -0.000000 -0.094809
vn 0.995495 -0.000000 -0.094809
vn 0.995495 -0.000000 0.094809
vn 0.995495 -0.000000 0.094809
vn 0.995495 -0.000000 0.094809
vn 0.995495 -0.000000 0.094809
vn 0.956958 -0.000000 0.290225
vn 0.956958 -0.000000 0.290225
vn 0.956958 -0.000000 0.290225
vn 0.956958 -0.000000 0.290225
vn 0.881480 -0.000000 0.472221
vn 0.881480 -0.000000 0.472221
vn 0.881480 -0.000000 0.472221
vn 0.881480 -0.000000 0.472221
vn 0.770794 -0.000000 0.637085
vn 0.770794 -0.000000 0.637085
vn 0.770794 -0.000000 0.637085
vn 0.770794 -0.000000 0.637085
vn 0.637085 -0.000000 0.770794
vn 0.637085 -0.000000 0.770794
vn 0.637085 -0.000000 0.770794
vn 0.637085 -0.000000 0.770794
vn 0.472221 -0.000000 0.881480
vn 0.472221 -0.000000 0.881480
vn 0.472221 -0.000000 0.881480
vn 0.472221 -0.000000 0.881480
vn 0.290225 -0.000000 0.956958
vn 0.290225 -0.000000 0.956958
vn 0.290225 -0.000000 0.956958
vn 0.290225 -0.000000 0.956958
vn 0.094809 -0.000000 0.995495
vn 0.094809 -0.000000 0.995495
vn 0.094809 -0.000000 0.995495
vn 0.094809 -0.000000 0.995495
vn -0.094809 -0.000000 0.995495
vn -0.094809 -0.000000 0.995495
vn -0.094809 -0.000000 0.995495
vn -0.094809 -0.000000 0.995495
vn -0.290225 -0.000000 0.956958
vn -0.290225 -0.000000 0.956958
vn -0.290225 -0.000000 0.956958
vn -0.290225 -0.000000 0.956958
vn -0.472221 -0.000000 0.881480
vn -0.472221 -0.000000 0.881480
vn -0.472221 -0.000000 0.881480
vn -0.472221 -0.000000 0.881480
vn -0.637085 -0.000000 0.770794
vn -0.637085 -0.000000 0.770794
vn -0.637085 -0.000000 0.770794
vn -0.637085 -0.000000 0.770794
vn -0.770794 -0.000000 0.637085
vn -0.770794 -0.000000 0.637085
vn -0.770794 -0.000000 0.637085
vn -0.770794 -0.000000 0.637085
vn -0.881480 -0.000000 0.472221
vn -0.881480 -0.000000 0.472221
vn -0.881480 -0.000000 0.472221
vn -0.881480 -0.000000 0.472221
vn -0.956958 -0.000000 0.290225
vn -0.956958 -0.000000 0.290225
vn -0.956958 -0.000000 0.290225
vn -0.956958 -0.000000 0.290225
vn -0.995495 -0.000000 0.094809
vn -0.995495 -0.000000 0.094809
vn -0.995495 -0.000000 0.094809
vn -0.995495 -0.000000 0.094809
vn -0.995495 -0.000000 -0.094809
vn -0.995495 -0.000000 -0.094809
vn -0.995495 -0.000000 -0.094809
vn -0.995495 -0.000000 -0.094809
vn -0.956958 -0.000000 -0.290225
vn -0.956958 -0.000000 -0.290225
vn -0.956958 -0.000000 -0.290225
vn -0.956958 -0.000000 -0.290225
vn -0.881480 -0.000000 -0.472221
vn -0.881480 -0.000000 -0.472221
vn -0.881480 -0.000000 -0.472221
vn -0.881480 -0.000000 -0.472221
vn -0.770794 -0.000000 -0.637085
vn -0.770794 -0.000000 -0.637085
vn -0.770794 -0.000000 -0.637085
vn -0.770794 -0.000000 -0.637085
vn -0.637085 -0.000000 -0.770794
vn -0.637085 -0.000000 -0.770794
vn -0.637085 -0.000000 -0.770794
vn -0.637085 -0.000000 -0.770794
vn -0.472221 -0.000000 -0.881480
vn -0.472221 -0.000000 -0.881480
vn -0.472221 -0.000000 -0.881480
vn -0.472221 -0.000000 -0.881480
vn -0.290225 -0.000000 -0.956958
vn -0.290225 -0.000000 -0.956958
vn -0.290225 -0.000000 -0.956958
vn -0.290225 -0.000000 -0.956958
vn -0.094809 -0.000000 -0.995495
vn -0.094809 -0.000000 -0.995495
vn -0.094809 -0.000000 -0.995495
vn -0.094809 -0.000000 -0.995495
vn -0.995092 0.086873 0.047385
vn -0.995092 0.086873 0.047385
vn -0.995092 0.086873 0.047385
vn -0.995092 0.086873 0.047385
vn -0.957577 0.251168 0.141282
vn -0.957577 0.251168 0.141282
vn -0.957577 0.251168 0.141282
vn -0.957577 0.251168 0.141282
vn -0.881371 0.409208 0.236081
vn -0.881371 0.409208 0.236081
vn -0.881371 0.409208 0.236081
vn -0.881371 0.409208 0.236081
vn -0.772252 0.551609 0.315205
vn -0.772252 0.551609 0.315205
vn -0.772252 0.551609 0.315205
vn -0.772252 0.551609 0.315205
vn -0.636652 0.668091 0.385135
vn -0.636652 0.668091 0.385135
vn -0.636652 0.668091 0.385135
vn -0.636652 0.668091 0.385135
vn -0.472207 0.763401 0.440726
vn -0.472207 0.763401 0.440726
vn -0.472207 0.763401 0.440726
vn -0.472207 0.763401 0.440726
vn -0.291465 0.827131 0.480524
vn -0.291465 0.827131 0.480524
vn -0.291465 0.827131 0.480524
vn -0.291465 0.827131 0.480524
vn -0.094886 0.861882 0.498152
vn -0.094886 0.861882 0.498152
vn -0.094886 0.861882 0.498152
vn -0.094886 0.861882 0.498152
vn 0.094886 0.861882 0.498152
vn 0.094886 0.861882 0.498152
vn 0.094886 0.861882 0.498152
vn 0.094886 0.861882 0.498152
vn 0.291465 0.827131 0.480524
vn 0.291465 0.827131 0.480524
vn 0.291465 0.827131 0.480524
vn 0.291465 0.827131 0.480524
vn 0.472207 0.763401 0.440726
vn 0.472207 0.763401 0.440726
vn 0.472207 0.763401 0.440726
vn 0.472207 0.763401 0.440726
vn 0.636652 0.668091 0.385135
vn 0.636652 0.668091 0.385135
vn 0.636652 0.668091 0.385135
vn 0.636652 0.668091 0.385135
vn 0.772252 0.551609 0.315205
vn 0.772252 0.551609 0.315205
vn 0.772252 0.551609 0.315205
vn 0.772252 0.551609 0.315205
vn 0.881371 0.409208 0.236081
vn 0.881371 0.409208 0.236081
vn 0.881371 0.409208 0.236081
vn 0.881371 0.409208 0.236081
vn 0.957577 0.251168 0.141282
vn 0.957577 0.251168 0.141282
vn 0.957577 0.251168 0.141282
vn 0.957577 0.251168 0.141282
vn 0.995092 0.086873 0.047385
vn 0.995092 0.086873 0.047385
vn 0.995092 0.086873 0.047385
vn 0.995092 0.086873 0.047385
vn 0.995092 -0.086873 -0.047385
vn 0.995092 -0.086873 -0.047385
vn 0.995092 -0.086873 -0.047385
vn 0.995092 -0.086873 -0.047385
vn 0.957577 -0.251168 -0.141282
vn 0.957577 -0.251168 -0.141282
vn 0.957577 -0.251168 -0.141282
vn 0.957577 -0.251168 -0.141282
vn 0.881371 -0.409208 -0.236081
vn 0.881371 -0.409208 -0.236081
vn 0.881371 -0.409208 -0.236081
vn 0.881371 -0.409208 -0.236081
vn 0.772252 -0.551609 -0.315205
vn 0.772252 -0.551609 -0.315205
vn 0.772252 -0.551609 -0.315205
vn 0.772252 -0.551609 -0.315205
vn 0.636652 -0.668091 -0.385135
vn 0.636652 -0.668091 -0.385135
vn 0.636652 -0.668091 -0.385135
vn 0.636652 -0.668091 -0.385135
vn 0.472207 -0.763401 -0.440726
vn 0.472207 -0.763401 -0.440726
vn 0.472207 -0.763401 -0.440726
vn 0.472207 -0.763401 -0.440726
vn 0.291465 -0.827131 -0.480524
vn 0.291465 -0.827131 -0.480524
vn 0.291465 -0.827131 -0.480524
vn 0.291465 -0.827131 -0.480524
vn 0.094886 -0.861882 -0.498152
vn 0.094886 -0.861882 -0.498152
vn 0.094886 -0.861882 -0.498152
vn 0.094886 -0.861882 -0.498152
vn -0.094886 -0.861882 -0.498152
vn -0.094886 -0.861882 -0.498152
vn -0.094886 -0.861882 -0.498152
vn -0.094886 -0.861882 -0.498152
vn -0.291465 -0.827131 -0.480524
vn -0.291465 -0.827131 -0.480524
vn -0.291465 -0.827131 -0.480524
vn -0.291465 -0.827131 -0.480524
vn -0.472207 -0.763401 -0.440726
vn -0.472207 -0.763401 -0.440726
vn -0.472207 -0.763401 -0.440726
vn -0.472207 -0.763401 -0.440726
vn -0.636652 -0.668091 -0.385135
vn -0.636652 -0.668091 -0.385135
vn -0.636652 -0.668091 -0.385135
vn -0.636652 -0.668091 -0.385135
vn -0.772252 -0.551609 -0.315205
vn -0.772252 -0.551609 -0.315205
vn -0.772252 -0.551609 -0.315205
vn -0.772252 -0.551609 -0.315205
vn -0.881371 -0.409208 -0.236081
vn -0.881371 -0.409208 -0.236081
vn -0.881371 -0.409208 -0.236081
vn -0.881371 -0.409208 -0.236081
vn -0.957577 -0.251168 -0.141282
vn -0.957577 -0.251168 -0.141282
vn -0.957577 -0.251168 -0.141282
vn -0.957577 -0.251168 -0.141282
vn -0.995092 -0.086873 -0.047385
vn -0.995092 -0.086873 -0.047385
vn -0.995092 -0.086873 -0.047385
vn -0.995092 -0.086873 -0.047385
vn 0.000000 0.094809 -0.995495
vn 0.000000 0.094809 -0.995495
vn 0.000000 0.094809 -0.995495
vn 0.000000 0.094809 -0.995495
vn 0.000000 0.290225 -0.956958
vn 0.000000 0.290225 -0.956958
vn 0.000000 0.290225 -0.956958
vn 0.000000 0.290225 -0.956958
vn 0.000000 0.472221 -0.881480
vn 0.000000 0.472221 -0.881480
vn 0.000000 0.472221 -0.881480
vn 0.000000 0.472221 -0.881480
vn 0.000000 0.637085 -0.770794
vn 0.000000 0.637085 -0.770794
vn 0.000000 0.637085 -0.770794
vn 0.000000 0.637085 -0.770794
vn 0.000000 0.770794 -0.637085
vn 0.000000 0.770794 -0.637085
vn 0.000000 0.770794 -0.637085
vn 0.000000 0.770794 -0.637085
vn 0.000000 0.881480 -0.472221
vn 0.000000 0.881480 -0.472221
vn 0.000000 0.881480 -0.472221
vn 0.000000 0.881480 -0.472221
vn 0.000000 0.956958 -0.290225
vn 0.000000 0.956958 -0.290225
vn 0.000000 0.956958 -0.290225
vn 0.000000 0.956958 -0.290225
vn 0.000000 0.995495 -0.094809
vn 0.000000 0.995495 -0.094809
vn 0.000000 0.995495 -0.094809
vn 0.000000 0.995495 -0.094809
vn 0.000000 0.995495 0.094809
vn 0.000000 0.995495 0.094809
vn 0.000000 0.995495 0.094809
vn 0.000000 0.995495 0.094809
vn 0.000000 0.956958 0.290225
vn 0.000000 0.956958 0.290225
vn 0.000000 0.956958 0.290225
vn 0.000000 0.956958 0.290225
vn 0.000000 0.881480 0.472221
vn 0.000000 0.881480 0.472221
vn 0.000000 0.881480 0.472221
vn 0.000000 0.881480 0.472221
vn 0.000000 0.770794 0.637085
vn 0.000000 0.770794 0.637085
vn 0.000000 0.770794 0.637085
vn 0.000000 0.770794 0.637085
vn 0.000000 0.637085 0.770794
vn 0.000000 0.637085 0.770794
vn 0.000000 0.637085 0.770794
vn 0.000000 0.637085 0.770794
vn 0.000000 0.472221 0.881480
vn 0.000000 0.472221 0.881480
vn 0.000000 0.472221 0.881480
vn 0.000000 0.472221 0.881480
vn 0.000000 0.290225 0.956958
vn 0.000000 0.290225 0.956958
vn 0.000000 0.290225 0.956958
vn 0.000000 0.290225 0.956958
vn 0.000000 0.094809 0.995495
vn 0.000000 0.094809 0.995495
vn 0.000000 0.094809 0.995495
vn 0.000000 0.094809 0.995495
vn 0.000000 -0.094809 0.995495
vn 0.000000 -0.094809 0.995495
vn 0.000000 -0.094809 0.995495
vn 0.000000 -0.094809 0.995495
vn 0.000000 -0.290225 0.956958
vn 0.000000 -0.290225 0.956958
vn 0.000000 -0.290225 0.956958
vn 0.000000 -0.290225 0.956958
vn 0.000000 -0.472221 0.881480
vn 0.000000 -0.472221 0.881480
vn 0.000000 -0.472221 0.881480
vn 0.000000 -0.472221 0.881480
vn 0.000000 -0.637085 0.770794
vn 0.000000 -0.637085 0.770794
vn 0.000000 -0.637085 0.770794
vn 0.000000 -0.637085 0.770794
vn 0.000000 -0.770794 0.637085
vn 0.000000 -0.770794 0.637085
vn 0.000000 -0.770794 0.637085
vn 0.000000 -0.770794 0.637085
vn 0.000000 -0.881480 0.472221
vn 0.000000 -0.881480 0.472221
vn 0.000000 -0.881480 0.472221
vn 0.000000 -0.881480 0.472221
vn 0.000000 -0.956958 0.290225
vn 0.000000 -0.956958 0.290225
vn 0.000000 -0.956958 0.290225
vn 0.000000 -0.956958 0.290225
vn 0.000000 -0.995495 0.094809
vn 0.000000 -0.995495 0.094809
vn 0.000000 -0.995495 0.094809
vn 0.000000 -0.995495 0.094809
vn 0.000000 -0.995495 -0.094809
vn 0.000000 -0.995495 -0.094809
vn 0.000000 -0.995495 -0.094809
vn 0.000000 -0.995495 -0.094809
vn 0.000000 -0.956958 -0.290225
vn 0.000000 -0.956958 -0.290225
vn 0.000000 -0.956958 -0.290225
vn 0.000000 -0.956958 -0.290225
vn 0.000000 -0.881480 -0.472221
vn 0.000000 -0.881480 -0.472221
vn 0.000000 -0.881480 -0.472221
vn 0.000000 -0.881480 -0.472221
vn 0.000000 -0.770794 -0.637085
vn 0.000000 -0.770794 -0.637085
vn 0.000000 -0.770794 -0.637085
vn 0.000000 -0.770794 -0.637085
vn 0.000000 -0.637085 -0.770794
vn 0.000000 -0.637085 -0.770794
vn 0.000000 -0.637085 -0.770794
vn 0.000000 -0.637085 -0.770794
vn 0.000000 -0.472221 -0.881480
vn 0.000000 -0.472221 -0.881480
vn 0.000000 -0.472221 -0.881480
vn 0.000000 -0.472221 -0.881480
vn 0.000000 -0.290225 -0.956958
vn 0.000000 -0.290225 -0.956958
vn 0.000000 -0.290225 -0.956958
vn 0.000000 -0.290225 -0.956958
vn 0.000000 -0.094809 -0.995495
vn 0.000000 -0.094809 -0.995495
vn 0.000000 -0.094809 -0.995495
vn 0.000000 -0.094809 -0.995495
vn 0.000000 0.094809 -0.995495
vn 0.000000 0.094809 -0.995495
vn 0.000000 0.094809 -0.995495
vn 0.000000 0.094809 -0.995495
vn 0.000000 0.290225 -0.956958
vn 0.000000 0.290225 -0.956958
vn 0.000000 0.290225 -0.956958
vn 0.000000 0.290225 -0.956958
vn 0.000000 0.472221 -0.881480
vn 0.000000 0.472221 -0.881480
vn 0.000000 0.472221 -0.881480
vn 0.000000 0.472221 -0.881480
vn 0.000000 0.637085 -0.770794
vn 0.000000 0.637085 -0.770794
vn 0.000000 0.637085 -0.770794
vn 0.000000 0.637085 -0.770794
vn 0.000000 0.770794 -0.637085
vn 0.000000 0.770794 -0.637085
vn 0.000000 0.770794 -0.637085
vn 0.000000 0.770794 -0.637085
vn 0.000000 0.881480 -0.472221
vn 0.000000 0.881480 -0.472221
vn 0.000000 0.881480 -0.472221
vn 0.000000 0.881480 -0.472221
vn 0.000000 0.956958 -0.290225
vn 0.000000 0.956958 -0.290225
vn 0.000000 0.956958 -0.290225
vn 0.000000 0.956958 -0.290225
vn 0.000000 0.995495 -0.094809
vn 0.000000 0.995495 -0.094809
vn 0.000000 0.995495 -0.094809
vn 0.000000 0.995495 -0.094809
vn 0.000000 0.995495 0.094809
vn 0.000000 0.995495 0.094809
vn 0.000000 0.995495 0.094809
vn 0.000000 0.995495 0.094809
vn 0.000000 0.956958 0.290225
vn 0.000000 0.956958 0.290225
vn 0.000000 0.956958 0.290225
vn 0.000000 0.956958 0.290225
vn 0.000000 0.881480 0.472221
vn 0.000000 0.881480 0.472221
vn 0.000000 0.881480 0.472221
vn 0.000000 0.881480 0.472221
vn 0.000000 0.770794 0.637085
vn 0.000000 0.770794 0.637085
vn 0.000000 0.770794 0.637085
vn 0.000000 0.770794 0.637085
vn 0.000000 0.637085 0.770794
vn 0.000000 0.637085 0.770794
vn 0.000000 0.637085 0.770794
vn 0.000000 0.637085 0.770794
vn 0.000000 0.472221 0.881480
vn 0.000000 0.472221 0.881480
vn 0.000000 0.472221 0.881480
vn 0.000000 0.472221 0.881480
vn 0.000000 0.290225 0.956958
vn 0.000000 0.290225 0.956958
vn 0.000000 0.290225 0.956958
vn 0.000000 0.290225 0.956958
vn 0.000000 0.094809 0.995495
vn 0.000000 0.094809 0.995495
vn 0.000000 0.094809 0.995495
vn 0.000000 0.094809 0.995495
vn 0.000000 -0.094809 0.995495
vn 0.000000 -0.094809 0.995495
vn 0.000000 -0.094809 0.995495
vn 0.000000 -0.094809 0.995495
vn 0.000000 -0.290225 0.956958
vn 0.000000 -0.290225 0.956958
vn 0.000000 -0.290225 0.956958
vn 0.000000 -0.290225 0.956958
vn 0.000000 -0.472221 0.881480
vn 0.000000 -0.472221 0.881480
vn 0.000000 -0.472221 0.881480
vn 0.000000 -0.472221 0.881480
vn 0.000000 -0.637085 0.770794
vn 0.000000 -0.637085 0.770794
vn 0.000000 -0.637085 0.770794
vn 0.000000 -0.637085 0.770794
vn 0.000000 -0.770794 0.637085
vn 0.000000 -0.770794 0.637085
vn 0.000000 -0.770794 0.637085
vn 0.000000 -0.770794 0.637085
vn 0.000000 -0.881480 0.472221
vn 0.000000 -0.881480 0.472221
vn 0.000000 -0.881480 0.472221
vn 0.000000 -0.881480 0.472221
vn 0.000000 -0.956958 0.290225
vn 0.000000 -0.956958 0.290225
vn 0.000000 -0.956958 0.290225
vn 0.000000 -0.956958 0.290225
vn 0.000000 -0.995495 0.094809
vn 0.000000 -0.995495 0.094809
vn 0.000000 -0.995495 0.094809
vn 0.000000 -0.995495 0.094809
vn 0.000000 -0.995495 -0.094809
vn 0.000000 -0.995495 -0.094809
vn 0.000000 -0.995495 -0.094809
vn 0.000000 -0.995495 -0.094809
vn 0.000000 -0.956958 -0.290225
vn 0.000000 -0.956958 -0.290225
vn 0.000000 -0.956958 -0.290225
vn 0.000000 -0.956958 -0.290225
vn 0.000000 -0.881480 -0.472221
vn 0.000000 -0.881480 -0.472221
vn 0.000000 -0.881480 -0.472221
vn 0.000000 -0.881480 -0.472221
vn 0.000000 -0.770794 -0.637085
vn 0.000000 -0.770794 -0.637085
vn 0.000000 -0.770794 -0.637085
vn 0.000000 -0.770794 -0.637085
vn 0.000000 -0.637085 -0.770794
vn 0.000000 -0.637085 -0.770794
vn 0.000000 -0.637085 -0.770794
vn 0.000000 -0.637085 -0.770794
vn 0.000000 -0.472221 -0.881480
vn 0.000000 -0.472221 -0.881480
vn 0.000000 -0.472221 -0.881480
vn 0.000000 -0.472221 -0.881480
vn 0.000000 -0.290225 -0.956958
vn 0.000000 -0.290225 -0.956958
vn 0.000000 -0.290225 -0.956958
vn 0.000000 -0.290225 -0.956958
vn 0.000000 -0.094809 -0.995495
vn 0.000000 -0.094809 -0.995495
vn 0.000000 -0.094809 -0.995495
vn 0.000000 -0.094809 -0.995495
vn 0.094856 -0.980184 -0.173904
vn 0.094856 -0.980184 -0.173904
vn 0.094856 -0.980184 -0.173904
vn 0.094856 -0.980184 -0.173904
vn 0.290610 -0.942518 -0.164941
vn 0.290610 -0.942518 -0.164941
vn 0.290610 -0.942518 -0.164941
vn 0.290610 -0.942518 -0.164941
vn 0.473440 -0.867973 -0.149923
vn 0.473440 -0.867973 -0.149923
vn 0.473440 -0.867973 -0.149923
vn 0.473440 -0.867973 -0.149923
vn 0.635240 -0.760720 -0.133322
vn 0.635240 -0.760720 -0.133322
vn 0.635240 -0.760720 -0.133322
vn 0.635240 -0.760720 -0.133322
vn 0.773767 -0.623751 -0.110538
vn 0.773767 -0.623751 -0.110538
vn 0.773767 -0.623751 -0.110538
vn 0.773767 -0.623751 -0.110538
vn 0.881999 -0.464625 -0.078750
vn 0.881999 -0.464625 -0.078750
vn 0.881999 -0.464625 -0.078750
vn 0.881999 -0.464625 -0.078750
vn 0.958049 -0.282703 -0.047117
vn 0.958049 -0.282703 -0.047117
vn 0.958049 -0.282703 -0.047117
vn 0.958049 -0.282703 -0.047117
vn 0.995371 -0.094797 -0.015800
vn 0.995371 -0.094797 -0.015800
vn 0.995371 -0.094797 -0.015800
vn 0.995371 -0.094797 -0.015800
vn 0.995371 0.094797 0.015800
vn 0.995371 0.094797 0.015800
vn 0.995371 0.094797 0.015800
vn 0.995371 0.094797 0.015800
vn 0.958049 0.282703 0.047117
vn 0.958049 0.282703 0.047117
vn 0.958049 0.282703 0.047117
vn 0.958049 0.282703 0.047117
vn 0.881999 0.464625 0.078750
vn 0.881999 0.464625 0.078750
vn 0.881999 0.464625 0.078750
vn 0.881999 0.464625 0.078750
vn 0.773767 0.623751 0.110538
vn 0.773767 0.623751 0.110538
vn 0.773767 0.623751 0.110538
vn 0.773767 0.623751 0.110538
vn 0.635240 0.760720 0.133322
vn 0.635240 0.760720 0.133322
vn 0.635240 0.760720 0.133322
vn 0.635240 0.760720 0.133322
vn 0.473440 0.867973 0.149923
vn 0.473440 0.867973 0.149923
vn 0.473440 0.867973 0.149923
vn 0.473440 0.867973 0.149923
vn 0.290610 0.942518 0.164941
vn 0.290610 0.942518 0.164941
vn 0.290610 0.942518 0.164941
vn 0.290610 0.942518 0.164941
vn 0.094856 0.980184 0.173904
vn 0.094856 0.980184 0.173904
vn 0.094856 0.980184 0.173904
vn 0.094856 0.980184 0.173904
vn -0.094856 0.980184 0.173904
vn -0.094856 0.980184 0.173904
vn -0.094856 0.980184 0.173904
vn -0.094856 0.980184 0.173904
vn -0.290610 0.942518 0.164941
vn -0.290610 0.942518 0.164941
vn -0.290610 0.942518 0.164941
vn -0.290610 0.942518 0.164941
vn -0.473440 0.867973 0.149923
vn -0.473440 0.867973 0.149923
vn -0.473440 0.867973 0.149923
vn -0.473440 0.867973 0.149923
vn -0.635240 0.760720 0.133322
vn -0.635240 0.760720 0.133322
vn -0.635240 0.760720 0.133322
vn -0.635240 0.760720 0.133322
vn -0.773767 0.623751 0.110538
vn -0.773767 0.623751 0.110538
vn -0.773767 0.623751 0.110538
vn -0.773767 0.623751 0.110538
vn -0.881999 0.464625 0.078750
vn -0.881999 0.464625 0.078750
vn -0.881999 0.464625 0.078750
vn -0.881999 0.464625 0.078750
vn -0.958049 0.282703 0.047117
vn -0.958049 0.282703 0.047117
vn -0.958049 0.282703 0.047117
vn -0.958049 0.282703 0.047117
vn -0.995371 0.094797 0.015800
vn -0.995371 0.094797 0.015800
vn -0.995371 0.094797 0.015800
vn -0.995371 0.094797 0.015800
vn -0.995371 -0.094797 -0.015800
vn -0.995371 -0.094797 -0.015800
vn -0.995371 -0.094797 -0.015800
vn -0.995371 -0.094797 -0.015800
vn -0.958049 -0.282703 -0.047117
vn -0.958049 -0.282703 -0.047117
vn -0.958049 -0.282703 -0.047117
vn -0.958049 -0.282703 -0.047117
vn -0.881999 -0.464625 -0.078750
vn -0.881999 -0.464625 -0.078750
vn -0.881999 -0.464625 -0.078750
vn -0.881999 -0.464625 -0.078750
vn -0.773767 -0.623751 -0.110538
vn -0.773767 -0.623751 -0.110538
vn -0.773767 -0.623751 -0.110538
vn -0.773767 -0.623751 -0.110538
vn -0.635240 -0.760720 -0.133322
vn -0.635240 -0.760720 -0.133322
vn -0.635240 -0.760720 -0.133322
vn -0.635240 -0.760720 -0.133322
vn -0.473440 -0.867973 -0.149923
vn -0.473440 -0.867973 -0.149923
vn -0.473440 -0.867973 -0.149923
vn -0.473440 -0.867973 -0.149923
vn -0.290610 -0.942518 -0.164941
vn -0.290610 -0.942518 -0.164941
vn -0.290610 -0.942518 -0.164941
vn -0.290610 -0.942518 -0.164941
vn -0.094856 -0.980184 -0.173904
vn -0.094856 -0.980184 -0.173904
vn -0.094856 -0.980184 -0.173904
vn -0.094856 -0.980184 -0.173904
vn 0.094809 -0.000000 -0.995495
vn 0.094809 -0.000000 -0.995495
vn 0.094809 -0.000000 -0.995495
vn 0.094809 -0.000000 -0.995495
vn 0.290225 -0.000000 -0.956958
vn 0.290225 -0.000000 -0.956958
vn 0.290225 -0.000000 -0.956958
vn 0.290225 -0.000000 -0.956958
vn 0.472221 -0.000000 -0.881480
vn 0.472221 -0.000000 -0.881480
vn 0.472221 -0.000000 -0.881480
vn 0.472221 -0.000000 -0.881480
vn 0.637085 -0.000000 -0.770794
vn 0.637085 -0.000000 -0.770794
vn 0.637085 -0.000000 -0.770794
vn 0.637085 -0.000000 -0.770794
vn 0.770794 -0.000000 -0.637085
vn 0.770794 -0.000000 -0.637085
vn 0.770794 -0.000000 -0.637085
vn 0.770794 -0.000000 -0.637085
vn 0.881480 -0.000000 -0.472221
vn 0.881480 -0.000000 -0.472221
vn 0.881480 -0.000000 -0.472221
vn 0.881480 -0.000000 -0.472221
vn 0.956958 -0.000000 -0.290225
vn 0.956958 -0.000000 -0.290225
vn 0.956958 -0.000000 -0.290225
vn 0.956958 -0.000000 -0.290225
vn 0.995495 -0.000000 -0.094809
vn 0.995495 -0.000000 -0.094809
vn 0.995495 -0.000000 -0.094809
vn 0.995495 -0.000000 -0.094809
vn 0.995495 -0.000000 0.094809
vn 0.995495 -0.000000 0.094809
vn 0.995495 -0.000000 0.094809
vn 0.995495 -0.000000 0.094809
vn 0.956958 -0.000000 0.290225
vn 0.956958 -0.000000 0.290225
vn 0.956958 -0.000000 0.290225
vn 0.956958 -0.000000 0.290225
vn 0.881480 -0.000000 0.472221
vn 0.881480 -0.000000 0.472221
vn 0.881480 -0.000000 0.472221
vn 0.881480 -0.000000 0.472221
vn 0.770794 -0.000000 0.637085
vn 0.770794 -0.000000 0.637085
vn 0.770794 -0.000000 0.637085
vn 0.770794 -0.000000 0.637085
vn 0.637085 -0.000000 0.770794
vn 0.637085 -0.000000 0.770794
vn 0.637085 -0.000000 0.770794
vn 0.637085 -0.000000 0.770794
vn 0.472221 -0.000000 0.881480
vn 0.472221 -0.000000 0.881480
vn 0.472221 -0.000000 0.881480
vn 0.472221 -0.000000 0.881480
vn 0.290225 -0.000000 0.956958
vn 0.290225 -0.000000 0.956958
vn 0.290225 -0.000000 0.956958
vn 0.290225 -0.000000 0.956958
vn 0.094809 -0.000000 0.995495
vn 0.094809 -0.000000 0.995495
vn 0.094809 -0.000000 0.995495
vn 0.094809 -0.000000 0.995495
vn -0.094809 -0.000000 0.995495
vn -0.094809 -0.000000 0.995495
vn -0.094809 -0.000000 0.995495
vn -0.094809 -0.000000 0.995495
vn -0.290225 -0.000000 0.956958
vn -0.290225 -0.000000 0.956958
vn -0.290225 -0.000000 0.956958
vn -0.290225 -0.000000 0.956958
vn -0.472221 -0.000000 0.881480
vn -0.472221 -0.000000 0.881480
vn -0.472221 -0.000000 0.881480
vn -0.472221 -0.000000 0.881480
vn -0.637085 -0.000000 0.770794
vn -0.637085 -0.000000 0.770794
vn -0.637085 -0.000000 0.770794
vn -0.637085 -0.000000 0.770794
vn -0.770794 -0.000000 0.637085
vn -0.770794 -0.000000 0.637085
vn -0.770794 -0.000000 0.637085
vn -0.770794 -0.000000 0.637085
vn -0.881480 -0.000000 0.472221
vn -0.881480 -0.000000 0.472221
vn -0.881480 -0.000000 0.472221
vn -0.881480 -0.000000 0.472221
vn -0.956958 -0.000000 0.290225
vn -0.956958 -0.000000 0.290225
vn -0.956958 -0.000000 0.290225
vn -0.956958 -0.000000 0.290225
vn -0.995495 -0.000000 0.094809
vn -0.995495 -0.000000 0.094809
vn -0.995495 -0.000000 0.094809
vn -0.995495 -0.000000 0.094809
vn -0.995495 -0.000000 -0.094809
vn -0.995495 -0.000000 -0.094809
vn -0.995495 -0.000000 -0.094809
vn -0.995495 -0.000000 -0.094809
vn -0.956958 -0.000000 -0.290225
vn -0.956958 -0.000000 -0.290225
vn -0.956958 -0.000000 -0.290225
vn -0.956958 -0.000000 -0.290225
vn -0.881480 -0.000000 -0.472221
vn -0.881480 -0.000000 -0.472221
vn -0.881480 -0.000000 -0.472221
vn -0.881480 -0.000000 -0.472221
vn -0.770794 -0.000000 -0.637085
vn -0.770794 -0.000000 -0.637085
vn -0.770794 -0.000000 -0.637085
vn -0.770794 -0.000000 -0.637085
vn -0.637085 -0.000000 -0.770794
vn -0.637085 -0.000000 -0.770794
vn -0.637085 -0.000000 -0.770794
vn -0.637085 -0.000000 -0.770794
vn -0.472221 -0.000000 -0.881480
vn -0.472221 -0.000000 -0.881480
vn -0.472221 -0.000000 -0.881480
vn -0.472221 -0.000000 -0.881480
vn -0.290225 -0.000000 -0.956958
vn -0.290225 -0.000000 -0.956958
vn -0.290225 -0.000000 -0.956958
vn -0.290225 -0.000000 -0.956958
vn -0.094809 -0.000000 -0.995495
vn -0.094809 -0.000000 -0.995495
vn -0.094809 -0.000000 -0.995495
vn -0.094809 -0.000000 -0.995495
vn 0.000000 0.094809 -0.995495
vn 0.000000 0.094809 -0.995495
vn 0.000000 0.094809 -0.995495
vn 0.000000 0.094809 -0.995495
vn 0.000000 0.290225 -0.956958
vn 0.000000 0.290225 -0.956958
vn 0.000000 0.290225 -0.956958
vn 0.000000 0.290225 -0.956958
vn 0.000000 0.472221 -0.881480
vn 0.000000 0.472221 -0.881480
vn 0.000000 0.472221 -0.881480
vn 0.000000 0.472221 -0.881480
vn 0.000000 0.637085 -0.770794
vn 0.000000 0.637085 -0.770794
vn 0.000000 0.637085 -0.770794
vn 0.000000 0.637085 -0.770794
vn 0.000000 0.770794 -0.637085
vn 0.000000 0.770794 -0.637085
vn 0.000000 0.770794 -0.637085
vn 0.000000 0.770794 -0.637085
vn 0.000000 0.881480 -0.472221
vn 0.000000 0.881480 -0.472221
vn 0.000000 0.881480 -0.472221
vn 0.000000 0.881480 -0.472221
vn 0.000000 0.956958 -0.290225
vn 0.000000 0.956958 -0.290225
vn 0.000000 0.956958 -0.290225
vn 0.000000 0.956958 -0.290225
vn 0.000000 0.995495 -0.094809
vn 0.000000 0.995495 -0.094809
vn 0.000000 0.995495 -0.094809
vn 0.000000 0.995495 -0.094809
vn 0.000000 0.995495 0.094809
vn 0.000000 0.995495 0.094809
vn 0.000000 0.995495 0.094809
vn 0.000000 0.995495 0.094809
vn 0.000000 0.956958 0.290225
vn 0.000000 0.956958 0.290225
vn 0.000000 0.956958 0.290225
vn 0.000000 0.956958 0.290225
vn 0.000000 0.881480 0.472221
vn 0.000000 0.881480 0.472221
vn 0.000000 0.881480 0.472221
vn 0.000000 0.881480 0.472221
vn 0.000000 0.770794 0.637085
vn 0.000000 0.770794 0.637085
vn 0.000000 0.770794 0.637085
vn 0.000000 0.770794 0.637085
vn 0.000000 0.637085 0.770794
vn 0.000000 0.637085 0.770794
vn 0.000000 0.637085 0.770794
vn 0.000000 0.637085 0.770794
vn 0.000000 0.472221 0.881480
vn 0.000000 0.472221 0.881480
vn 0.000000 0.472221 0.881480
vn 0.000000 0.472221 0.881480
vn 0.000000 0.290225 0.956958
vn 0.000000 0.290225 0.956958
vn 0.000000 0.290225 0.956958
vn 0.000000 0.290225 0.956958
vn 0.000000 0.094809 0.995495
vn 0.000000 0.094809 0.995495
vn 0.000000 0.094809 0.995495
vn 0.000000 0.094809 0.995495
vn 0.000000 -0.094809 0.995495
vn 0.000000 -0.094809 0.995495
vn 0.000000 -0.094809 0.995495
vn 0.000000 -0.094809 0.995495
vn 0.000000 -0.290225 0.956958
vn 0.000000 -0.290225 0.956958
vn 0.000000 -0.290225 0.956958
vn 0.000000 -0.290225 0.956958
vn 0.000000 -0.472221 0.881480
vn 0.000000 -0.472221 0.881480
vn 0.000000 -0.472221 0.881480
vn 0.000000 -0.472221 0.881480
vn 0.000000 -0.637085 0.770794
vn 0.000000 -0.637085 0.770794
vn 0.000000 -0.637085 0.770794
vn 0.000000 -0.637085 0.770794
vn 0.000000 -0.770794 0.637085
vn 0.000000 -0.770794 0.637085
vn 0.000000 -0.770794 0.637085
vn 0.000000 -0.770794 0.637085
vn 0.000000 -0.881480 0.472221
vn 0.000000 -0.881480 0.472221
vn 0.000000 -0.881480 0.472221
vn 0.000000 -0.881480 0.472221
vn 0.000000 -0.956958 0.290225
vn 0.000000 -0.956958 0.290225
vn 0.000000 -0.956958 0.290225
vn 0.000000 -0.956958 0.290225
vn 0.000000 -0.995495 0.094809
vn 0.000000 -0.995495 0.094809
vn 0.000000 -0.995495 0.094809
vn 0.000000 -0.995495 0.094809
vn 0.000000 -0.995495 -0.094809
vn 0.000000 -0.995495 -0.094809
vn 0.000000 -0.995495 -0.094809
vn 0.000000 -0.995495 -0.094809
vn 0.000000 -0.956958 -0.290225
vn 0.000000 -0.956958 -0.290225
vn 0.000000 -0.956958 -0.290225
vn 0.000000 -0.956958 -0.290225
vn 0.000000 -0.881480 -0.472221
vn 0.000000 -0.881480 -0.472221
vn 0.000000 -0.881480 -0.472221
vn 0.000000 -0.881480 -0.472221
vn 0.000000 -0.770794 -0.637085
vn 0.000000 -0.770794 -0.637085
vn 0.000000 -0.770794 -0.637085
vn 0.000000 -0.770794 -0.637085
vn 0.000000 -0.637085 -0.770794
vn 0.000000 -0.637085 -0.770794
vn 0.000000 -0.637085 -0.770794
vn 0.000000 -0.637085 -0.770794
vn 0.000000 -0.472221 -0.881480
vn 0.000000 -0.472221 -0.881480
vn 0.000000 -0.472221 -0.881480
vn 0.000000 -0.472221 -0.881480
vn 0.000000 -0.290225 -0.956958
vn 0.000000 -0.290225 -0.956958
vn 0.000000 -0.290225 -0.956958
vn 0.000000 -0.290225 -0.956958
vn 0.000000 -0.094809 -0.995495
vn 0.000000 -0.094809 -0.995495
vn 0.000000 -0.094809 -0.995495
vn 0.000000 -0.094809 -0.995495
vn 0.000000 0.094809 -0.995495
vn 0.000000 0.094809 -0.995495
vn 0.000000 0.094809 -0.995495
vn 0.000000 0.094809 -0.995495
vn 0.000000 0.290225 -0.956958
vn 0.000000 0.290225 -0.956958
vn 0.000000 0.290225 -0.956958
vn 0.000000 0.290225 -0.956958
vn 0.000000 0.472221 -0.881480
vn 0.000000 0.472221 -0.881480
vn 0.000000 0.472221 -0.881480
vn 0.000000 0.472221 -0.881480
vn 0.000000 0.637085 -0.770794
vn 0.000000 0.637085 -0.770794
vn 0.000000 0.637085 -0.770794
vn 0.000000 0.637085 -0.770794
vn 0.000000 0.770794 -0.637085
vn 0.000000 0.770794 -0.637085
vn 0.000000 0.770794 -0.637085
vn 0.000000 0.770794 -0.637085
vn 0.000000 0.881480 -0.472221
vn 0.000000 0.881480 -0.472221
vn 0.000000 0.881480 -0.472221
vn 0.000000 0.881480 -0.472221
vn 0.000000 0.956958 -0.290225
vn 0.000000 0.956958 -0.290225
vn 0.000000 0.956958 -0.290225
vn 0.000000 0.956958 -0.290225
vn 0.000000 0.995495 -0.094809
vn 0.000000 0.995495 -0.094809
vn 0.000000 0.995495 -0.094809
vn 0.000000 0.995495 -0.094809
vn 0.000000 0.995495 0.094809
vn 0.000000 0.995495 0.094809
vn 0.000000 0.995495 0.094809
vn 0.000000 0.995495 0.094809
vn 0.000000 0.956958 0.290225
vn 0.000000 0.956958 0.290225
vn 0.000000 0.956958 0.290225
vn 0.000000 0.956958 0.290225
vn 0.000000 0.881480 0.472221
vn 0.000000 0.881480 0.472221
vn 0.000000 0.881480 0.472221
vn 0.000000 0.881480 0.472221
vn 0.000000 0.770794 0.637085
vn 0.000000 0.770794 0.637085
vn 0.000000 0.770794 0.637085
vn 0.000000 0.770794 0.637085
vn 0.000000 0.637085 0.770794
vn 0.000000 0.637085 0.770794
vn 0.000000 0.637085 0.770794
vn 0.000000 0.637085 0.770794
vn 0.000000 0.472221 0.881480
vn 0.000000 0.472221 0.881480
vn 0.000000 0.472221 0.881480
vn 0.000000 0.472221 0.881480
vn 0.000000 0.290225 0.956958
vn 0.000000 0.290225 0.956958
vn 0.000000 0.290225 0.956958
vn 0.000000 0.290225 0.956958
vn 0.000000 0.094809 0.995495
vn 0.000000 0.094809 0.995495
vn 0.000000 0.094809 0.995495
vn 0.000000 0.094809 0.995495
vn 0.000000 -0.094809 0.995495
vn 0.000000 -0.094809 0.995495
vn 0.000000 -0.094809 0.995495
vn 0.000000 -0.094809 0.995495
vn 0.000000 -0.290225 0.956958
vn 0.000000 -0.290225 0.956958
vn 0.000000 -0.290225 0.956958
vn 0.000000 -0.290225 0.956958
vn 0.000000 -0.472221 0.881480
vn 0.000000 -0.472221 0.881480
vn 0.000000 -0.472221 0.881480
vn 0.000000 -0.472221 0.881480
vn 0.000000 -0.637085 0.770794
vn 0.000000 -0.637085 0.770794
vn 0.000000 -0.637085 0.770794
vn 0.000000 -0.637085 0.770794
vn 0.000000 -0.770794 0.637085
vn 0.000000 -0.770794 0.637085
vn 0.000000 -0.770794 0.637085
vn 0.000000 -0.770794 0.637085
vn 0.000000 -0.881480 0.472221
vn 0.000000 -0.881480 0.472221
vn 0.000000 -0.881480 0.472221
vn 0.000000 -0.881480 0.472221
vn 0.000000 -0.956958 0.290225
vn 0.000000 -0.956958 0.290225
vn 0.000000 -0.956958 0.290225
vn 0.000000 -0.956958 0.290225
vn 0.000000 -0.995495 0.094809
vn 0.000000 -0.995495 0.094809
vn 0.000000 -0.995495 0.094809
vn 0.000000 -0.995495 0.094809
vn 0.000000 -0.995495 -0.094809
vn 0.000000 -0.995495 -0.094809
vn 0.000000 -0.995495 -0.094809
vn 0.000000 -0.995495 -0.094809
vn 0.000000 -0.956958 -0.290225
vn 0.000000 -0.956958 -0.290225
vn 0.000000 -0.956958 -0.290225
vn 0.000000 -0.956958 -0.290225
vn 0.000000 -0.881480 -0.472221
vn 0.000000 -0.881480 -0.472221
vn 0.000000 -0.881480 -0.472221
vn 0.000000 -0.881480 -0.472221
vn 0.000000 -0.770794 -0.637085
vn 0.000000 -0.770794 -0.637085
vn 0.000000 -0.770794 -0.637085
vn 0.000000 -0.770794 -0.637085
vn 0.000000 -0.637085 -0.770794
vn 0.000000 -0.637085 -0.770794
vn 0.000000 -0.637085 -0.770794
vn 0.000000 -0.637085 -0.770794
vn 0.000000 -0.472221 -0.881480
vn 0.000000 -0.472221 -0.881480
vn 0.000000 -0.472221 -0.881480
vn 0.000000 -0.472221 -0.881480
vn 0.000000 -0.290225 -0.956958
vn 0.000000 -0.290225 -0.956958
vn 0.000000 -0.290225 -0.956958
vn 0.000000 -0.290225 -0.956958
vn 0.000000 -0.094809 -0.995495
vn 0.000000 -0.094809 -0.995495
vn 0.000000 -0.094809 -0.995495
vn 0.000000 -0.094809 -0.995495
vn 0.000000 0.094809 -0.995495
vn 0.000000 0.094809 -0.995495
vn 0.000000 0.094809 -0.995495
vn 0.000000 0.094809 -0.995495
vn 0.000000 0.290225 -0.956958
vn 0.000000 0.290225 -0.956958
vn 0.000000 0.290225 -0.956958
vn 0.000000 0.290225 -0.956958
vn 0.000000 0.472221 -0.881480
vn 0.000000 0.472221 -0.881480
vn 0.000000 0.472221 -0.881480
vn 0.000000 0.472221 -0.881480
vn 0.000000 0.637085 -0.770794
vn 0.000000 0.637085 -0.770794
vn 0.000000 0.637085 -0.770794
vn 0.000000 0.637085 -0.770794
vn 0.000000 0.770794 -0.637085
vn 0.000000 0.770794 -0.637085
vn 0.000000 0.770794 -0.637085
vn 0.000000 0.770794 -0.637085
vn 0.000000 0.881480 -0.472221
vn 0.000000 0.881480 -0.472221
vn 0.000000 0.881480 -0.472221
vn 0.000000 0.881480 -0.472221
vn 0.000000 0.956958 -0.290225
vn 0.000000 0.956958 -0.290225
vn 0.000000 0.956958 -0.290225
vn 0.000000 0.956958 -0.290225
vn 0.000000 0.995495 -0.094809
vn 0.000000 0.995495 -0.094809
vn 0.000000 0.995495 -0.094809
vn 0.000000 0.995495 -0.094809
vn 0.000000 0.995495 0.094809
vn 0.000000 0.995495 0.094809
vn 0.000000 0.995495 0.094809
vn 0.000000 0.995495 0.094809
vn 0.000000 0.956958 0.290225
vn 0.000000 0.956958 0.290225
vn 0.000000 0.956958 0.290225
vn 0.000000 0.956958 0.290225
vn 0.000000 0.881480 0.472221
vn 0.000000 0.881480 0.472221
vn 0.000000 0.881480 0.472221
vn 0.000000 0.881480 0.472221
vn 0.000000 0.770794 0.637085
vn 0.000000 0.770794 0.637085
vn 0.000000 0.770794 0.637085
vn 0.000000 0.770794 0.637085
vn 0.000000 0.637085 0.770794
vn 0.000000 0.637085 0.770794
vn 0.000000 0.637085 0.770794
vn 0.000000 0.637085 0.770794
vn 0.000000 0.472221 0.881480
vn 0.000000 0.472221 0.881480
vn 0.000000 0.472221 0.881480
vn 0.000000 0.472221 0.881480
vn 0.000000 0.290225 0.956958
vn 0.000000 0.290225 0.956958
vn 0.000000 0.290225 0.956958
vn 0.000000 0.290225 0.956958
vn 0.000000 0.094809 0.995495
vn 0.000000 0.094809 0.995495
vn 0.000000 0.094809 0.995495
vn 0.000000 0.094809 0.995495
vn 0.000000 -0.094809 0.995495
vn 0.000000 -0.094809 0.995495
vn 0.000000 -0.094809 0.995495
vn 0.000000 -0.094809 0.995495
vn 0.000000 -0.290225 0.956958
vn 0.000000 -0.290225 0.956958
vn 0.000000 -0.290225 0.956958
vn 0.000000 -0.290225 0.956958
vn 0.000000 -0.472221 0.881480
vn 0.000000 -0.472221 0.881480
vn 0.000000 -0.472221 0.881480
vn 0.000000 -0.472221 0.881480
vn 0.000000 -0.637085 0.770794
vn 0.000000 -0.637085 0.770794
vn 0.000000 -0.637085 0.770794
vn 0.000000 -0.637085 0.770794
vn 0.000000 -0.770794 0.637085
vn 0.000000 -0.770794 0.637085
vn 0.000000 -0.770794 0.637085
vn 0.000000 -0.770794 0.637085
vn 0.000000 -0.881480 0.472221
vn 0.000000 -0.881480 0.472221
vn 0.000000 -0.881480 0.472221
vn 0.000000 -0.881480 0.472221
vn 0.000000 -0.956958 0.290225
vn 0.000000 -0.956958 0.290225
vn 0.000000 -0.956958 0.290225
vn 0.000000 -0.956958 0.290225
vn 0.000000 -0.995495 0.094809
vn 0.000000 -0.995495 0.094809
vn 0.000000 -0.995495 0.094809
vn 0.000000 -0.995495 0.094809
vn 0.000000 -0.995495 -0.094809
vn 0.000000 -0.995495 -0.094809
vn 0.000000 -0.995495 -0.094809
vn 0.000000 -0.995495 -0.094809
vn 0.000000 -0.956958 -0.290225
vn 0.000000 -0.956958 -0.290225
vn 0.000000 -0.956958 -0.290225
vn 0.000000 -0.956958 -0.290225
vn 0.000000 -0.881480 -0.472221
vn 0.000000 -0.881480 -0.472221
vn 0.000000 -0.881480 -0.472221
vn 0.000000 -0.881480 -0.472221
vn 0.000000 -0.770794 -0.637085
vn 0.000000 -0.770794 -0.637085
vn 0.000000 -0.770794 -0.637085
vn 0.000000 -0.770794 -0.637085
vn 0.000000 -0.637085 -0.770794
vn 0.000000 -0.637085 -0.770794
vn 0.000000 -0.637085 -0.770794
vn 0.000000 -0.637085 -0.770794
vn 0.000000 -0.472221 -0.881480
vn 0.000000 -0.472221 -0.881480
vn 0.000000 -0.472221 -0.881480
vn 0.000000 -0.472221 -0.881480
vn 0.000000 -0.290225 -0.956958
vn 0.000000 -0.290225 -0.956958
vn 0.000000 -0.290225 -0.956958
vn 0.000000 -0.290225 -0.956958
vn 0.000000 -0.094809 -0.995495
vn 0.000000 -0.094809 -0.995495
vn 0.000000 -0.094809 -0.995495
vn 0.000000 -0.094809 -0.995495
vn 0.000000 0.094809 -0.995495
vn 0.000000 0.094809 -0.995495
vn 0.000000 0.094809 -0.995495
vn 0.000000 0.094809 -0.995495
vn 0.000000 0.290225 -0.956958
vn 0.000000 0.290225 -0.956958
vn 0.000000 0.290225 -0.956958
vn 0.000000 0.290225 -0.956958
vn 0.000000 0.472221 -0.881480
vn 0.000000 0.472221 -0.881480
vn 0.000000 0.472221 -0.881480
vn 0.000000 0.472221 -0.881480
vn 0.000000 0.637085 -0.770794
vn 0.000000 0.637085 -0.770794
vn 0.000000 0.637085 -0.770794
vn 0.000000 0.637085 -0.770794
vn 0.000000 0.770794 -0.637085
vn 0.000000 0.770794 -0.637085
vn 0.000000 0.770794 -0.637085
vn 0.000000 0.770794 -0.637085
vn 0.000000 0.881480 -0.472221
vn 0.000000 0.881480 -0.472221
vn 0.000000 0.881480 -0.472221
vn 0.000000 0.881480 -0.472221
vn 0.000000 0.956958 -0.290225
vn 0.000000 0.956958 -0.290225
vn 0.000000 0.956958 -0.290225
vn 0.000000 0.956958 -0.290225
vn 0.000000 0.995495 -0.094809
vn 0.000000 0.995495 -0.094809
vn 0.000000 0.995495 -0.094809
vn 0.000000 0.995495 -0.094809
vn 0.000000 0.995495 0.094809
vn 0.000000 0.995495 0.094809
vn 0.000000 0.995495 0.094809
vn 0.000000 0.995495 0.094809
vn 0.000000 0.956958 0.290225
vn 0.000000 0.956958 0.290225
vn 0.000000 0.956958 0.290225
vn 0.000000 0.956958 0.290225
vn 0.000000 0.881480 0.472221
vn 0.000000 0.881480 0.472221
vn 0.000000 0.881480 0.472221
vn 0.000000 0.881480 0.472221
vn 0.000000 0.770794 0.637085
vn 0.000000 0.770794 0.637085
vn 0.000000 0.770794 0.637085
vn 0.000000 0.770794 0.637085
vn 0.000000 0.637085 0.770794
vn 0.000000 0.637085 0.770794
vn 0.000000 0.637085 0.770794
vn 0.000000 0.637085 0.770794
vn 0.000000 0.472221 0.881480
vn 0.000000 0.472221 0.881480
vn 0.000000 0.472221 0.881480
vn 0.000000 0.472221 0.881480
vn 0.000000 0.290225 0.956958
vn 0.000000 0.290225 0.956958
vn 0.000000 0.290225 0.956958
vn 0.000000 0.290225 0.956958
vn 0.000000 0.094809 0.995495
vn 0.000000 0.094809 0.995495
vn 0.000000 0.094809 0.995495
vn 0.000000 0.094809 0.995495
vn 0.000000 -0.094809 0.995495
vn 0.000000 -0.094809 0.995495
vn 0.000000 -0.094809 0.995495
vn 0.000000 -0.094809 0.995495
vn 0.000000 -0.290225 0.956958
vn 0.000000 -0.290225 0.956958
vn 0.000000 -0.290225 0.956958
vn 0.000000 -0.290225 0.956958
vn 0.000000 -0.472221 0.881480
vn 0.000000 -0.472221 0.881480
vn 0.000000 -0.472221 0.881480
vn 0.000000 -0.472221 0.881480
vn 0.000000 -0.637085 0.770794
vn 0.000000 -0.637085 0.770794
vn 0.000000 -0.637085 0.770794
vn 0.000000 -0.637085 0.770794
vn 0.000000 -0.770794 0.637085
vn 0.000000 -0.770794 0.637085
vn 0.000000 -0.770794 0.637085
vn 0.000000 -0.770794 0.637085
vn 0.000000 -0.881480 0.472221
vn 0.000000 -0.881480 0.472221
vn 0.000000 -0.881480 0.472221
vn 0.000000 -0.881480 0.472221
vn 0.000000 -0.956958 0.290225
vn 0.000000 -0.956958 0.290225
vn 0.000000 -0.956958 0.290225
vn 0.000000 -0.956958 0.290225
vn 0.000000 -0.995495 0.094809
vn 0.000000 -0.995495 0.094809
vn 0.000000 -0.995495 0.094809
vn 0.000000 -0.995495 0.094809
vn 0.000000 -0.995495 -0.094809
vn 0.000000 -0.995495 -0.094809
vn 0.000000 -0.995495 -0.094809
vn 0.000000 -0.995495 -0.094809
vn 0.000000 -0.956958 -0.290225
vn 0.000000 -0.956958 -0.290225
vn 0.000000 -0.956958 -0.290225
vn 0.000000 -0.956958 -0.290225
vn 0.000000 -0.881480 -0.472221
vn 0.000000 -0.881480 -0.472221
vn 0.000000 -0.881480 -0.472221
vn 0.000000 -0.881480 -0.472221
vn 0.000000 -0.770794 -0.637085
vn 0.000000 -0.770794 -0.637085
vn 0.000000 -0.770794 -0.637085
vn 0.000000 -0.770794 -0.637085
vn 0.000000 -0.637085 -0.770794
vn 0.000000 -0.637085 -0.770794
vn 0.000000 -0.637085 -0.770794
vn 0.000000 -0.637085 -0.770794
vn 0.000000 -0.472221 -0.881480
vn 0.000000 -0.472221 -0.881480
vn 0.000000 -0.472221 -0.881480
vn 0.000000 -0.472221 -0.881480
vn 0.000000 -0.290225 -0.956958
vn 0.000000 -0.290225 -0.956958
vn 0.000000 -0.290225 -0.956958
vn 0.000000 -0.290225 -0.956958
vn 0.000000 -0.094809 -0.995495
vn 0.000000 -0.094809 -0.995495
vn 0.000000 -0.094809 -0.995495
vn 0.000000 -0.094809 -0.995495
vn 0.000000 0.094809 -0.995495
vn 0.000000 0.094809 -0.995495
vn 0.000000 0.094809 -0.995495
vn 0.000000 0.094809 -0.995495
vn 0.000000 0.290225 -0.956958
vn 0.000000 0.290225 -0.956958
vn 0.000000 0.290225 -0.956958
vn 0.000000 0.290225 -0.956958
vn 0.000000 0.472221 -0.881480
vn 0.000000 0.472221 -0.881480
vn 0.000000 0.472221 -0.881480
vn 0.000000 0.472221 -0.881480
vn 0.000000 0.637085 -0.770794
vn 0.000000 0.637085 -0.770794
vn 0.000000 0.637085 -0.770794
vn 0.000000 0.637085 -0.770794
vn 0.000000 0.770794 -0.637085
vn 0.000000 0.770794 -0.637085
vn 0.000000 0.770794 -0.637085
vn 0.000000 0.770794 -0.637085
vn 0.000000 0.881480 -0.472221
vn 0.000000 0.881480 -0.472221
vn 0.000000 0.881480 -0.472221
vn 0.000000 0.881480 -0.472221
vn 0.000000 0.956958 -0.290225
vn 0.000000 0.956958 -0.290225
vn 0.000000 0.956958 -0.290225
vn 0.000000 0.956958 -0.290225
vn 0.000000 0.995495 -0.094809
vn 0.000000 0.995495 -0.094809
vn 0.000000 0.995495 -0.094809
vn 0.000000 0.995495 -0.094809
vn 0.000000 0.995495 0.094809
vn 0.000000 0.995495 0.094809
vn 0.000000 0.995495 0.094809
vn 0.000000 0.995495 0.094809
vn 0.000000 0.956958 0.290225
vn 0.000000 0.956958 0.290225
vn 0.000000 0.956958 0.290225
vn 0.000000 0.956958 0.290225
vn 0.000000 0.881480 0.472221
vn 0.000000 0.881480 0.472221
vn 0.000000 0.881480 0.472221
vn 0.000000 0.881480 0.472221
vn 0.000000 0.770794 0.637085
vn 0.000000 0.770794 0.637085
vn 0.000000 0.770794 0.637085
vn 0.000000 0.770794 0.637085
vn 0.000000 0.637085 0.770794
vn 0.000000 0.637085 0.770794
vn 0.000000 0.637085 0.770794
vn 0.000000 0.637085 0.770794
vn 0.000000 0.472221 0.881480
vn 0.000000 0.472221 0.881480
vn 0.000000 0.472221 0.881480
vn 0.000000 0.472221 0.881480
vn 0.000000 0.290225 0.956958
vn 0.000000 0.290225 0.956958
vn 0.000000 0.290225 0.956958
vn 0.000000 0.290225 0.956958
vn 0.000000 0.094809 0.995495
vn 0.000000 0.094809 0.995495
vn 0.000000 0.094809 0.995495
vn 0.000000 0.094809 0.995495
vn 0.000000 -0.094809 0.995495
vn 0.000000 -0.094809 0.995495
vn 0.000000 -0.094809 0.995495
vn 0.000000 -0.094809 0.995495
vn 0.000000 -0.290225 0.956958
vn 0.000000 -0.290225 0.956958
vn 0.000000 -0.290225 0.956958
vn 0.000000 -0.290225 0.956958
vn 0.000000 -0.472221 0.881480
vn 0.000000 -0.472221 0.881480
vn 0.000000 -0.472221 0.881480
vn 0.000000 -0.472221 0.881480
vn 0.000000 -0.637085 0.770794
vn 0.000000 -0.637085 0.770794
vn 0.000000 -0.637085 0.770794
vn 0.000000 -0.637085 0.770794
vn 0.000000 -0.770794 0.637085
vn 0.000000 -0.770794 0.637085
vn 0.000000 -0.770794 0.637085
vn 0.000000 -0.770794 0.637085
vn 0.000000 -0.881480 0.472221
vn 0.000000 -0.881480 0.472221
vn 0.000000 -0.881480 0.472221
vn 0.000000 -0.881480 0.472221
vn 0.000000 -0.956958 0.290225
vn 0.000000 -0.956958 0.290225
vn 0.000000 -0.956958 0.290225
vn 0.000000 -0.956958 0.290225
vn 0.000000 -0.995495 0.094809
vn 0.000000 -0.995495 0.094809
vn 0.000000 -0.995495 0.094809
vn 0.000000 -0.995495 0.094809
vn 0.000000 -0.995495 -0.094809
vn 0.000000 -0.995495 -0.094809
vn 0.000000 -0.995495 -0.094809
vn 0.000000 -0.995495 -0.094809
vn 0.000000 -0.956958 -0.290225
vn 0.000000 -0.956958 -0.290225
vn 0.000000 -0.956958 -0.290225
vn 0.000000 -0.956958 -0.290225
vn 0.000000 -0.881480 -0.472221
vn 0.000000 -0.881480 -0.472221
vn 0.000000 -0.881480 -0.472221
vn 0.000000 -0.881480 -0.472221
vn 0.000000 -0.770794 -0.637085
vn 0.000000 -0.770794 -0.637085
vn 0.000000 -0.770794 -0.637085
vn 0.000000 -0.770794 -0.637085
vn 0.000000 -0.637085 -0.770794
vn 0.000000 -0.637085 -0.770794
vn 0.000000 -0.637085 -0.770794
vn 0.000000 -0.637085 -0.770794
vn 0.000000 -0.472221 -0.881480
vn 0.000000 -0.472221 -0.881480
vn 0.000000 -0.472221 -0.881480
vn 0.000000 -0.472221 -0.881480
vn 0.000000 -0.290225 -0.956958
vn 0.000000 -0.290225 -0.956958
vn 0.000000 -0.290225 -0.956958
vn 0.000000 -0.290225 -0.956958
vn 0.000000 -0.094809 -0.995495
vn 0.000000 -0.094809 -0.995495
vn 0.000000 -0.094809 -0.995495
vn 0.000000 -0.094809 -0.995495
vn 1.000000 -0.000000 -0.000000
vn 1.000000 -0.000000 -0.000000
vn 1.000000 -0.000000 -0.000000
vn 1.000000 -0.000000 -0.000000
vn 1.000000 -0.000000 -0.000000
vn 1.000000 -0.000000 -0.000000
vn 1.000000 -0.000000 -0.000000
vn 1.000000 -0.000000 -0.000000
vn 1.000000 -0.000000 -0.000000
vn 1.000000 -0.000000 -0.000000
vn 1.000000 -0.000000 -0.000000
vn 1.000000 -0.000000 -0.000000
vn 1.000000 -0.000000 -0.000000
vn 1.000000 -0.000000 -0.000000
vn 1.000000 -0.000000 -0.000000
vn 1.000000 -0.000000 -0.000000
vn 1.000000 -0.000000 -0.000000
vn 1.000000 -0.000000 -0.000000
vn 1.000000 -0.000000 -0.000000
vn 1.000000 -0.000000 -0.000000
vn 1.000000 -0.000000 -0.000000
vn 1.000000 -0.000000 -0.000000
vn 1.000000 -0.000000 -0.000000
vn 1.000000 -0.000000 -0.000000
vn 1.000000 -0.000000 -0.000000
vn 1.000000 -0.000000 -0.000000
vn 1.000000 -0.000000 -0.000000
vn 1.000000 -0.000000 -0.000000
vn 1.000000 -0.000000 -0.000000
vn 1.000000 -0.000000 -0.000000
vn 1.000000 -0.000000 -0.000000
vn 1.000000 -0.000000 -0.000000
vn -1.000000 -0.000000 -0.000000
vn -1.000000 -0.000000 -0.000000
vn -1.000000 -0.000000 -0.000000
vn -1.000000 -0.000000 -0.000000
vn -1.000000 -0.000000 -0.000000
vn -1.000000 -0.000000 -0.000000
vn -1.000000 -0.000000 -0.000000
vn -1.000000 -0.000000 -0.000000
vn -1.000000 -0.000000 -0.000000
vn -1.000000 -0.000000 -0.000000
vn -1.000000 -0.000000 -0.000000
vn -1.000000 -0.000000 -0.000000
vn -1.000000 -0.000000 -0.000000
vn -1.000000 -0.000000 -0.000000
vn -1.000000 -0.000000 -0.000000
vn -1.000000 -0.000000 -0.000000
vn -1.000000 -0.000000 -0.000000
vn -1.000000 -0.000000 -0.000000
vn -1.000000 -0.000000 -0.000000
vn -1.000000 -0.000000 -0.000000
vn -1.000000 -0.000000 -0.000000
vn -1.000000 -0.000000 -0.000000
vn -1.000000 -0.000000 -0.000000
vn -1.000000 -0.000000 -0.000000
vn -1.000000 -0.000000 -0.000000
vn -1.000000 -0.000000 -0.000000
vn -1.000000 -0.000000 -0.000000
vn -1.000000 -0.000000 -0.000000
vn -1.000000 -0.000000 -0.000000
vn -1.000000 -0.000000 -0.000000
vn -1.000000 -0.000000 -0.000000
vn -1.000000 -0.000000 -0.000000
vn 0.000000 -1.000000 -0.000000
vn 0.000000 -1.000000 -0.000000
vn 0.000000 -1.000000 -0.000000
vn 0.000000 -1.000000 -0.000000
vn 0.000000 -1.000000 -0.000000
vn 0.000000 -1.000000 -0.000000
vn 0.000000 -1.000000 -0.000000
vn 0.000000 -1.000000 -0.000000
vn 0.000000 -1.000000 -0.000000
vn 0.000000 -1.000000 -0.000000
vn 0.000000 -1.000000 -0.000000
vn 0.000000 -1.000000 -0.000000
vn 0.000000 -1.000000 -0.000000
vn 0.000000 -1.000000 -0.000000
vn 0.000000 -1.000000 -0.000000
vn 0.000000 -1.000000 -0.000000
vn 0.000000 -1.000000 -0.000000
vn 0.000000 -1.000000 -0.000000
vn 0.000000 -1.000000 -0.000000
vn 0.000000 -1.000000 -0.000000
vn 0.000000 -1.000000 -0.000000
vn 0.000000 -1.000000 -0.000000
vn 0.000000 -1.000000 -0.000000
vn 0.000000 -1.000000 -0.000000
vn 0.000000 -1.000000 -0.000000
vn 0.000000 -1.000000 -0.000000
vn 0.000000 -1.000000 -0.000000
vn 0.000000 -1.000000 -0.000000
vn 0.000000 -1.000000 -0.000000
vn 0.000000 -1.000000 -0.000000
vn 0.000000 -1.000000 -0.000000
vn 0.000000 -1.000000 -0.000000
vn 0.000000 1.000000 -0.000000
vn 0.000000 1.000000 -0.000000
vn 0.000000 1.000000 -0.000000
vn 0.000000 1.000000 -0.000000
vn 0.000000 1.000000 -0.000000
vn 0.000000 1.000000 -0.000000
vn 0.000000 1.000000 -0.000000
vn 0.000000 1.000000 -0.000000
vn 0.000000 1.000000 -0.000000
vn 0.000000 1.000000 -0.000000
vn 0.000000 1.000000 -0.000000
vn 0.000000 1.000000 -0.000000
vn 0.000000 1.000000 -0.000000
vn 0.000000 1.000000 -0.000000
vn 0.000000 1.000000 -0.000000
vn 0.000000 1.000000 -0.000000
vn 0.000000 1.000000 -0.000000
vn 0.000000 1.000000 -0.000000
vn 0.000000 1.000000 -0.000000
vn 0.000000 1.000000 -0.000000
vn 0.000000 1.000000 -0.000000
vn 0.000000 1.000000 -0.000000
vn 0.000000 1.000000 -0.000000
vn 0.000000 1.000000 -0.000000
vn 0.000000 1.000000 -0.000000
vn 0.000000 1.000000 -0.000000
vn 0.000000 1.000000 -0.000000
vn 0.000000 1.000000 -0.000000
vn 0.000000 1.000000 -0.000000
vn 0.000000 1.000000 -0.000000
vn 0.000000 1.000000 -0.000000
vn 0.000000 1.000000 -0.000000
vn 1.000000 -0.000000 -0.000000
vn 1.000000 -0.000000 -0.000000
vn 1.000000 -0.000000 -0.000000
vn 1.000000 -0.000000 -0.000000
vn 1.000000 -0.000000 -0.000000
vn 1.000000 -0.000000 -0.000000
vn 1.000000 -0.000000 -0.000000
vn 1.000000 -0.000000 -0.000000
vn 1.000000 -0.000000 -0.000000
vn 1.000000 -0.000000 -0.000000
vn 1.000000 -0.000000 -0.000000
vn 1.000000 -0.000000 -0.000000
vn 1.000000 -0.000000 -0.000000
vn 1.000000 -0.000000 -0.000000
vn 1.000000 -0.000000 -0.000000
vn 1.000000 -0.000000 -0.000000
vn 1.000000 -0.000000 -0.000000
vn 1.000000 -0.000000 -0.000000
vn 1.000000 -0.000000 -0.000000
vn 1.000000 -0.000000 -0.000000
vn 1.000000 -0.000000 -0.000000
vn 1.000000 -0.000000 -0.000000
vn 1.000000 -0.000000 -0.000000
vn 1.000000 -0.000000 -0.000000
vn 1.000000 -0.000000 -0.000000
vn 1.000000 -0.000000 -0.000000
vn 1.000000 -0.000000 -0.000000
vn 1.000000 -0.000000 -0.000000
vn 1.000000 -0.000000 -0.000000
vn 1.000000 -0.000000 -0.000000
vn 1.000000 -0.000000 -0.000000
vn 1.000000 -0.000000 -0.000000
vn -1.000000 -0.000000 -0.000000
vn -1.000000 -0.000000 -0.000000
vn -1.000000 -0.000000 -0.000000
vn -1.000000 -0.000000 -0.000000
vn -1.000000 -0.000000 -0.000000
vn -1.000000 -0.000000 -0.000000
vn -1.000000 -0.000000 -0.000000
vn -1.000000 -0.000000 -0.000000
vn -1.000000 -0.000000 -0.000000
vn -1.000000 -0.000000 -0.000000
vn -1.000000 -0.000000 -0.000000
vn -1.000000 -0.000000 -0.000000
vn -1.000000 -0.000000 -0.000000
vn -1.000000 -0.000000 -0.000000
vn -1.000000 -0.000000 -0.000000
vn -1.000000 -0.000000 -0.000000
vn -1.000000 -0.000000 -0.000000
vn -1.000000 -0.000000 -0.000000
vn -1.000000 -0.000000 -0.000000
vn -1.000000 -0.000000 -0.000000
vn -1.000000 -0.000000 -0.000000
vn -1.000000 -0.000000 -0.000000
vn -1.000000 -0.000000 -0.000000
vn -1.000000 -0.000000 -0.000000
vn -1.000000 -0.000000 -0.000000
vn -1.000000 -0.000000 -0.000000
vn -1.000000 -0.000000 -0.000000
vn -1.000000 -0.000000 -0.000000
vn -1.000000 -0.000000 -0.000000
vn -1.000000 -0.000000 -0.000000
vn -1.000000 -0.000000 -0.000000
vn -1.000000 -0.000000 -0.000000
vn 1.000000 -0.000000 -0.000000
vn 1.000000 -0.000000 -0.000000
vn 1.000000 -0.000000 -0.000000
vn 1.000000 -0.000000 -0.000000
vn 1.000000 -0.000000 -0.000000
vn 1.000000 -0.000000 -0.000000
vn 1.000000 -0.000000 -0.000000
vn 1.000000 -0.000000 -0.000000
vn 1.000000 -0.000000 -0.000000
vn 1.000000 -0.000000 -0.000000
vn 1.000000 -0.000000 -0.000000
vn 1.000000 -0.000000 -0.000000
vn 1.000000 -0.000000 -0.000000
vn 1.000000 -0.000000 -0.000000
vn 1.000000 -0.000000 -0.000000
vn 1.000000 -0.000000 -0.000000
vn 1.000000 -0.000000 -0.000000
vn 1.000000 -0.000000 -0.000000
vn 1.000000 -0.000000 -0.000000
vn 1.000000 -0.000000 -0.000000
vn 1.000000 -0.000000 -0.000000
vn 1.000000 -0.000000 -0.000000
vn 1.000000 -0.000000 -0.000000
vn 1.000000 -0.000000 -0.000000
vn 1.000000 -0.000000 -0.000000
vn 1.000000 -0.000000 -0.000000
vn 1.000000 -0.000000 -0.000000
vn 1.000000 -0.000000 -0.000000
vn 1.000000 -0.000000 -0.000000
vn 1.000000 -0.000000 -0.000000
vn 1.000000 -0.000000 -0.000000
vn 1.000000 -0.000000 -0.000000
vn -1.000000 -0.000000 -0.000000
vn -1.000000 -0.000000 -0.000000
vn -1.000000 -0.000000 -0.000000
vn -1.000000 -0.000000 -0.000000
vn -1.000000 -0.000000 -0.000000
vn -1.000000 -0.000000 -0.000000
vn -1.000000 -0.000000 -0.000000
vn -1.000000 -0.000000 -0.000000
vn -1.000000 -0.000000 -0.000000
vn -1.000000 -0.000000 -0.000000
vn -1.000000 -0.000000 -0.000000
vn -1.000000 -0.000000 -0.000000
vn -1.000000 -0.000000 -0.000000
vn -1.000000 -0.000000 -0.000000
vn -1.000000 -0.000000 -0.000000
vn -1.000000 -0.000000 -0.000000
vn -1.000000 -0.000000 -0.000000
vn -1.000000 -0.000000 -0.000000
vn -1.000000 -0.000000 -0.000000
vn -1.000000 -0.000000 -0.000000
vn -1.000000 -0.000000 -0.000000
vn -1.000000 -0.000000 -0.000000
vn -1.000000 -0.000000 -0.000000
vn -1.000000 -0.000000 -0.000000
vn -1.000000 -0.000000 -0.000000
vn -1.000000 -0.000000 -0.000000
vn -1.000000 -0.000000 -0.000000
vn -1.000000 -0.000000 -0.000000
vn -1.000000 -0.000000 -0.000000
vn -1.000000 -0.000000 -0.000000
vn -1.000000 -0.000000 -0.000000
vn -1.000000 -0.000000 -0.000000
vn 0.000000 -1.000000 -0.000000
vn 0.000000 -1.000000 -0.000000
vn 0.000000 -1.000000 -0.000000
vn 0.000000 -1.000000 -0.000000
vn 0.000000 -1.000000 -0.000000
vn 0.000000 -1.000000 -0.000000
vn 0.000000 -1.000000 -0.000000
vn 0.000000 -1.000000 -0.000000
vn 0.000000 -1.000000 -0.000000
vn 0.000000 -1.000000 -0.000000
vn 0.000000 -1.000000 -0.000000
vn 0.000000 -1.000000 -0.000000
vn 0.000000 -1.000000 -0.000000
vn 0.000000 -1.000000 -0.000000
vn 0.000000 -1.000000 -0.000000
vn 0.000000 -1.000000 -0.000000
vn 0.000000 -1.000000 -0.000000
vn 0.000000 -1.000000 -0.000000
vn 0.000000 -1.000000 -0.000000
vn 0.000000 -1.000000 -0.000000
vn 0.000000 -1.000000 -0.000000
vn 0.000000 -1.000000 -0.000000
vn 0.000000 -1.000000 -0.000000
vn 0.000000 -1.000000 -0.000000
vn 0.000000 -1.000000 -0.000000
vn 0.000000 -1.000000 -0.000000
vn 0.000000 -1.000000 -0.000000
vn 0.000000 -1.000000 -0.000000
vn 0.000000 -1.000000 -0.000000
vn 0.000000 -1.000000 -0.000000
vn 0.000000 -1.000000 -0.000000
vn 0.000000 -1.000000 -0.000000
vn 0.000000 1.000000 -0.000000
vn 0.000000 1.000000 -0.000000
vn 0.000000 1.000000 -0.000000
vn 0.000000 1.000000 -0.000000
vn 0.000000 1.000000 -0.000000
vn 0.000000 1.000000 -0.000000
vn 0.000000 1.000000 -0.000000
vn 0.000000 1.000000 -0.000000
vn 0.000000 1.000000 -0.000000
vn 0.000000 1.000000 -0.000000
vn 0.000000 1.000000 -0.000000
vn 0.000000 1.000000 -0.000000
vn 0.000000 1.000000 -0.000000
vn 0.000000 1.000000 -0.000000
vn 0.000000 1.000000 -0.000000
vn 0.000000 1.000000 -0.000000
vn 0.000000 1.000000 -0.000000
vn 0.000000 1.000000 -0.000000
vn 0.000000 1.000000 -0.000000
vn 0.000000 1.000000 -0.000000
vn 0.000000 1.000000 -0.000000
vn 0.000000 1.000000 -0.000000
vn 0.000000 1.000000 -0.000000
vn 0.000000 1.000000 -0.000000
vn 0.000000 1.000000 -0.000000
vn 0.000000 1.000000 -0.000000
vn 0.000000 1.000000 -0.000000
vn 0.000000 1.000000 -0.000000
vn 0.000000 1.000000 -0.000000
vn 0.000000 1.000000 -0.000000
vn 0.000000 1.000000 -0.000000
vn 0.000000 1.000000 -0.000000
vn 0.000000 0.502894 -0.864348
vn 0.000000 0.502894 -0.864348
vn 0.000000 0.502894 -0.864348
vn 0.000000 0.502894 -0.864348
vn 0.000000 0.502894 -0.864348
vn 0.000000 0.502894 -0.864348
vn 0.000000 0.502894 -0.864348
vn 0.000000 0.502894 -0.864348
vn 0.000000 0.502894 -0.864348
vn 0.000000 0.502894 -0.864348
vn 0.000000 0.502894 -0.864348
vn 0.000000 0.502894 -0.864348
vn 0.000000 0.502894 -0.864348
vn 0.000000 0.502894 -0.864348
vn 0.000000 0.502894 -0.864348
vn 0.000000 0.502894 -0.864348
vn 0.000000 0.502894 -0.864348
vn 0.000000 0.502894 -0.864348
vn 0.000000 0.502894 -0.864348
vn 0.000000 0.502894 -0.864348
vn 0.000000 0.502894 -0.864348
vn 0.000000 0.502894 -0.864348
vn 0.000000 0.502894 -0.864348
vn 0.000000 0.502894 -0.864348
vn 0.000000 0.502894 -0.864348
vn 0.000000 0.502894 -0.864348
vn 0.000000 0.502894 -0.864348
vn 0.000000 0.502894 -0.864348
vn 0.000000 0.502894 -0.864348
vn 0.000000 0.502894 -0.864348
vn 0.000000 0.502894 -0.864348
vn 0.000000 0.502894 -0.864348
vn 0.000000 -0.502894 0.864348
vn 0.000000 -0.502894 0.864348
vn 0.000000 -0.502894 0.864348
vn 0.000000 -0.502894 0.864348
vn 0.000000 -0.502894 0.864348
vn 0.000000 -0.502894 0.864348
vn 0.000000 -0.502894 0.864348
vn 0.000000 -0.502894 0.864348
vn 0.000000 -0.502894 0.864348
vn 0.000000 -0.502894 0.864348
vn 0.000000 -0.502894 0.864348
vn 0.000000 -0.502894 0.864348
vn 0.000000 -0.502894 0.864348
vn 0.000000 -0.502894 0.864348
vn 0.000000 -0.502894 0.864348
vn 0.000000 -0.502894 0.864348
vn 0.000000 -0.502894 0.864348
vn 0.000000 -0.502894 0.864348
vn 0.000000 -0.502894 0.864348
vn 0.000000 -0.502894 0.864348
vn 0.000000 -0.502894 0.864348
vn 0.000000 -0.502894 0.864348
vn 0.000000 -0.502894 0.864348
vn 0.000000 -0.502894 0.864348
vn 0.000000 -0.502894 0.864348
vn 0.000000 -0.502894 0.864348
vn 0.000000 -0.502894 0.864348
vn 0.000000 -0.502894 0.864348
vn 0.000000 -0.502894 0.864348
vn 0.000000 -0.502894 0.864348
vn 0.000000 -0.502894 0.864348
vn 0.000000 -0.502894 0.864348
vn 1.000000 -0.000000 -0.000000
vn 1.000000 -0.000000 -0.000000
vn 1.000000 -0.000000 -0.000000
vn 1.000000 -0.000000 -0.000000
vn 1.000000 -0.000000 -0.000000
vn 1.000000 -0.000000 -0.000000
vn 1.000000 -0.000000 -0.000000
vn 1.000000 -0.000000 -0.000000
vn 1.000000 -0.000000 -0.000000
vn 1.000000 -0.000000 -0.000000
vn 1.000000 -0.000000 -0.000000
vn 1.000000 -0.000000 -0.000000
vn 1.000000 -0.000000 -0.000000
vn 1.000000 -0.000000 -0.000000
vn 1.000000 -0.000000 -0.000000
vn 1.000000 -0.000000 -0.000000
vn 1.000000 -0.000000 -0.000000
vn 1.000000 -0.000000 -0.000000
vn 1.000000 -0.000000 -0.000000
vn 1.000000 -0.000000 -0.000000
vn 1.000000 -0.000000 -0.000000
vn 1.000000 -0.000000 -0.000000
vn 1.000000 -0.000000 -0.000000
vn 1.000000 -0.000000 -0.000000
vn 1.000000 -0.000000 -0.000000
vn 1.000000 -0.000000 -0.000000
vn 1.000000 -0.000000 -0.000000
vn 1.000000 -0.000000 -0.000000
vn 1.000000 -0.000000 -0.000000
vn 1.000000 -0.000000 -0.000000
vn 1.000000 -0.000000 -0.000000
vn 1.000000 -0.000000 -0.000000
vn -1.000000 -0.000000 -0.000000
vn -1.000000 -0.000000 -0.000000
vn -1.000000 -0.000000 -0.000000
vn -1.000000 -0.000000 -0.000000
vn -1.000000 -0.000000 -0.000000
vn -1.000000 -0.000000 -0.000000
vn -1.000000 -0.000000 -0.000000
vn -1.000000 -0.000000 -0.000000
vn -1.000000 -0.000000 -0.000000
vn -1.000000 -0.000000 -0.000000
vn -1.000000 -0.000000 -0.000000
vn -1.000000 -0.000000 -0.000000
vn -1.000000 -0.000000 -0.000000
vn -1.000000 -0.000000 -0.000000
vn -1.000000 -0.000000 -0.000000
vn -1.000000 -0.000000 -0.000000
vn -1.000000 -0.000000 -0.000000
vn -1.000000 -0.000000 -0.000000
vn -1.000000 -0.000000 -0.000000
vn -1.000000 -0.000000 -0.000000
vn -1.000000 -0.000000 -0.000000
vn -1.000000 -0.000000 -0.000000
vn -1.000000 -0.000000 -0.000000
vn -1.000000 -0.000000 -0.000000
vn -1.000000 -0.000000 -0.000000
vn -1.000000 -0.000000 -0.000000
vn -1.000000 -0.000000 -0.000000
vn -1.000000 -0.000000 -0.000000
vn -1.000000 -0.000000 -0.000000
vn -1.000000 -0.000000 -0.000000
vn -1.000000 -0.000000 -0.000000
vn -1.000000 -0.000000 -0.000000
vn 1.000000 -0.000000 -0.000000
vn 1.000000 -0.000000 -0.000000
vn 1.000000 -0.000000 -0.000000
vn 1.000000 -0.000000 -0.000000
vn 1.000000 -0.000000 -0.000000
vn 1.000000 -0.000000 -0.000000
vn 1.000000 -0.000000 -0.000000
vn 1.000000 -0.000000 -0.000000
vn 1.000000 -0.000000 -0.000000
vn 1.000000 -0.000000 -0.000000
vn 1.000000 -0.000000 -0.000000
vn 1.000000 -0.000000 -0.000000
vn 1.000000 -0.000000 -0.000000
vn 1.000000 -0.000000 -0.000000
vn 1.000000 -0.000000 -0.000000
vn 1.000000 -0.000000 -0.000000
vn 1.000000 -0.000000 -0.000000
vn 1.000000 -0.000000 -0.000000
vn 1.000000 -0.000000 -0.000000
vn 1.000000 -0.000000 -0.000000
vn 1.000000 -0.000000 -0.000000
vn 1.000000 -0.000000 -0.000000
vn 1.000000 -0.000000 -0.000000
vn 1.000000 -0.000000 -0.000000
vn 1.000000 -0.000000 -0.000000
vn 1.000000 -0.000000 -0.000000
vn 1.000000 -0.000000 -0.000000
vn 1.000000 -0.000000 -0.000000
vn 1.000000 -0.000000 -0.000000
vn 1.000000 -0.000000 -0.000000
vn 1.000000 -0.000000 -0.000000
vn 1.000000 -0.000000 -0.000000
vn -1.000000 -0.000000 -0.000000
vn -1.000000 -0.000000 -0.000000
vn -1.000000 -0.000000 -0.000000
vn -1.000000 -0.000000 -0.000000
vn -1.000000 -0.000000 -0.000000
vn -1.000000 -0.000000 -0.000000
vn -1.000000 -0.000000 -0.000000
vn -1.000000 -0.000000 -0.000000
vn -1.000000 -0.000000 -0.000000
vn -1.000000 -0.000000 -0.000000
vn -1.000000 -0.000000 -0.000000
vn -1.000000 -0.000000 -0.000000
vn -1.000000 -0.000000 -0.000000
vn -1.000000 -0.000000 -0.000000
vn -1.000000 -0.000000 -0.000000
vn -1.000000 -0.000000 -0.000000
vn -1.000000 -0.000000 -0.000000
vn -1.000000 -0.000000 -0.000000
vn -1.000000 -0.000000 -0.000000
vn -1.000000 -0.000000 -0.000000
vn -1.000000 -0.000000 -0.000000
vn -1.000000 -0.000000 -0.000000
vn -1.000000 -0.000000 -0.000000
vn -1.000000 -0.000000 -0.000000
vn -1.000000 -0.000000 -0.000000
vn -1.000000 -0.000000 -0.000000
vn -1.000000 -0.000000 -0.000000
vn -1.000000 -0.000000 -0.000000
vn -1.000000 -0.000000 -0.000000
vn -1.000000 -0.000000 -0.000000
vn -1.000000 -0.000000 -0.000000
vn -1.000000 -0.000000 -0.000000
vn 0.000000 -0.173336 0.984863
vn 0.000000 -0.173336 0.984863
vn 0.000000 -0.173336 0.984863
vn 0.000000 -0.173336 0.984863
vn 0.000000 -0.173336 0.984863
vn 0.000000 -0.173336 0.984863
vn 0.000000 -0.173336 0.984863
vn 0.000000 -0.173336 0.984863
vn 0.000000 -0.173336 0.984863
vn 0.000000 -0.173336 0.984863
vn 0.000000 -0.173336 0.984863
vn 0.000000 -0.173336 0.984863
vn 0.000000 -0.173336 0.984863
vn 0.000000 -0.173336 0.984863
vn 0.000000 -0.173336 0.984863
vn 0.000000 -0.173336 0.984863
vn 0.000000 -0.173336 0.984863
vn 0.000000 -0.173336 0.984863
vn 0.000000 -0.173336 0.984863
vn 0.000000 -0.173336 0.984863
vn 0.000000 -0.173336 0.984863
vn 0.000000 -0.173336 0.984863
vn 0.000000 -0.173336 0.984863
vn 0.000000 -0.173336 0.984863
vn 0.000000 -0.173336 0.984863
vn 0.000000 -0.173336 0.984863
vn 0.000000 -0.173336 0.984863
vn 0.000000 -0.173336 0.984863
vn 0.000000 -0.173336 0.984863
vn 0.000000 -0.173336 0.984863
vn 0.000000 -0.173336 0.984863
vn 0.000000 -0.173336 0.984863
vn 0.000000 0.173336 -0.984863
vn 0.000000 0.173336 -0.984863
vn 0.000000 0.173336 -0.984863
vn 0.000000 0.173336 -0.984863
vn 0.000000 0.173336 -0.984863
vn 0.000000 0.173336 -0.984863
vn 0.000000 0.173336 -0.984863
vn 0.000000 0.173336 -0.984863
vn 0.000000 0.173336 -0.984863
vn 0.000000 0.173336 -0.984863
vn 0.000000 0.173336 -0.984863
vn 0.000000 0.173336 -0.984863
vn 0.000000 0.173336 -0.984863
vn 0.000000 0.173336 -0.984863
vn 0.000000 0.173336 -0.984863
vn 0.000000 0.173336 -0.984863
vn 0.000000 0.173336 -0.984863
vn 0.000000 0.173336 -0.984863
vn 0.000000 0.173336 -0.984863
vn 0.000000 0.173336 -0.984863
vn 0.000000 0.173336 -0.984863
vn 0.000000 0.173336 -0.984863
vn 0.000000 0.173336 -0.984863
vn 0.000000 0.173336 -0.984863
vn 0.000000 0.173336 -0.984863
vn 0.000000 0.173336 -0.984863
vn 0.000000 0.173336 -0.984863
vn 0.000000 0.173336 -0.984863
vn 0.000000 0.173336 -0.984863
vn 0.000000 0.173336 -0.984863
vn 0.000000 0.173336 -0.984863
vn 0.000000 0.173336 -0.984863
vn 0.000000 -1.000000 -0.000000
vn 0.000000 -1.000000 -0.000000
vn 0.000000 -1.000000 -0.000000
vn 0.000000 -1.000000 -0.000000
vn 0.000000 -1.000000 -0.000000
vn 0.000000 -1.000000 -0.000000
vn 0.000000 -1.000000 -0.000000
vn 0.000000 -1.000000 -0.000000
vn 0.000000 -1.000000 -0.000000
vn 0.000000 -1.000000 -0.000000
vn 0.000000 -1.000000 -0.000000
vn 0.000000 -1.000000 -0.000000
vn 0.000000 -1.000000 -0.000000
vn 0.000000 -1.000000 -0.000000
vn 0.000000 -1.000000 -0.000000
vn 0.000000 -1.000000 -0.000000
vn 0.000000 -1.000000 -0.000000
vn 0.000000 -1.000000 -0.000000
vn 0.000000 -1.000000 -0.000000
vn 0.000000 -1.000000 -0.000000
vn 0.000000 -1.000000 -0.000000
vn 0.000000 -1.000000 -0.000000
vn 0.000000 -1.000000 -0.000000
vn 0.000000 -1.000000 -0.000000
vn 0.000000 -1.000000 -0.000000
vn 0.000000 -1.000000 -0.000000
vn 0.000000 -1.000000 -0.000000
vn 0.000000 -1.000000 -0.000000
vn 0.000000 -1.000000 -0.000000
vn 0.000000 -1.000000 -0.000000
vn 0.000000 -1.000000 -0.000000
vn 0.000000 -1.000000 -0.000000
vn 0.000000 1.000000 -0.000000
vn 0.000000 1.000000 -0.000000
vn 0.000000 1.000000 -0.000000
vn 0.000000 1.000000 -0.000000
vn 0.000000 1.000000 -0.000000
vn 0.000000 1.000000 -0.000000
vn 0.000000 1.000000 -0.000000
vn 0.000000 1.000000 -0.000000
vn 0.000000 1.000000 -0.000000
vn 0.000000 1.000000 -0.000000
vn 0.000000 1.000000 -0.000000
vn 0.000000 1.000000 -0.000000
vn 0.000000 1.000000 -0.000000
vn 0.000000 1.000000 -0.000000
vn 0.000000 1.000000 -0.000000
vn 0.000000 1.000000 -0.000000
vn 0.000000 1.000000 -0.000000
vn 0.000000 1.000000 -0.000000
vn 0.000000 1.000000 -0.000000
vn 0.000000 1.000000 -0.000000
vn 0.000000 1.000000 -0.000000
vn 0.000000 1.000000 -0.000000
vn 0.000000 1.000000 -0.000000
vn 0.000000 1.000000 -0.000000
vn 0.000000 1.000000 -0.000000
vn 0.000000 1.000000 -0.000000
vn 0.000000 1.000000 -0.000000
vn 0.000000 1.000000 -0.000000
vn 0.000000 1.000000 -0.000000
vn 0.000000 1.000000 -0.000000
vn 0.000000 1.000000 -0.000000
vn 0.000000 1.000000 -0.000000
vn 1.000000 -0.000000 -0.000000
vn 1.000000 -0.000000 -0.000000
vn 1.000000 -0.000000 -0.000000
vn 1.000000 -0.000000 -0.000000
vn 1.000000 -0.000000 -0.000000
vn 1.000000 -0.000000 -0.000000
vn 1.000000 -0.000000 -0.000000
vn 1.000000 -0.000000 -0.000000
vn 1.000000 -0.000000 -0.000000
vn 1.000000 -0.000000 -0.000000
vn 1.000000 -0.000000 -0.000000
vn 1.000000 -0.000000 -0.000000
vn 1.000000 -0.000000 -0.000000
vn 1.000000 -0.000000 -0.000000
vn 1.000000 -0.000000 -0.000000
vn 1.000000 -0.000000 -0.000000
vn 1.000000 -0.000000 -0.000000
vn 1.000000 -0.000000 -0.000000
vn 1.000000 -0.000000 -0.000000
vn 1.000000 -0.000000 -0.000000
vn 1.000000 -0.000000 -0.000000
vn 1.000000 -0.000000 -0.000000
vn 1.000000 -0.000000 -0.000000
vn 1.000000 -0.000000 -0.000000
vn 1.000000 -0.000000 -0.000000
vn 1.000000 -0.000000 -0.000000
vn 1.000000 -0.000000 -0.000000
vn 1.000000 -0.000000 -0.000000
vn 1.000000 -0.000000 -0.000000
vn 1.000000 -0.000000 -0.000000
vn 1.000000 -0.000000 -0.000000
vn 1.000000 -0.000000 -0.000000
vn -1.000000 -0.000000 -0.000000
vn -1.000000 -0.000000 -0.000000
vn -1.000000 -0.000000 -0.000000
vn -1.000000 -0.000000 -0.000000
vn -1.000000 -0.000000 -0.000000
vn -1.000000 -0.000000 -0.000000
vn -1.000000 -0.000000 -0.000000
vn -1.000000 -0.000000 -0.000000
vn -1.000000 -0.000000 -0.000000
vn -1.000000 -0.000000 -0.000000
vn -1.000000 -0.000000 -0.000000
vn -1.000000 -0.000000 -0.000000
vn -1.000000 -0.000000 -0.000000
vn -1.000000 -0.000000 -0.000000
vn -1.000000 -0.000000 -0.000000
vn -1.000000 -0.000000 -0.000000
vn -1.000000 -0.000000 -0.000000
vn -1.000000 -0.000000 -0.000000
vn -1.000000 -0.000000 -0.000000
vn -1.000000 -0.000000 -0.000000
vn -1.000000 -0.000000 -0.000000
vn -1.000000 -0.000000 -0.000000
vn -1.000000 -0.000000 -0.000000
vn -1.000000 -0.000000 -0.000000
vn -1.000000 -0.000000 -0.000000
vn -1.000000 -0.000000 -0.000000
vn -1.000000 -0.000000 -0.000000
vn -1.000000 -0.000000 -0.000000
vn -1.000000 -0.000000 -0.000000
vn -1.000000 -0.000000 -0.000000
vn -1.000000 -0.000000 -0.000000
vn -1.000000 -0.000000 -0.000000
vn 1.000000 -0.000000 -0.000000
vn 1.000000 -0.000000 -0.000000
vn 1.000000 -0.000000 -0.000000
vn 1.000000 -0.000000 -0.000000
vn 1.000000 -0.000000 -0.000000
vn 1.000000 -0.000000 -0.000000
vn 1.000000 -0.000000 -0.000000
vn 1.000000 -0.000000 -0.000000
vn 1.000000 -0.000000 -0.000000
vn 1.000000 -0.000000 -0.000000
vn 1.000000 -0.000000 -0.000000
vn 1.000000 -0.000000 -0.000000
vn 1.000000 -0.000000 -0.000000
vn 1.000000 -0.000000 -0.000000
vn 1.000000 -0.000000 -0.000000
vn 1.000000 -0.000000 -0.000000
vn 1.000000 -0.000000 -0.000000
vn 1.000000 -0.000000 -0.000000
vn 1.000000 -0.000000 -0.000000
vn 1.000000 -0.000000 -0.000000
vn 1.000000 -0.000000 -0.000000
vn 1.000000 -0.000000 -0.000000
vn 1.000000 -0.000000 -0.000000
vn 1.000000 -0.000000 -0.000000
vn 1.000000 -0.000000 -0.000000
vn 1.000000 -0.000000 -0.000000
vn 1.000000 -0.000000 -0.000000
vn 1.000000 -0.000000 -0.000000
vn 1.000000 -0.000000 -0.000000
vn 1.000000 -0.000000 -0.000000
vn 1.000000 -0.000000 -0.000000
vn 1.000000 -0.000000 -0.000000
vn -1.000000 -0.000000 -0.000000
vn -1.000000 -0.000000 -0.000000
vn -1.000000 -0.000000 -0.000000
vn -1.000000 -0.000000 -0.000000
vn -1.000000 -0.000000 -0.000000
vn -1.000000 -0.000000 -0.000000
vn -1.000000 -0.000000 -0.000000
vn -1.000000 -0.000000 -0.000000
vn -1.000000 -0.000000 -0.000000
vn -1.000000 -0.000000 -0.000000
vn -1.000000 -0.000000 -0.000000
vn -1.000000 -0.000000 -0.000000
vn -1.000000 -0.000000 -0.000000
vn -1.000000 -0.000000 -0.000000
vn -1.000000 -0.000000 -0.000000
vn -1.000000 -0.000000 -0.000000
vn -1.000000 -0.000000 -0.000000
vn -1.000000 -0.000000 -0.000000
vn -1.000000 -0.000000 -0.000000
vn -1.000000 -0.000000 -0.000000
vn -1.000000 -0.000000 -0.000000
vn -1.000000 -0.000000 -0.000000
vn -1.000000 -0.000000 -0.000000
vn -1.000000 -0.000000 -0.000000
vn -1.000000 -0.000000 -0.000000
vn -1.000000 -0.000000 -0.000000
vn -1.000000 -0.000000 -0.000000
vn -1.000000 -0.000000 -0.000000
vn -1.000000 -0.000000 -0.000000
vn -1.000000 -0.000000 -0.000000
vn -1.000000 -0.000000 -0.000000
vn -1.000000 -0.000000 -0.000000
vn 1.000000 -0.000000 -0.000000
vn 1.000000 -0.000000 -0.000000
vn 1.000000 -0.000000 -0.000000
vn 1.000000 -0.000000 -0.000000
vn 1.000000 -0.000000 -0.000000
vn 1.000000 -0.000000 -0.000000
vn 1.000000 -0.000000 -0.000000
vn 1.000000 -0.000000 -0.000000
vn 1.000000 -0.000000 -0.000000
vn 1.000000 -0.000000 -0.000000
vn 1.000000 -0.000000 -0.000000
vn 1.000000 -0.000000 -0.000000
vn 1.000000 -0.000000 -0.000000
vn 1.000000 -0.000000 -0.000000
vn 1.000000 -0.000000 -0.000000
vn 1.000000 -0.000000 -0.000000
vn 1.000000 -0.000000 -0.000000
vn 1.000000 -0.000000 -0.000000
vn 1.000000 -0.000000 -0.000000
vn 1.000000 -0.000000 -0.000000
vn 1.000000 -0.000000 -0.000000
vn 1.000000 -0.000000 -0.000000
vn 1.000000 -0.000000 -0.000000
vn 1.000000 -0.000000 -0.000000
vn 1.000000 -0.000000 -0.000000
vn 1.000000 -0.000000 -0.000000
vn 1.000000 -0.000000 -0.000000
vn 1.000000 -0.000000 -0.000000
vn 1.000000 -0.000000 -0.000000
vn 1.000000 -0.000000 -0.000000
vn 1.000000 -0.000000 -0.000000
vn 1.000000 -0.000000 -0.000000
vn -1.000000 -0.000000 -0.000000
vn -1.000000 -0.000000 -0.000000
vn -1.000000 -0.000000 -0.000000
vn -1.000000 -0.000000 -0.000000
vn -1.000000 -0.000000 -0.000000
vn -1.000000 -0.000000 -0.000000
vn -1.000000 -0.000000 -0.000000
vn -1.000000 -0.000000 -0.000000
vn -1.000000 -0.000000 -0.000000
vn -1.000000 -0.000000 -0.000000
vn -1.000000 -0.000000 -0.000000
vn -1.000000 -0.000000 -0.000000
vn -1.000000 -0.000000 -0.000000
vn -1.000000 -0.000000 -0.000000
vn -1.000000 -0.000000 -0.000000
vn -1.000000 -0.000000 -0.000000
vn -1.000000 -0.000000 -0.000000
vn -1.000000 -0.000000 -0.000000
vn -1.000000 -0.000000 -0.000000
vn -1.000000 -0.000000 -0.000000
vn -1.000000 -0.000000 -0.000000
vn -1.000000 -0.000000 -0.000000
vn -1.000000 -0.000000 -0.000000
vn -1.000000 -0.000000 -0.000000
vn -1.000000 -0.000000 -0.000000
vn -1.000000 -0.000000 -0.000000
vn -1.000000 -0.000000 -0.000000
vn -1.000000 -0.000000 -0.000000
vn -1.000000 -0.000000 -0.000000
vn -1.000000 -0.000000 -0.000000
vn -1.000000 -0.000000 -0.000000
vn -1.000000 -0.000000 -0.000000
vn 1.000000 -0.000000 -0.000000
vn 1.000000 -0.000000 -0.000000
vn 1.000000 -0.000000 -0.000000
vn 1.000000 -0.000000 -0.000000
vn 1.000000 -0.000000 -0.000000
vn 1.000000 -0.000000 -0.000000
vn 1.000000 -0.000000 -0.000000
vn 1.000000 -0.000000 -0.000000
vn 1.000000 -0.000000 -0.000000
vn 1.000000 -0.000000 -0.000000
vn 1.000000 -0.000000 -0.000000
vn 1.000000 -0.000000 -0.000000
vn 1.000000 -0.000000 -0.000000
vn 1.000000 -0.000000 -0.000000
vn 1.000000 -0.000000 -0.000000
vn 1.000000 -0.000000 -0.000000
vn 1.000000 -0.000000 -0.000000
vn 1.000000 -0.000000 -0.000000
vn 1.000000 -0.000000 -0.000000
vn 1.000000 -0.000000 -0.000000
vn 1.000000 -0.000000 -0.000000
vn 1.000000 -0.000000 -0.000000
vn 1.000000 -0.000000 -0.000000
vn 1.000000 -0.000000 -0.000000
vn 1.000000 -0.000000 -0.000000
vn 1.000000 -0.000000 -0.000000
vn 1.000000 -0.000000 -0.000000
vn 1.000000 -0.000000 -0.000000
vn 1.000000 -0.000000 -0.000000
vn 1.000000 -0.000000 -0.000000
vn 1.000000 -0.000000 -0.000000
vn 1.000000 -0.000000 -0.000000
vn -1.000000 -0.000000 -0.000000
vn -1.000000 -0.000000 -0.000000
vn -1.000000 -0.000000 -0.000000
vn -1.000000 -0.000000 -0.000000
vn -1.000000 -0.000000 -0.000000
vn -1.000000 -0.000000 -0.000000
vn -1.000000 -0.000000 -0.000000
vn -1.000000 -0.000000 -0.000000
vn -1.000000 -0.000000 -0.000000
vn -1.000000 -0.000000 -0.000000
vn -1.000000 -0.000000 -0.000000
vn -1.000000 -0.000000 -0.000000
vn -1.000000 -0.000000 -0.000000
vn -1.000000 -0.000000 -0.000000
vn -1.000000 -0.000000 -0.000000
vn -1.000000 -0.000000 -0.000000
vn -1.000000 -0.000000 -0.000000
vn -1.000000 -0.000000 -0.000000
vn -1.000000 -0.000000 -0.000000
vn -1.000000 -0.000000 -0.000000
vn -1.000000 -0.000000 -0.000000
vn -1.000000 -0.000000 -0.000000
vn -1.000000 -0.000000 -0.000000
vn -1.000000 -0.000000 -0.000000
vn -1.000000 -0.000000 -0.000000
vn -1.000000 -0.000000 -0.000000
vn -1.000000 -0.000000 -0.000000
vn -1.000000 -0.000000 -0.000000
vn -1.000000 -0.000000 -0.000000
vn -1.000000 -0.000000 -0.000000
vn -1.000000 -0.000000 -0.000000
vn -1.000000 -0.000000 -0.000000
vn 1.000000 -0.000000 -0.000000
vn 1.000000 -0.000000 -0.000000
vn 1.000000 -0.000000 -0.000000
vn 1.000000 -0.000000 -0.000000
vn 1.000000 -0.000000 -0.000000
vn 1.000000 -0.000000 -0.000000
vn 1.000000 -0.000000 -0.000000
vn 1.000000 -0.000000 -0.000000
vn 1.000000 -0.000000 -0.000000
vn 1.000000 -0.000000 -0.000000
vn 1.000000 -0.000000 -0.000000
vn 1.000000 -0.000000 -0.000000
vn 1.000000 -0.000000 -0.000000
vn 1.000000 -0.000000 -0.000000
vn 1.000000 -0.000000 -0.000000
vn 1.000000 -0.000000 -0.000000
vn 1.000000 -0.000000 -0.000000
vn 1.000000 -0.000000 -0.000000
vn 1.000000 -0.000000 -0.000000
vn 1.000000 -0.000000 -0.000000
vn 1.000000 -0.000000 -0.000000
vn 1.000000 -0.000000 -0.000000
vn 1.000000 -0.000000 -0.000000
vn 1.000000 -0.000000 -0.000000
vn 1.000000 -0.000000 -0.000000
vn 1.000000 -0.000000 -0.000000
vn 1.000000 -0.000000 -0.000000
vn 1.000000 -0.000000 -0.000000
vn 1.000000 -0.000000 -0.000000
vn 1.000000 -0.000000 -0.000000
vn 1.000000 -0.000000 -0.000000
vn 1.000000 -0.000000 -0.000000
vn -1.000000 -0.000000 -0.000000
vn -1.000000 -0.000000 -0.000000
vn -1.000000 -0.000000 -0.000000
vn -1.000000 -0.000000 -0.000000
vn -1.000000 -0.000000 -0.000000
vn -1.000000 -0.000000 -0.000000
vn -1.000000 -0.000000 -0.000000
vn -1.000000 -0.000000 -0.000000
vn -1.000000 -0.000000 -0.000000
vn -1.000000 -0.000000 -0.000000
vn -1.000000 -0.000000 -0.000000
vn -1.000000 -0.000000 -0.000000
vn -1.000000 -0.000000 -0.000000
vn -1.000000 -0.000000 -0.000000
vn -1.000000 -0.000000 -0.000000
vn -1.000000 -0.000000 -0.000000
vn -1.000000 -0.000000 -0.000000
vn -1.000000 -0.000000 -0.000000
vn -1.000000 -0.000000 -0.000000
vn -1.000000 -0.000000 -0.000000
vn -1.000000 -0.000000 -0.000000
vn -1.000000 -0.000000 -0.000000
vn -1.000000 -0.000000 -0.000000
vn -1.000000 -0.000000 -0.000000
vn -1.000000 -0.000000 -0.000000
vn -1.000000 -0.000000 -0.000000
vn -1.000000 -0.000000 -0.000000
vn -1.000000 -0.000000 -0.000000
vn -1.000000 -0.000000 -0.000000
vn -1.000000 -0.000000 -0.000000
vn -1.000000 -0.000000 -0.000000
vn -1.000000 -0.000000 -0.000000
vn 0.000000 -0.000000 -1.000000
vn 0.000000 -0.000000 -1.000000
vn 0.000000 -0.000000 -1.000000
vn 0.000000 -0.000000 -1.000000
vn 1.000000 -0.000000 -0.000000
vn 1.000000 -0.000000 -0.000000
vn 1.000000 -0.000000 -0.000000
vn 1.000000 -0.000000 -0.000000
vn 0.000000 -0.000000 1.000000
vn 0.000000 -0.000000 1.000000
vn 0.000000 -0.000000 1.000000
vn 0.000000 -0.000000 1.000000
vn -1.000000 -0.000000 -0.000000
vn -1.000000 -0.000000 -0.000000
vn -1.000000 -0.000000 -0.000000
vn -1.000000 -0.000000 -0.000000
vn 0.000000 1.000000 -0.000000
vn 0.000000 1.000000 -0.000000
vn 0.000000 1.000000 -0.000000
vn 0.000000 1.000000 -0.000000
vn 0.000000 -1.000000 -0.000000
vn 0.000000 -1.000000 -0.000000
vn 0.000000 -1.000000 -0.000000
vn 0.000000 -1.000000 -0.000000
vn 1.000000 -0.000000 -0.000000
vn 1.000000 -0.000000 -0.000000
vn 1.000000 -0.000000 -0.000000
vn 1.000000 -0.000000 -0.000000
vn 0.000000 -0.000000 1.000000
vn 0.000000 -0.000000 1.000000
vn 0.000000 -0.000000 1.000000
vn 0.000000 -0.000000 1.000000
vn -1.000000 -0.000000 -0.000000
vn -1.000000 -0.000000 -0.000000
vn -1.000000 -0.000000 -0.000000
vn -1.000000 -0.000000 -0.000000
vn 0.000000 -0.000000 -1.000000
vn 0.000000 -0.000000 -1.000000
vn 0.000000 -0.000000 -1.000000
vn 0.000000 -0.000000 -1.000000
vn 0.000000 1.000000 -0.000000
vn 0.000000 1.000000 -0.000000
vn 0.000000 1.000000 -0.000000
vn 0.000000 1.000000 -0.000000
vn 0.000000 -1.000000 -0.000000
vn 0.000000 -1.000000 -0.000000
vn 0.000000 -1.000000 -0.000000
vn 0.000000 -1.000000 -0.000000
vn 1.000000 -0.000000 -0.000000
vn 1.000000 -0.000000 -0.000000
vn 1.000000 -0.000000 -0.000000
vn 1.000000 -0.000000 -0.000000
vn 0.000000 -0.000000 1.000000
vn 0.000000 -0.000000 1.000000
vn 0.000000 -0.000000 1.000000
vn 0.000000 -0.000000 1.000000
vn -1.000000 -0.000000 -0.000000
vn -1.000000 -0.000000 -0.000000
vn -1.000000 -0.000000 -0.000000
vn -1.000000 -0.000000 -0.000000
vn 0.000000 -0.000000 -1.000000
vn 0.000000 -0.000000 -1.000000
vn 0.000000 -0.000000 -1.000000
vn 0.000000 -0.000000 -1.000000
vn 0.000000 1.000000 -0.000000
vn 0.000000 1.000000 -0.000000
vn 0.000000 1.000000 -0.000000
vn 0.000000 1.000000 -0.000000
vn -1.000000 -0.000000 -0.000000
vn -1.000000 -0.000000 -0.000000
vn -1.000000 -0.000000 -0.000000
vn -1.000000 -0.000000 -0.000000
vn 0.000000 -0.000000 -1.000000
vn 0.000000 -0.000000 -1.000000
vn 0.000000 -0.000000 -1.000000
vn 0.000000 -0.000000 -1.000000
vn 1.000000 -0.000000 -0.000000
vn 1.000000 -0.000000 -0.000000
vn 1.000000 -0.000000 -0.000000
vn 1.000000 -0.000000 -0.000000
vn 0.000000 -0.000000 1.000000
vn 0.000000 -0.000000 1.000000
vn 0.000000 -0.000000 1.000000
vn 0.000000 -0.000000 1.000000
vn 0.000000 -1.000000 -0.000000
vn 0.000000 -1.000000 -0.000000
vn 0.000000 -1.000000 -0.000000
vn 0.000000 -1.000000 -0.000000
vn -1.000000 -0.000000 -0.000000
vn -1.000000 -0.000000 -0.000000
vn -1.000000 -0.000000 -0.000000
vn -1.000000 -0.000000 -0.000000
vn 0.000000 -0.000000 -1.000000
vn 0.000000 -0.000000 -1.000000
vn 0.000000 -0.000000 -1.000000
vn 0.000000 -0.000000 -1.000000
vn 1.000000 -0.000000 -0.000000
vn 1.000000 -0.000000 -0.000000
vn 1.000000 -0.000000 -0.000000
vn 1.000000 -0.000000 -0.000000
vn 0.000000 -0.000000 1.000000
vn 0.000000 -0.000000 1.000000
vn 0.000000 -0.000000 1.000000
vn 0.000000 -0.000000 1.000000
vn 0.000000 1.000000 -0.000000
vn 0.000000 1.000000 -0.000000
vn 0.000000 1.000000 -0.000000
vn 0.000000 1.000000 -0.000000
vn 1.000000 -0.000000 -0.000000
vn 1.000000 -0.000000 -0.000000
vn 1.000000 -0.000000 -0.000000
vn 1.000000 -0.000000 -0.000000
vn 0.000000 -0.000000 1.000000
vn 0.000000 -0.000000 1.000000
vn 0.000000 -0.000000 1.000000
vn 0.000000 -0.000000 1.000000
vn -1.000000 -0.000000 -0.000000
vn -1.000000 -0.000000 -0.000000
vn -1.000000 -0.000000 -0.000000
vn -1.000000 -0.000000 -0.000000
vn 0.000000 -0.000000 -1.000000
vn 0.000000 -0.000000 -1.000000
vn 0.000000 -0.000000 -1.000000
vn 0.000000 -0.000000 -1.000000
vn 0.000000 -1.000000 -0.000000
vn 0.000000 -1.000000 -0.000000
vn 0.000000 -1.000000 -0.000000
vn 0.000000 -1.000000 -0.000000
vn 0.000000 -1.000000 -0.000000
vn 0.000000 -1.000000 -0.000000
vn 0.000000 -1.000000 -0.000000
vn 0.000000 -1.000000 -0.000000
vn 0.000000 -1.000000 -0.000000
vn 0.000000 -1.000000 -0.000000
vn 0.000000 -1.000000 -0.000000
vn 0.000000 -1.000000 -0.000000
vn 0.000000 -1.000000 -0.000000
vn 0.000000 -1.000000 -0.000000
vn 0.000000 -1.000000 -0.000000
vn 0.000000 -1.000000 -0.000000
vn 0.000000 -1.000000 -0.000000
vn 0.000000 -1.000000 -0.000000
vn 0.000000 -1.000000 -0.000000
vn 0.000000 -1.000000 -0.000000
g robosub_box_Material_001
usemtl Material_001
f 2/2/2 3/3/3 1/1/1
f 3/3/3 4/4/4 1/1/1
f 6/6/6 7/7/7 5/5/5
f 7/7/7 8/8/8 5/5/5
f 10/10/10 11/11/11 9/9/9
f 11/11/11 12/12/12 9/9/9
f 14/14/14 15/15/15 13/13/13
f 15/15/15 16/16/16 13/13/13
f 18/18/18 19/19/19 17/17/17
f 19/19/19 20/20/20 17/17/17
f 22/22/22 23/23/23 21/21/21
f 23/23/23 24/24/24 21/21/21
f 26/26/26 27/27/27 25/25/25
f 27/27/27 28/28/28 25/25/25
f 30/30/30 31/31/31 29/29/29
f 31/31/31 32/32/32 29/29/29
f 34/34/34 35/35/35 33/33/33
f 35/35/35 36/36/36 33/33/33
f 38/38/38 39/39/39 37/37/37
f 39/39/39 40/40/40 37/37/37
f 42/42/42 43/43/43 41/41/41
f 43/43/43 44/44/44 41/41/41
f 46/46/46 47/47/47 45/45/45
f 47/47/47 48/48/48 45/45/45
f 50/50/50 51/51/51 49/49/49
f 51/51/51 52/52/52 49/49/49
f 54/54/54 55/55/55 53/53/53
f 55/55/55 56/56/56 53/53/53
f 58/58/58 59/59/59 57/57/57
f 59/59/59 60/60/60 57/57/57
f 62/62/62 63/63/63 61/61/61
f 63/63/63 64/64/64 61/61/61
f 66/66/66 67/67/67 65/65/65
f 67/67/67 68/68/68 65/65/65
f 70/70/70 71/71/71 69/69/69
f 71/71/71 72/72/72 69/69/69
f 74/74/74 75/75/75 73/73/73
f 75/75/75 76/76/76 73/73/73
f 78/78/78 79/79/79 77/77/77
f 79/79/79 80/80/80 77/77/77
f 82/82/82 83/83/83 81/81/81
f 83/83/83 84/84/84 81/81/81
f 81/81/81 84/84/84 85/85/85
f 84/84/84 86/86/86 85/85/85
f 85/85/85 86/86/86 87/87/87
f 86/86/86 88/88/88 87/87/87
f 87/87/87 88/88/88 82/89/82
f 88/88/88 83/90/83 82/89/82
f 90/92/90 91/93/91 89/91/89
f 91/93/91 92/94/92 89/91/89
f 89/91/89 92/94/92 93/95/93
f 92/94/92 94/96/94 93/95/93
f 93/95/93 94/96/94 95/97/95
f 94/96/94 96/98/96 95/97/95
f 95/97/95 96/98/96 90/99/90
f 96/98/96 91/100/91 90/99/90
g robosub_box_Material_006
usemtl Material_006
f 98/102/98 99/103/99 97/101/97
f 99/103/99 100/104/100 97/101/97
f 102/106/102 103/107/103 101/105/101
f 103/107/103 104/108/104 101/105/101
f 106/110/106 107/111/107 105/109/105
f 107/111/107 108/112/108 105/109/105
f 110/114/110 111/115/111 109/113/109
f 111/115/111 112/116/112 109/113/109
f 114/118/114 115/119/115 113/117/113
f 115/119/115 116/120/116 113/117/113
f 118/122/118 119/123/119 117/121/117
f 119/123/119 120/124/120 117/121/117
f 122/126/122 123/127/123 121/125/121
f 123/127/123 124/128/124 121/125/121
f 126/130/126 127/131/127 125/129/125
f 127/131/127 128/132/128 125/129/125
f 130/134/130 131/135/131 129/133/129
f 131/135/131 132/136/132 129/133/129
f 134/138/134 135/139/135 133/137/133
f 135/139/135 136/140/136 133/137/133
g robosub_box_Material_007
usemtl Material_007
f 138/142/138 139/143/139 137/141/137
f 139/143/139 140/144/140 137/141/137
f 142/146/142 143/147/143 141/145/141
f 143/147/143 144/148/144 141/145/141
g robosub_box_WorldGridMaterial
usemtl WorldGridMaterial
f 146/150/146 147/151/147 145/149/145
f 147/151/147 148/152/148 145/149/145
f 150/154/150 151/155/151 149/153/149
f 151/155/151 152/156/152 149/153/149
f 154/158/154 155/159/155 153/157/153
f 155/159/155 156/160/156 153/157/153
f 158/162/158 159/163/159 157/161/157
f 159/163/159 160/164/160 157/161/157
f 162/166/162 163/167/163 161/165/161
f 163/167/163 164/168/164 161/165/161
f 166/170/166 167/171/167 165/169/165
f 167/171/167 168/172/168 165/169/165
f 170/174/170 171/175/171 169/173/169
f 171/175/171 172/176/172 169/173/169
f 174/178/174 175/179/175 173/177/173
f 175/179/175 176/180/176 173/177/173
f 178/182/178 179/183/179 177/181/177
f 179/183/179 180/184/180 177/181/177
f 182/186/182 183/187/183 181/185/181
f 183/187/183 184/188/184 181/185/181
f 186/190/186 187/191/187 185/189/185
f 187/191/187 188/192/188 185/189/185
f 190/194/190 191/195/191 189/193/189
f 191/195/191 192/196/192 189/193/189
f 194/198/194 195/199/195 193/197/193
f 195/199/195 196/200/196 193/197/193
f 198/202/198 199/203/199 197/201/197
f 199/203/199 200/204/200 197/201/197
f 202/206/202 203/207/203 201/205/201
f 203/207/203 204/208/204 201/205/201
f 206/210/206 207/211/207 205/209/205
f 207/211/207 208/212/208 205/209/205
f 210/214/210 211/215/211 209/213/209
f 211/215/211 212/216/212 209/213/209
f 214/218/214 215/219/215 213/217/213
f 215/219/215 216/220/216 213/217/213
f 218/222/218 219/223/219 217/221/217
f 219/223/219 220/224/220 217/221/217
f 222/226/222 223/227/223 221/225/221
f 223/227/223 224/228/224 221/225/221
f 226/230/226 227/231/227 225/229/225
f 227/231/227 228/232/228 225/229/225
f 230/234/230 231/235/231 229/233/229
f 231/235/231 232/236/232 229/233/229
f 234/238/234 235/239/235 233/237/233
f 235/239/235 236/240/236 233/237/233
f 238/242/238 239/243/239 237/241/237
f 239/243/239 240/244/240 237/241/237
f 242/246/242 243/247/243 241/245/241
f 243/247/243 244/248/244 241/245/241
f 246/250/246 247/251/247 245/249/245
f 247/251/247 248/252/248 245/249/245
f 250/254/250 251/255/251 249/253/249
f 251/255/251 252/256/252 249/253/249
f 254/258/254 255/259/255 253/257/253
f 255/259/255 256/260/256 253/257/253
f 258/262/258 259/263/259 257/261/257
f 259/263/259 260/264/260 257/261/257
f 262/266/262 263/267/263 261/265/261
f 263/267/263 264/268/264 261/265/261
f 266/270/266 267/271/267 265/269/265
f 267/271/267 268/272/268 265/269/265
f 270/274/270 271/275/271 269/273/269
f 271/275/271 272/276/272 269/273/269
f 274/278/274 275/279/275 273/277/273
f 275/279/275 276/280/276 273/277/273
f 278/282/278 279/283/279 277/281/277
f 279/283/279 280/284/280 277/281/277
f 282/286/282 283/287/283 281/285/281
f 283/287/283 284/288/284 281/285/281
f 286/290/286 287/291/287 285/289/285
f 287/291/287 288/292/288 285/289/285
f 290/294/290 291/295/291 289/293/289
f 291/295/291 292/296/292 289/293/289
f 294/298/294 295/299/295 293/297/293
f 295/299/295 296/300/296 293/297/293
f 298/302/298 299/303/299 297/301/297
f 299/303/299 300/304/300 297/301/297
f 302/306/302 303/307/303 301/305/301
f 303/307/303 304/308/304 301/305/301
f 306/310/306 307/311/307 305/309/305
f 307/311/307 308/312/308 305/309/305
f 310/314/310 311/315/311 309/313/309
f 311/315/311 312/316/312 309/313/309
f 314/318/314 315/319/315 313/317/313
f 315/319/315 316/320/316 313/317/313
f 318/322/318 319/323/319 317/321/317
f 319/323/319 320/324/320 317/321/317
f 322/326/322 323/327/323 321/325/321
f 323/327/323 324/328/324 321/325/321
f 326/330/326 327/331/327 325/329/325
f 327/331/327 328/332/328 325/329/325
f 330/334/330 331/335/331 329/333/329
f 331/335/331 332/336/332 329/333/329
f 334/338/334 335/339/335 333/337/333
f 335/339/335 336/340/336 333/337/333
f 338/342/338 339/343/339 337/341/337
f 339/343/339 340/344/340 337/341/337
f 342/346/342 343/347/343 341/345/341
f 343/347/343 344/348/344 341/345/341
f 346/350/346 347/351/347 345/349/345
f 347/351/347 348/352/348 345/349/345
f 350/354/350 351/355/351 349/353/349
f 351/355/351 352/356/352 349/353/349
f 354/358/354 355/359/355 353/357/353
f 355/359/355 356/360/356 353/357/353
f 358/362/358 359/363/359 357/361/357
f 359/363/359 360/364/360 357/361/357
f 362/366/362 363/367/363 361/365/361
f 363/367/363 364/368/364 361/365/361
f 366/370/366 367/371/367 365/369/365
f 367/371/367 368/372/368 365/369/365
f 370/374/370 371/375/371 369/373/369
f 371/375/371 372/376/372 369/373/369
f 374/378/374 375/379/375 373/377/373
f 375/379/375 376/380/376 373/377/373
f 378/382/378 379/383/379 377/381/377
f 379/383/379 380/384/380 377/381/377
f 382/386/382 383/387/383 381/385/381
f 383/387/383 384/388/384 381/385/381
f 386/390/386 387/391/387 385/389/385
f 387/391/387 388/392/388 385/389/385
f 390/394/390 391/395/391 389/393/389
f 391/395/391 392/396/392 389/393/389
f 394/398/394 395/399/395 393/397/393
f 395/399/395 396/400/396 393/397/393
f 398/402/398 399/403/399 397/401/397
f 399/403/399 400/404/400 397/401/397
f 402/406/402 403/407/403 401/405/401
f 403/407/403 404/408/404 401/405/401
f 406/410/406 407/411/407 405/409/405
f 407/411/407 408/412/408 405/409/405
f 410/414/410 411/415/411 409/413/409
f 411/415/411 412/416/412 409/413/409
f 414/418/414 415/419/415 413/417/413
f 415/419/415 416/420/416 413/417/413
f 418/422/418 419/423/419 417/421/417
f 419/423/419 420/424/420 417/421/417
f 422/426/422 423/427/423 421/425/421
f 423/427/423 424/428/424 421/425/421
f 426/430/426 427/431/427 425/429/425
f 427/431/427 428/432/428 425/429/425
f 430/434/430 431/435/431 429/433/429
f 431/435/431 432/436/432 429/433/429
f 434/438/434 435/439/435 433/437/433
f 435/439/435 436/440/436 433/437/433
f 438/442/438 439/443/439 437/441/437
f 439/443/439 440/444/440 437/441/437
f 442/446/442 443/447/443 441/445/441
f 443/447/443 444/448/444 441/445/441
f 446/450/446 447/451/447 445/449/445
f 447/451/447 448/452/448 445/449/445
f 450/454/450 451/455/451 449/453/449
f 451/455/451 452/456/452 449/453/449
f 454/458/454 455/459/455 453/457/453
f 455/459/455 456/460/456 453/457/453
f 458/462/458 459/463/459 457/461/457
f 459/463/459 460/464/460 457/461/457
f 462/466/462 463/467/463 461/465/461
f 463/467/463 464/468/464 461/465/461
f 466/470/466 467/471/467 465/469/465
f 467/471/467 468/472/468 465/469/465
f 470/474/470 471/475/471 469/473/469
f 471/475/471 472/476/472 469/473/469
f 474/478/474 475/479/475 473/477/473
f 475/479/475 476/480/476 473/477/473
f 478/482/478 479/483/479 477/481/477
f 479/483/479 480/484/480 477/481/477
f 482/486/482 483/487/483 481/485/481
f 483/487/483 484/488/484 481/485/481
f 486/490/486 487/491/487 485/489/485
f 487/491/487 488/492/488 485/489/485
f 490/494/490 491/495/491 489/493/489
f 491/495/491 492/496/492 489/493/489
f 494/498/494 495/499/495 493/497/493
f 495/499/495 496/500/496 493/497/493
f 498/502/498 499/503/499 497/501/497
f 499/503/499 500/504/500 497/501/497
f 502/506/502 503/507/503 501/505/501
f 503/507/503 504/508/504 501/505/501
f 506/510/506 507/511/507 505/509/505
f 507/511/507 508/512/508 505/509/505
f 510/514/510 511/515/511 509/513/509
f 511/515/511 512/516/512 509/513/509
f 514/518/514 515/519/515 513/517/513
f 515/519/515 516/520/516 513/517/513
f 518/522/518 519/523/519 517/521/517
f 519/523/519 520/524/520 517/521/517
f 522/526/522 523/527/523 521/525/521
f 523/527/523 524/528/524 521/525/521
f 526/530/526 527/531/527 525/529/525
f 527/531/527 528/532/528 525/529/525
f 530/534/530 531/535/531 529/533/529
f 531/535/531 532/536/532 529/533/529
f 534/538/534 535/539/535 533/537/533
f 535/539/535 536/540/536 533/537/533
f 538/542/538 539/543/539 537/541/537
f 539/543/539 540/544/540 537/541/537
f 542/546/542 543/547/543 541/545/541
f 543/547/543 544/548/544 541/545/541
f 546/550/546 547/551/547 545/549/545
f 547/551/547 548/552/548 545/549/545
f 550/554/550 551/555/551 549/553/549
f 551/555/551 552/556/552 549/553/549
f 554/558/554 555/559/555 553/557/553
f 555/559/555 556/560/556 553/557/553
f 558/562/558 559/563/559 557/561/557
f 559/563/559 560/564/560 557/561/557
f 562/566/562 563/567/563 561/565/561
f 563/567/563 564/568/564 561/565/561
f 566/570/566 567/571/567 565/569/565
f 567/571/567 568/572/568 565/569/565
f 570/574/570 571/575/571 569/573/569
f 571/575/571 572/576/572 569/573/569
f 574/578/574 575/579/575 573/577/573
f 575/579/575 576/580/576 573/577/573
f 578/582/578 579/583/579 577/581/577
f 579/583/579 580/584/580 577/581/577
f 582/586/582 583/587/583 581/585/581
f 583/587/583 584/588/584 581/585/581
f 586/590/586 587/591/587 585/589/585
f 587/591/587 588/592/588 585/589/585
f 590/594/590 591/595/591 589/593/589
f 591/595/591 592/596/592 589/593/589
f 594/598/594 595/599/595 593/597/593
f 595/599/595 596/600/596 593/597/593
f 598/602/598 599/603/599 597/601/597
f 599/603/599 600/604/600 597/601/597
f 602/606/602 603/607/603 601/605/601
f 603/607/603 604/608/604 601/605/601
f 606/610/606 607/611/607 605/609/605
f 607/611/607 608/612/608 605/609/605
f 610/614/610 611/615/611 609/613/609
f 611/615/611 612/616/612 609/613/609
f 614/618/614 615/619/615 613/617/613
f 615/619/615 616/620/616 613/617/613
f 618/622/618 619/623/619 617/621/617
f 619/623/619 620/624/620 617/621/617
f 622/626/622 623/627/623 621/625/621
f 623/627/623 624/628/624 621/625/621
f 626/630/626 627/631/627 625/629/625
f 627/631/627 628/632/628 625/629/625
f 630/634/630 631/635/631 629/633/629
f 631/635/631 632/636/632 629/633/629
f 634/638/634 635/639/635 633/637/633
f 635/639/635 636/640/636 633/637/633
f 638/642/638 639/643/639 637/641/637
f 639/643/639 640/644/640 637/641/637
f 642/646/642 643/647/643 641/645/641
f 643/647/643 644/648/644 641/645/641
f 646/650/646 647/651/647 645/649/645
f 647/651/647 648/652/648 645/649/645
f 650/654/650 651/655/651 649/653/649
f 651/655/651 652/656/652 649/653/649
f 654/658/654 655/659/655 653/657/653
f 655/659/655 656/660/656 653/657/653
f 658/662/658 659/663/659 657/661/657
f 659/663/659 660/664/660 657/661/657
f 662/666/662 663/667/663 661/665/661
f 663/667/663 664/668/664 661/665/661
f 666/670/666 667/671/667 665/669/665
f 667/671/667 668/672/668 665/669/665
f 670/674/670 671/675/671 669/673/669
f 671/675/671 672/676/672 669/673/669
f 674/678/674 675/679/675 673/677/673
f 675/679/675 676/680/676 673/677/673
f 678/682/678 679/683/679 677/681/677
f 679/683/679 680/684/680 677/681/677
f 682/686/682 683/687/683 681/685/681
f 683/687/683 684/688/684 681/685/681
f 686/690/686 687/691/687 685/689/685
f 687/691/687 688/692/688 685/689/685
f 690/694/690 691/695/691 689/693/689
f 691/695/691 692/696/692 689/693/689
f 694/698/694 695/699/695 693/697/693
f 695/699/695 696/700/696 693/697/693
f 698/702/698 699/703/699 697/701/697
f 699/703/699 700/704/700 697/701/697
f 702/706/702 703/707/703 701/705/701
f 703/707/703 704/708/704 701/705/701
f 706/710/706 707/711/707 705/709/705
f 707/711/707 708/712/708 705/709/705
f 710/714/710 711/715/711 709/713/709
f 711/715/711 712/716/712 709/713/709
f 714/718/714 715/719/715 713/717/713
f 715/719/715 716/720/716 713/717/713
f 718/722/718 719/723/719 717/721/717
f 719/723/719 720/724/720 717/721/717
f 722/726/722 723/727/723 721/725/721
f 723/727/723 724/728/724 721/725/721
f 726/730/726 727/731/727 725/729/725
f 727/731/727 728/732/728 725/729/725
f 730/734/730 731/735/731 729/733/729
f 731/735/731 732/736/732 729/733/729
f 734/738/734 735/739/735 733/737/733
f 735/739/735 736/740/736 733/737/733
f 738/742/738 739/743/739 737/741/737
f 739/743/739 740/744/740 737/741/737
f 742/746/742 743/747/743 741/745/741
f 743/747/743 744/748/744 741/745/741
f 746/750/746 747/751/747 745/749/745
f 747/751/747 748/752/748 745/749/745
f 750/754/750 751/755/751 749/753/749
f 751/755/751 752/756/752 749/753/749
f 754/758/754 755/759/755 753/757/753
f 755/759/755 756/760/756 753/757/753
f 758/762/758 759/763/759 757/761/757
f 759/763/759 760/764/760 757/761/757
f 762/766/762 763/767/763 761/765/761
f 763/767/763 764/768/764 761/765/761
f 766/770/766 767/771/767 765/769/765
f 767/771/767 768/772/768 765/769/765
f 770/774/770 771/775/771 769/773/769
f 771/775/771 772/776/772 769/773/769
f 774/778/774 775/779/775 773/777/773
f 775/779/775 776/780/776 773/777/773
f 778/782/778 779/783/779 777/781/777
f 779/783/779 780/784/780 777/781/777
f 782/786/782 783/787/783 781/785/781
f 783/787/783 784/788/784 781/785/781
f 786/790/786 787/791/787 785/789/785
f 787/791/787 788/792/788 785/789/785
f 790/794/790 791/795/791 789/793/789
f 791/795/791 792/796/792 789/793/789
f 794/798/794 795/799/795 793/797/793
f 795/799/795 796/800/796 793/797/793
f 798/802/798 799/803/799 797/801/797
f 799/803/799 800/804/800 797/801/797
f 802/806/802 803/807/803 801/805/801
f 803/807/803 804/808/804 801/805/801
f 806/810/806 807/811/807 805/809/805
f 807/811/807 808/812/808 805/809/805
f 810/814/810 811/815/811 809/813/809
f 811/815/811 812/816/812 809/813/809
f 814/818/814 815/819/815 813/817/813
f 815/819/815 816/820/816 813/817/813
f 818/822/818 819/823/819 817/821/817
f 819/823/819 820/824/820 817/821/817
f 822/826/822 823/827/823 821/825/821
f 823/827/823 824/828/824 821/825/821
f 826/830/826 827/831/827 825/829/825
f 827/831/827 828/832/828 825/829/825
f 830/834/830 831/835/831 829/833/829
f 831/835/831 832/836/832 829/833/829
f 834/838/834 835/839/835 833/837/833
f 835/839/835 836/840/836 833/837/833
f 838/842/838 839/843/839 837/841/837
f 839/843/839 840/844/840 837/841/837
f 842/846/842 843/847/843 841/845/841
f 843/847/843 844/848/844 841/845/841
f 846/850/846 847/851/847 845/849/845
f 847/851/847 848/852/848 845/849/845
f 850/854/850 851/855/851 849/853/849
f 851/855/851 852/856/852 849/853/849
f 854/858/854 855/859/855 853/857/853
f 855/859/855 856/860/856 853/857/853
f 858/862/858 859/863/859 857/861/857
f 859/863/859 860/864/860 857/861/857
f 862/866/862 863/867/863 861/865/861
f 863/867/863 864/868/864 861/865/861
f 866/870/866 867/871/867 865/869/865
f 867/871/867 868/872/868 865/869/865
f 870/874/870 871/875/871 869/873/869
f 871/875/871 872/876/872 869/873/869
f 874/878/874 875/879/875 873/877/873
f 875/879/875 876/880/876 873/877/873
f 878/882/878 879/883/879 877/881/877
f 879/883/879 880/884/880 877/881/877
f 882/886/882 883/887/883 881/885/881
f 883/887/883 884/888/884 881/885/881
f 886/890/886 887/891/887 885/889/885
f 887/891/887 888/892/888 885/889/885
f 890/894/890 891/895/891 889/893/889
f 891/895/891 892/896/892 889/893/889
f 894/898/894 895/899/895 893/897/893
f 895/899/895 896/900/896 893/897/893
f 898/902/898 899/903/899 897/901/897
f 899/903/899 900/904/900 897/901/897
f 902/906/902 903/907/903 901/905/901
f 903/907/903 904/908/904 901/905/901
f 906/910/906 907/911/907 905/909/905
f 907/911/907 908/912/908 905/909/905
f 910/914/910 911/915/911 909/913/909
f 911/915/911 912/916/912 909/913/909
f 914/918/914 915/919/915 913/917/913
f 915/919/915 916/920/916 913/917/913
f 918/922/918 919/923/919 917/921/917
f 919/923/919 920/924/920 917/921/917
f 922/926/922 923/927/923 921/925/921
f 923/927/923 924/928/924 921/925/921
f 926/930/926 927/931/927 925/929/925
f 927/931/927 928/932/928 925/929/925
f 930/934/930 931/935/931 929/933/929
f 931/935/931 932/936/932 929/933/929
f 934/938/934 935/939/935 933/937/933
f 935/939/935 936/940/936 933/937/933
f 938/942/938 939/943/939 937/941/937
f 939/943/939 940/944/940 937/941/937
f 942/946/942 943/947/943 941/945/941
f 943/947/943 944/948/944 941/945/941
f 946/950/946 947/951/947 945/949/945
f 947/951/947 948/952/948 945/949/945
f 950/954/950 951/955/951 949/953/949
f 951/955/951 952/956/952 949/953/949
f 954/958/954 955/959/955 953/957/953
f 955/959/955 956/960/956 953/957/953
f 958/962/958 959/963/959 957/961/957
f 959/963/959 960/964/960 957/961/957
f 962/966/962 963/967/963 961/965/961
f 963/967/963 964/968/964 961/965/961
f 966/970/966 967/971/967 965/969/965
f 967/971/967 968/972/968 965/969/965
f 970/974/970 971/975/971 969/973/969
f 971/975/971 972/976/972 969/973/969
f 974/978/974 975/979/975 973/977/973
f 975/979/975 976/980/976 973/977/973
f 978/982/978 979/983/979 977/981/977
f 979/983/979 980/984/980 977/981/977
f 982/986/982 983/987/983 981/985/981
f 983/987/983 984/988/984 981/985/981
f 986/990/986 987/991/987 985/989/985
f 987/991/987 988/992/988 985/989/985
f 990/994/990 991/995/991 989/993/989
f 991/995/991 992/996/992 989/993/989
f 994/998/994 995/999/995 993/997/993
f 995/999/995 996/1000/996 993/997/993
f 998/1002/998 999/1003/999 997/1001/997
f 999/1003/999 1000/1004/1000 997/1001/997
f 1002/1006/1002 1003/1007/1003 1001/1005/1001
f 1003/1007/1003 1004/1008/1004 1001/1005/1001
f 1006/1010/1006 1007/1011/1007 1005/1009/1005
f 1007/1011/1007 1008/1012/1008 1005/1009/1005
f 1010/1014/1010 1011/1015/1011 1009/1013/1009
f 1011/1015/1011 1012/1016/1012 1009/1013/1009
f 1014/1018/1014 1015/1019/1015 1013/1017/1013
f 1015/1019/1015 1016/1020/1016 1013/1017/1013
f 1018/1022/1018 1019/1023/1019 1017/1021/1017
f 1019/1023/1019 1020/1024/1020 1017/1021/1017
f 1022/1026/1022 1023/1027/1023 1021/1025/1021
f 1023/1027/1023 1024/1028/1024 1021/1025/1021
f 1026/1030/1026 1027/1031/1027 1025/1029/1025
f 1027/1031/1027 1028/1032/1028 1025/1029/1025
f 1030/1034/1030 1031/1035/1031 1029/1033/1029
f 1031/1035/1031 1032/1036/1032 1029/1033/1029
f 1034/1038/1034 1035/1039/1035 1033/1037/1033
f 1035/1039/1035 1036/1040/1036 1033/1037/1033
f 1038/1042/1038 1039/1043/1039 1037/1041/1037
f 1039/1043/1039 1040/1044/1040 1037/1041/1037
f 1042/1046/1042 1043/1047/1043 1041/1045/1041
f 1043/1047/1043 1044/1048/1044 1041/1045/1041
f 1046/1050/1046 1047/1051/1047 1045/1049/1045
f 1047/1051/1047 1048/1052/1048 1045/1049/1045
f 1050/1054/1050 1051/1055/1051 1049/1053/1049
f 1051/1055/1051 1052/1056/1052 1049/1053/1049
f 1054/1058/1054 1055/1059/1055 1053/1057/1053
f 1055/1059/1055 1056/1060/1056 1053/1057/1053
f 1058/1062/1058 1059/1063/1059 1057/1061/1057
f 1059/1063/1059 1060/1064/1060 1057/1061/1057
f 1062/1066/1062 1063/1067/1063 1061/1065/1061
f 1063/1067/1063 1064/1068/1064 1061/1065/1061
f 1066/1070/1066 1067/1071/1067 1065/1069/1065
f 1067/1071/1067 1068/1072/1068 1065/1069/1065
f 1070/1074/1070 1071/1075/1071 1069/1073/1069
f 1071/1075/1071 1072/1076/1072 1069/1073/1069
f 1074/1078/1074 1075/1079/1075 1073/1077/1073
f 1075/1079/1075 1076/1080/1076 1073/1077/1073
f 1078/1082/1078 1079/1083/1079 1077/1081/1077
f 1079/1083/1079 1080/1084/1080 1077/1081/1077
f 1082/1086/1082 1083/1087/1083 1081/1085/1081
f 1083/1087/1083 1084/1088/1084 1081/1085/1081
f 1086/1090/1086 1087/1091/1087 1085/1089/1085
f 1087/1091/1087 1088/1092/1088 1085/1089/1085
f 1090/1094/1090 1091/1095/1091 1089/1093/1089
f 1091/1095/1091 1092/1096/1092 1089/1093/1089
f 1094/1098/1094 1095/1099/1095 1093/1097/1093
f 1095/1099/1095 1096/1100/1096 1093/1097/1093
f 1098/1102/1098 1099/1103/1099 1097/1101/1097
f 1099/1103/1099 1100/1104/1100 1097/1101/1097
f 1102/1106/1102 1103/1107/1103 1101/1105/1101
f 1103/1107/1103 1104/1108/1104 1101/1105/1101
f 1106/1110/1106 1107/1111/1107 1105/1109/1105
f 1107/1111/1107 1108/1112/1108 1105/1109/1105
f 1110/1114/1110 1111/1115/1111 1109/1113/1109
f 1111/1115/1111 1112/1116/1112 1109/1113/1109
f 1114/1118/1114 1115/1119/1115 1113/1117/1113
f 1115/1119/1115 1116/1120/1116 1113/1117/1113
f 1118/1122/1118 1119/1123/1119 1117/1121/1117
f 1119/1123/1119 1120/1124/1120 1117/1121/1117
f 1122/1126/1122 1123/1127/1123 1121/1125/1121
f 1123/1127/1123 1124/1128/1124 1121/1125/1121
f 1126/1130/1126 1127/1131/1127 1125/1129/1125
f 1127/1131/1127 1128/1132/1128 1125/1129/1125
f 1130/1134/1130 1131/1135/1131 1129/1133/1129
f 1131/1135/1131 1132/1136/1132 1129/1133/1129
f 1134/1138/1134 1135/1139/1135 1133/1137/1133
f 1135/1139/1135 1136/1140/1136 1133/1137/1133
f 1138/1142/1138 1139/1143/1139 1137/1141/1137
f 1139/1143/1139 1140/1144/1140 1137/1141/1137
f 1142/1146/1142 1143/1147/1143 1141/1145/1141
f 1143/1147/1143 1144/1148/1144 1141/1145/1141
f 1146/1150/1146 1147/1151/1147 1145/1149/1145
f 1147/1151/1147 1148/1152/1148 1145/1149/1145
f 1150/1154/1150 1151/1155/1151 1149/1153/1149
f 1151/1155/1151 1152/1156/1152 1149/1153/1149
f 1154/1158/1154 1155/1159/1155 1153/1157/1153
f 1155/1159/1155 1156/1160/1156 1153/1157/1153
f 1158/1162/1158 1159/1163/1159 1157/1161/1157
f 1159/1163/1159 1160/1164/1160 1157/1161/1157
f 1162/1166/1162 1163/1167/1163 1161/1165/1161
f 1163/1167/1163 1164/1168/1164 1161/1165/1161
f 1166/1170/1166 1167/1171/1167 1165/1169/1165
f 1167/1171/1167 1168/1172/1168 1165/1169/1165
f 1170/1174/1170 1171/1175/1171 1169/1173/1169
f 1171/1175/1171 1172/1176/1172 1169/1173/1169
f 1174/1178/1174 1175/1179/1175 1173/1177/1173
f 1175/1179/1175 1176/1180/1176 1173/1177/1173
f 1178/1182/1178 1179/1183/1179 1177/1181/1177
f 1179/1183/1179 1180/1184/1180 1177/1181/1177
f 1182/1186/1182 1183/1187/1183 1181/1185/1181
f 1183/1187/1183 1184/1188/1184 1181/1185/1181
f 1186/1190/1186 1187/1191/1187 1185/1189/1185
f 1187/1191/1187 1188/1192/1188 1185/1189/1185
f 1190/1194/1190 1191/1195/1191 1189/1193/1189
f 1191/1195/1191 1192/1196/1192 1189/1193/1189
f 1194/1198/1194 1195/1199/1195 1193/1197/1193
f 1195/1199/1195 1196/1200/1196 1193/1197/1193
f 1198/1202/1198 1199/1203/1199 1197/1201/1197
f 1199/1203/1199 1200/1204/1200 1197/1201/1197
f 1202/1206/1202 1203/1207/1203 1201/1205/1201
f 1203/1207/1203 1204/1208/1204 1201/1205/1201
f 1206/1210/1206 1207/1211/1207 1205/1209/1205
f 1207/1211/1207 1208/1212/1208 1205/1209/1205
f 1210/1214/1210 1211/1215/1211 1209/1213/1209
f 1211/1215/1211 1212/1216/1212 1209/1213/1209
f 1214/1218/1214 1215/1219/1215 1213/1217/1213
f 1215/1219/1215 1216/1220/1216 1213/1217/1213
f 1218/1222/1218 1219/1223/1219 1217/1221/1217
f 1219/1223/1219 1220/1224/1220 1217/1221/1217
f 1222/1226/1222 1223/1227/1223 1221/1225/1221
f 1223/1227/1223 1224/1228/1224 1221/1225/1221
f 1226/1230/1226 1227/1231/1227 1225/1229/1225
f 1227/1231/1227 1228/1232/1228 1225/1229/1225
f 1230/1234/1230 1231/1235/1231 1229/1233/1229
f 1231/1235/1231 1232/1236/1232 1229/1233/1229
f 1234/1238/1234 1235/1239/1235 1233/1237/1233
f 1235/1239/1235 1236/1240/1236 1233/1237/1233
f 1238/1242/1238 1239/1243/1239 1237/1241/1237
f 1239/1243/1239 1240/1244/1240 1237/1241/1237
f 1242/1246/1242 1243/1247/1243 1241/1245/1241
f 1243/1247/1243 1244/1248/1244 1241/1245/1241
f 1246/1250/1246 1247/1251/1247 1245/1249/1245
f 1247/1251/1247 1248/1252/1248 1245/1249/1245
f 1250/1254/1250 1251/1255/1251 1249/1253/1249
f 1251/1255/1251 1252/1256/1252 1249/1253/1249
f 1254/1258/1254 1255/1259/1255 1253/1257/1253
f 1255/1259/1255 1256/1260/1256 1253/1257/1253
f 1258/1262/1258 1259/1263/1259 1257/1261/1257
f 1259/1263/1259 1260/1264/1260 1257/1261/1257
f 1262/1266/1262 1263/1267/1263 1261/1265/1261
f 1263/1267/1263 1264/1268/1264 1261/1265/1261
f 1266/1270/1266 1267/1271/1267 1265/1269/1265
f 1267/1271/1267 1268/1272/1268 1265/1269/1265
f 1270/1274/1270 1271/1275/1271 1269/1273/1269
f 1271/1275/1271 1272/1276/1272 1269/1273/1269
f 1274/1278/1274 1275/1279/1275 1273/1277/1273
f 1275/1279/1275 1276/1280/1276 1273/1277/1273
f 1278/1282/1278 1279/1283/1279 1277/1281/1277
f 1279/1283/1279 1280/1284/1280 1277/1281/1277
f 1282/1286/1282 1283/1287/1283 1281/1285/1281
f 1283/1287/1283 1284/1288/1284 1281/1285/1281
f 1286/1290/1286 1287/1291/1287 1285/1289/1285
f 1287/1291/1287 1288/1292/1288 1285/1289/1285
f 1290/1294/1290 1291/1295/1291 1289/1293/1289
f 1291/1295/1291 1292/1296/1292 1289/1293/1289
f 1294/1298/1294 1295/1299/1295 1293/1297/1293
f 1295/1299/1295 1296/1300/1296 1293/1297/1293
f 1298/1302/1298 1299/1303/1299 1297/1301/1297
f 1299/1303/1299 1300/1304/1300 1297/1301/1297
f 1302/1306/1302 1303/1307/1303 1301/1305/1301
f 1303/1307/1303 1304/1308/1304 1301/1305/1301
f 1306/1310/1306 1307/1311/1307 1305/1309/1305
f 1307/1311/1307 1308/1312/1308 1305/1309/1305
f 1310/1314/1310 1311/1315/1311 1309/1313/1309
f 1311/1315/1311 1312/1316/1312 1309/1313/1309
f 1314/1318/1314 1315/1319/1315 1313/1317/1313
f 1315/1319/1315 1316/1320/1316 1313/1317/1313
f 1318/1322/1318 1319/1323/1319 1317/1321/1317
f 1319/1323/1319 1320/1324/1320 1317/1321/1317
f 1322/1326/1322 1323/1327/1323 1321/1325/1321
f 1323/1327/1323 1324/1328/1324 1321/1325/1321
f 1326/1330/1326 1327/1331/1327 1325/1329/1325
f 1327/1331/1327 1328/1332/1328 1325/1329/1325
f 1330/1334/1330 1331/1335/1331 1329/1333/1329
f 1331/1335/1331 1332/1336/1332 1329/1333/1329
f 1334/1338/1334 1335/1339/1335 1333/1337/1333
f 1335/1339/1335 1336/1340/1336 1333/1337/1333
f 1338/1342/1338 1339/1343/1339 1337/1341/1337
f 1339/1343/1339 1340/1344/1340 1337/1341/1337
f 1342/1346/1342 1343/1347/1343 1341/1345/1341
f 1343/1347/1343 1344/1348/1344 1341/1345/1341
f 1346/1350/1346 1347/1351/1347 1345/1349/1345
f 1347/1351/1347 1348/1352/1348 1345/1349/1345
f 1350/1354/1350 1351/1355/1351 1349/1353/1349
f 1351/1355/1351 1352/1356/1352 1349/1353/1349
f 1354/1358/1354 1355/1359/1355 1353/1357/1353
f 1355/1359/1355 1356/1360/1356 1353/1357/1353
f 1358/1362/1358 1359/1363/1359 1357/1361/1357
f 1359/1363/1359 1360/1364/1360 1357/1361/1357
f 1362/1366/1362 1363/1367/1363 1361/1365/1361
f 1363/1367/1363 1364/1368/1364 1361/1365/1361
f 1366/1370/1366 1367/1371/1367 1365/1369/1365
f 1367/1371/1367 1368/1372/1368 1365/1369/1365
f 1370/1374/1370 1371/1375/1371 1369/1373/1369
f 1371/1375/1371 1372/1376/1372 1369/1373/1369
f 1374/1378/1374 1375/1379/1375 1373/1377/1373
f 1375/1379/1375 1376/1380/1376 1373/1377/1373
f 1378/1382/1378 1379/1383/1379 1377/1381/1377
f 1379/1383/1379 1380/1384/1380 1377/1381/1377
f 1382/1386/1382 1383/1387/1383 1381/1385/1381
f 1383/1387/1383 1384/1388/1384 1381/1385/1381
f 1386/1390/1386 1387/1391/1387 1385/1389/1385
f 1387/1391/1387 1388/1392/1388 1385/1389/1385
f 1390/1394/1390 1391/1395/1391 1389/1393/1389
f 1391/1395/1391 1392/1396/1392 1389/1393/1389
f 1394/1398/1394 1395/1399/1395 1393/1397/1393
f 1395/1399/1395 1396/1400/1396 1393/1397/1393
f 1398/1402/1398 1399/1403/1399 1397/1401/1397
f 1399/1403/1399 1400/1404/1400 1397/1401/1397
f 1402/1406/1402 1403/1407/1403 1401/1405/1401
f 1403/1407/1403 1404/1408/1404 1401/1405/1401
f 1406/1410/1406 1407/1411/1407 1405/1409/1405
f 1407/1411/1407 1408/1412/1408 1405/1409/1405
f 1410/1414/1410 1411/1415/1411 1409/1413/1409
f 1411/1415/1411 1412/1416/1412 1409/1413/1409
f 1414/1418/1414 1415/1419/1415 1413/1417/1413
f 1415/1419/1415 1416/1420/1416 1413/1417/1413
f 1418/1422/1418 1419/1423/1419 1417/1421/1417
f 1419/1423/1419 1420/1424/1420 1417/1421/1417
f 1422/1426/1422 1423/1427/1423 1421/1425/1421
f 1423/1427/1423 1424/1428/1424 1421/1425/1421
f 1426/1430/1426 1427/1431/1427 1425/1429/1425
f 1427/1431/1427 1428/1432/1428 1425/1429/1425
f 1430/1434/1430 1431/1435/1431 1429/1433/1429
f 1431/1435/1431 1432/1436/1432 1429/1433/1429
f 1434/1438/1434 1435/1439/1435 1433/1437/1433
f 1435/1439/1435 1436/1440/1436 1433/1437/1433
f 1438/1442/1438 1439/1443/1439 1437/1441/1437
f 1439/1443/1439 1440/1444/1440 1437/1441/1437
f 1442/1446/1442 1443/1447/1443 1441/1445/1441
f 1443/1447/1443 1444/1448/1444 1441/1445/1441
f 1446/1450/1446 1447/1451/1447 1445/1449/1445
f 1447/1451/1447 1448/1452/1448 1445/1449/1445
f 1450/1454/1450 1451/1455/1451 1449/1453/1449
f 1451/1455/1451 1452/1456/1452 1449/1453/1449
f 1454/1458/1454 1455/1459/1455 1453/1457/1453
f 1455/1459/1455 1456/1460/1456 1453/1457/1453
f 1458/1462/1458 1459/1463/1459 1457/1461/1457
f 1459/1463/1459 1460/1464/1460 1457/1461/1457
f 1462/1466/1462 1463/1467/1463 1461/1465/1461
f 1463/1467/1463 1464/1468/1464 1461/1465/1461
f 1466/1470/1466 1467/1471/1467 1465/1469/1465
f 1467/1471/1467 1468/1472/1468 1465/1469/1465
f 1470/1474/1470 1471/1475/1471 1469/1473/1469
f 1471/1475/1471 1472/1476/1472 1469/1473/1469
f 1474/1478/1474 1475/1479/1475 1473/1477/1473
f 1475/1479/1475 1476/1480/1476 1473/1477/1473
f 1478/1482/1478 1479/1483/1479 1477/1481/1477
f 1479/1483/1479 1480/1484/1480 1477/1481/1477
f 1482/1486/1482 1483/1487/1483 1481/1485/1481
f 1483/1487/1483 1484/1488/1484 1481/1485/1481
f 1486/1490/1486 1487/1491/1487 1485/1489/1485
f 1487/1491/1487 1488/1492/1488 1485/1489/1485
f 1490/1494/1490 1491/1495/1491 1489/1493/1489
f 1491/1495/1491 1492/1496/1492 1489/1493/1489
f 1494/1498/1494 1495/1499/1495 1493/1497/1493
f 1495/1499/1495 1496/1500/1496 1493/1497/1493
f 1498/1502/1498 1499/1503/1499 1497/1501/1497
f 1499/1503/1499 1500/1504/1500 1497/1501/1497
f 1502/1506/1502 1503/1507/1503 1501/1505/1501
f 1503/1507/1503 1504/1508/1504 1501/1505/1501
f 1506/1510/1506 1507/1511/1507 1505/1509/1505
f 1507/1511/1507 1508/1512/1508 1505/1509/1505
f 1510/1514/1510 1511/1515/1511 1509/1513/1509
f 1511/1515/1511 1512/1516/1512 1509/1513/1509
f 1514/1518/1514 1515/1519/1515 1513/1517/1513
f 1515/1519/1515 1516/1520/1516 1513/1517/1513
f 1518/1522/1518 1519/1523/1519 1517/1521/1517
f 1519/1523/1519 1520/1524/1520 1517/1521/1517
f 1522/1526/1522 1523/1527/1523 1521/1525/1521
f 1523/1527/1523 1524/1528/1524 1521/1525/1521
f 1526/1530/1526 1527/1531/1527 1525/1529/1525
f 1527/1531/1527 1528/1532/1528 1525/1529/1525
f 1530/1534/1530 1531/1535/1531 1529/1533/1529
f 1531/1535/1531 1532/1536/1532 1529/1533/1529
f 1534/1538/1534 1535/1539/1535 1533/1537/1533
f 1535/1539/1535 1536/1540/1536 1533/1537/1533
f 1538/1542/1538 1539/1543/1539 1537/1541/1537
f 1539/1543/1539 1540/1544/1540 1537/1541/1537
f 1542/1546/1542 1543/1547/1543 1541/1545/1541
f 1543/1547/1543 1544/1548/1544 1541/1545/1541
f 1546/1550/1546 1547/1551/1547 1545/1549/1545
f 1547/1551/1547 1548/1552/1548 1545/1549/1545
f 1550/1554/1550 1551/1555/1551 1549/1553/1549
f 1551/1555/1551 1552/1556/1552 1549/1553/1549
f 1554/1558/1554 1555/1559/1555 1553/1557/1553
f 1555/1559/1555 1556/1560/1556 1553/1557/1553
f 1558/1562/1558 1559/1563/1559 1557/1561/1557
f 1559/1563/1559 1560/1564/1560 1557/1561/1557
f 1562/1566/1562 1563/1567/1563 1561/1565/1561
f 1563/1567/1563 1564/1568/1564 1561/1565/1561
f 1566/1570/1566 1567/1571/1567 1565/1569/1565
f 1567/1571/1567 1568/1572/1568 1565/1569/1565
f 1570/1574/1570 1571/1575/1571 1569/1573/1569
f 1571/1575/1571 1572/1576/1572 1569/1573/1569
f 1574/1578/1574 1575/1579/1575 1573/1577/1573
f 1575/1579/1575 1576/1580/1576 1573/1577/1573
f 1578/1582/1578 1579/1583/1579 1577/1581/1577
f 1579/1583/1579 1580/1584/1580 1577/1581/1577
f 1582/1586/1582 1583/1587/1583 1581/1585/1581
f 1583/1587/1583 1584/1588/1584 1581/1585/1581
f 1586/1590/1586 1587/1591/1587 1585/1589/1585
f 1587/1591/1587 1588/1592/1588 1585/1589/1585
f 1590/1594/1590 1591/1595/1591 1589/1593/1589
f 1591/1595/1591 1592/1596/1592 1589/1593/1589
f 1594/1598/1594 1595/1599/1595 1593/1597/1593
f 1595/1599/1595 1596/1600/1596 1593/1597/1593
f 1598/1602/1598 1599/1603/1599 1597/1601/1597
f 1599/1603/1599 1600/1604/1600 1597/1601/1597
f 1602/1606/1602 1603/1607/1603 1601/1605/1601
f 1603/1607/1603 1604/1608/1604 1601/1605/1601
f 1606/1610/1606 1607/1611/1607 1605/1609/1605
f 1607/1611/1607 1608/1612/1608 1605/1609/1605
f 1610/1614/1610 1611/1615/1611 1609/1613/1609
f 1611/1615/1611 1612/1616/1612 1609/1613/1609
f 1614/1618/1614 1615/1619/1615 1613/1617/1613
f 1615/1619/1615 1616/1620/1616 1613/1617/1613
f 1618/1622/1618 1619/1623/1619 1617/1621/1617
f 1619/1623/1619 1620/1624/1620 1617/1621/1617
f 1622/1626/1622 1623/1627/1623 1621/1625/1621
f 1623/1627/1623 1624/1628/1624 1621/1625/1621
f 1626/1630/1626 1627/1631/1627 1625/1629/1625
f 1627/1631/1627 1628/1632/1628 1625/1629/1625
f 1630/1634/1630 1631/1635/1631 1629/1633/1629
f 1631/1635/1631 1632/1636/1632 1629/1633/1629
f 1634/1638/1634 1635/1639/1635 1633/1637/1633
f 1635/1639/1635 1636/1640/1636 1633/1637/1633
f 1638/1642/1638 1639/1643/1639 1637/1641/1637
f 1639/1643/1639 1640/1644/1640 1637/1641/1637
f 1642/1646/1642 1643/1647/1643 1641/1645/1641
f 1643/1647/1643 1644/1648/1644 1641/1645/1641
f 1646/1650/1646 1647/1651/1647 1645/1649/1645
f 1647/1651/1647 1648/1652/1648 1645/1649/1645
f 1650/1654/1650 1651/1655/1651 1649/1653/1649
f 1651/1655/1651 1652/1656/1652 1649/1653/1649
f 1654/1658/1654 1655/1659/1655 1653/1657/1653
f 1655/1659/1655 1656/1660/1656 1653/1657/1653
f 1658/1662/1658 1659/1663/1659 1657/1661/1657
f 1659/1663/1659 1660/1664/1660 1657/1661/1657
f 1662/1666/1662 1663/1667/1663 1661/1665/1661
f 1663/1667/1663 1664/1668/1664 1661/1665/1661
f 1666/1670/1666 1667/1671/1667 1665/1669/1665
f 1667/1671/1667 1668/1672/1668 1665/1669/1665
f 1670/1674/1670 1671/1675/1671 1669/1673/1669
f 1671/1675/1671 1672/1676/1672 1669/1673/1669
f 1674/1678/1674 1675/1679/1675 1673/1677/1673
f 1675/1679/1675 1676/1680/1676 1673/1677/1673
f 1678/1682/1678 1679/1683/1679 1677/1681/1677
f 1679/1683/1679 1680/1684/1680 1677/1681/1677
f 1682/1686/1682 1683/1687/1683 1681/1685/1681
f 1683/1687/1683 1684/1688/1684 1681/1685/1681
f 1686/1690/1686 1687/1691/1687 1685/1689/1685
f 1687/1691/1687 1688/1692/1688 1685/1689/1685
f 1690/1694/1690 1691/1695/1691 1689/1693/1689
f 1691/1695/1691 1692/1696/1692 1689/1693/1689
f 1694/1698/1694 1695/1699/1695 1693/1697/1693
f 1695/1699/1695 1696/1700/1696 1693/1697/1693
f 1698/1702/1698 1699/1703/1699 1697/1701/1697
f 1699/1703/1699 1700/1704/1700 1697/1701/1697
f 1702/1706/1702 1703/1707/1703 1701/1705/1701
f 1703/1707/1703 1704/1708/1704 1701/1705/1701
f 1706/1710/1706 1707/1711/1707 1705/1709/1705
f 1707/1711/1707 1708/1712/1708 1705/1709/1705
f 1710/1714/1710 1711/1715/1711 1709/1713/1709
f 1711/1715/1711 1712/1716/1712 1709/1713/1709
f 1714/1718/1714 1715/1719/1715 1713/1717/1713
f 1715/1719/1715 1716/1720/1716 1713/1717/1713
f 1718/1722/1718 1719/1723/1719 1717/1721/1717
f 1719/1723/1719 1720/1724/1720 1717/1721/1717
f 1722/1726/1722 1723/1727/1723 1721/1725/1721
f 1723/1727/1723 1724/1728/1724 1721/1725/1721
f 1726/1730/1726 1727/1731/1727 1725/1729/1725
f 1727/1731/1727 1728/1732/1728 1725/1729/1725
f 1730/1734/1730 1731/1735/1731 1729/1733/1729
f 1731/1735/1731 1732/1736/1732 1729/1733/1729
f 1734/1738/1734 1735/1739/1735 1733/1737/1733
f 1735/1739/1735 1736/1740/1736 1733/1737/1733
f 1738/1742/1738 1739/1743/1739 1737/1741/1737
f 1739/1743/1739 1740/1744/1740 1737/1741/1737
f 1742/1746/1742 1743/1747/1743 1741/1745/1741
f 1743/1747/1743 1744/1748/1744 1741/1745/1741
f 1746/1750/1746 1747/1751/1747 1745/1749/1745
f 1747/1751/1747 1748/1752/1748 1745/1749/1745
f 1750/1754/1750 1751/1755/1751 1749/1753/1749
f 1751/1755/1751 1752/1756/1752 1749/1753/1749
f 1754/1758/1754 1755/1759/1755 1753/1757/1753
f 1755/1759/1755 1756/1760/1756 1753/1757/1753
f 1758/1762/1758 1759/1763/1759 1757/1761/1757
f 1759/1763/1759 1760/1764/1760 1757/1761/1757
f 1762/1766/1762 1763/1767/1763 1761/1765/1761
f 1763/1767/1763 1764/1768/1764 1761/1765/1761
f 1766/1770/1766 1767/1771/1767 1765/1769/1765
f 1767/1771/1767 1768/1772/1768 1765/1769/1765
f 1770/1774/1770 1771/1775/1771 1769/1773/1769
f 1771/1775/1771 1772/1776/1772 1769/1773/1769
f 1774/1778/1774 1775/1779/1775 1773/1777/1773
f 1775/1779/1775 1776/1780/1776 1773/1777/1773
f 1778/1782/1778 1779/1783/1779 1777/1781/1777
f 1779/1783/1779 1780/1784/1780 1777/1781/1777
f 1782/1786/1782 1783/1787/1783 1781/1785/1781
f 1783/1787/1783 1784/1788/1784 1781/1785/1781
f 1786/1790/1786 1787/1791/1787 1785/1789/1785
f 1787/1791/1787 1788/1792/1788 1785/1789/1785
f 1790/1794/1790 1791/1795/1791 1789/1793/1789
f 1791/1795/1791 1792/1796/1792 1789/1793/1789
f 1794/1798/1794 1795/1799/1795 1793/1797/1793
f 1795/1799/1795 1796/1800/1796 1793/1797/1793
f 1798/1802/1798 1799/1803/1799 1797/1801/1797
f 1799/1803/1799 1800/1804/1800 1797/1801/1797
f 1802/1806/1802 1803/1807/1803 1801/1805/1801
f 1803/1807/1803 1804/1808/1804 1801/1805/1801
f 1806/1810/1806 1807/1811/1807 1805/1809/1805
f 1807/1811/1807 1808/1812/1808 1805/1809/1805
f 1810/1814/1810 1811/1815/1811 1809/1813/1809
f 1811/1815/1811 1812/1816/1812 1809/1813/1809
f 1814/1818/1814 1815/1819/1815 1813/1817/1813
f 1815/1819/1815 1816/1820/1816 1813/1817/1813
f 1818/1822/1818 1819/1823/1819 1817/1821/1817
f 1819/1823/1819 1820/1824/1820 1817/1821/1817
f 1822/1826/1822 1823/1827/1823 1821/1825/1821
f 1823/1827/1823 1824/1828/1824 1821/1825/1821
f 1826/1830/1826 1827/1831/1827 1825/1829/1825
f 1827/1831/1827 1828/1832/1828 1825/1829/1825
f 1830/1834/1830 1831/1835/1831 1829/1833/1829
f 1831/1835/1831 1832/1836/1832 1829/1833/1829
f 1834/1838/1834 1835/1839/1835 1833/1837/1833
f 1835/1839/1835 1836/1840/1836 1833/1837/1833
f 1838/1842/1838 1839/1843/1839 1837/1841/1837
f 1839/1843/1839 1840/1844/1840 1837/1841/1837
f 1842/1846/1842 1843/1847/1843 1841/1845/1841
f 1843/1847/1843 1844/1848/1844 1841/1845/1841
f 1846/1850/1846 1847/1851/1847 1845/1849/1845
f 1847/1851/1847 1848/1852/1848 1845/1849/1845
f 1850/1854/1850 1851/1855/1851 1849/1853/1849
f 1851/1855/1851 1852/1856/1852 1849/1853/1849
f 1854/1858/1854 1855/1859/1855 1853/1857/1853
f 1855/1859/1855 1856/1860/1856 1853/1857/1853
f 1858/1862/1858 1859/1863/1859 1857/1861/1857
f 1859/1863/1859 1860/1864/1860 1857/1861/1857
f 1862/1866/1862 1863/1867/1863 1861/1865/1861
f 1863/1867/1863 1864/1868/1864 1861/1865/1861
f 1866/1870/1866 1867/1871/1867 1865/1869/1865
f 1867/1871/1867 1868/1872/1868 1865/1869/1865
f 1870/1874/1870 1871/1875/1871 1869/1873/1869
f 1871/1875/1871 1872/1876/1872 1869/1873/1869
f 1874/1878/1874 1875/1879/1875 1873/1877/1873
f 1875/1879/1875 1876/1880/1876 1873/1877/1873
f 1878/1882/1878 1879/1883/1879 1877/1881/1877
f 1879/1883/1879 1880/1884/1880 1877/1881/1877
f 1882/1886/1882 1883/1887/1883 1881/1885/1881
f 1883/1887/1883 1884/1888/1884 1881/1885/1881
f 1886/1890/1886 1887/1891/1887 1885/1889/1885
f 1887/1891/1887 1888/1892/1888 1885/1889/1885
f 1890/1894/1890 1891/1895/1891 1889/1893/1889
f 1891/1895/1891 1892/1896/1892 1889/1893/1889
f 1894/1898/1894 1895/1899/1895 1893/1897/1893
f 1895/1899/1895 1896/1900/1896 1893/1897/1893
f 1898/1902/1898 1899/1903/1899 1897/1901/1897
f 1899/1903/1899 1900/1904/1900 1897/1901/1897
f 1902/1906/1902 1903/1907/1903 1901/1905/1901
f 1903/1907/1903 1904/1908/1904 1901/1905/1901
f 1906/1910/1906 1907/1911/1907 1905/1909/1905
f 1907/1911/1907 1908/1912/1908 1905/1909/1905
f 1910/1914/1910 1911/1915/1911 1909/1913/1909
f 1911/1915/1911 1912/1916/1912 1909/1913/1909
f 1914/1918/1914 1915/1919/1915 1913/1917/1913
f 1915/1919/1915 1916/1920/1916 1913/1917/1913
f 1918/1922/1918 1919/1923/1919 1917/1921/1917
f 1919/1923/1919 1920/1924/1920 1917/1921/1917
f 1922/1926/1922 1923/1927/1923 1921/1925/1921
f 1923/1927/1923 1924/1928/1924 1921/1925/1921
f 1926/1930/1926 1927/1931/1927 1925/1929/1925
f 1927/1931/1927 1928/1932/1928 1925/1929/1925
f 1930/1934/1930 1931/1935/1931 1929/1933/1929
f 1931/1935/1931 1932/1936/1932 1929/1933/1929
f 1934/1938/1934 1935/1939/1935 1933/1937/1933
f 1935/1939/1935 1936/1940/1936 1933/1937/1933
f 1938/1942/1938 1939/1943/1939 1937/1941/1937
f 1939/1943/1939 1940/1944/1940 1937/1941/1937
f 1942/1946/1942 1943/1947/1943 1941/1945/1941
f 1943/1947/1943 1944/1948/1944 1941/1945/1941
f 1946/1950/1946 1947/1951/1947 1945/1949/1945
f 1947/1951/1947 1948/1952/1948 1945/1949/1945
f 1950/1954/1950 1951/1955/1951 1949/1953/1949
f 1951/1955/1951 1952/1956/1952 1949/1953/1949
f 1954/1958/1954 1955/1959/1955 1953/1957/1953
f 1955/1959/1955 1956/1960/1956 1953/1957/1953
f 1958/1962/1958 1959/1963/1959 1957/1961/1957
f 1959/1963/1959 1960/1964/1960 1957/1961/1957
f 1962/1966/1962 1963/1967/1963 1961/1965/1961
f 1963/1967/1963 1964/1968/1964 1961/1965/1961
f 1966/1970/1966 1967/1971/1967 1965/1969/1965
f 1967/1971/1967 1968/1972/1968 1965/1969/1965
f 1970/1974/1970 1971/1975/1971 1969/1973/1969
f 1971/1975/1971 1972/1976/1972 1969/1973/1969
f 1974/1978/1974 1975/1979/1975 1973/1977/1973
f 1975/1979/1975 1976/1980/1976 1973/1977/1973
f 1978/1982/1978 1979/1983/1979 1977/1981/1977
f 1979/1983/1979 1980/1984/1980 1977/1981/1977
f 1982/1986/1982 1983/1987/1983 1981/1985/1981
f 1983/1987/1983 1984/1988/1984 1981/1985/1981
f 1986/1990/1986 1987/1991/1987 1985/1989/1985
f 1987/1991/1987 1988/1992/1988 1985/1989/1985
f 1990/1994/1990 1991/1995/1991 1989/1993/1989
f 1991/1995/1991 1992/1996/1992 1989/1993/1989
f 1994/1998/1994 1995/1999/1995 1993/1997/1993
f 1995/1999/1995 1996/2000/1996 1993/1997/1993
f 1998/2002/1998 1999/2003/1999 1997/2001/1997
f 1999/2003/1999 2000/2004/2000 1997/2001/1997
f 2002/2006/2002 2003/2007/2003 2001/2005/2001
f 2003/2007/2003 2004/2008/2004 2001/2005/2001
f 2006/2010/2006 2007/2011/2007 2005/2009/2005
f 2007/2011/2007 2008/2012/2008 2005/2009/2005
f 2010/2014/2010 2011/2015/2011 2009/2013/2009
f 2011/2015/2011 2012/2016/2012 2009/2013/2009
f 2014/2018/2014 2015/2019/2015 2013/2017/2013
f 2015/2019/2015 2016/2020/2016 2013/2017/2013
f 2018/2022/2018 2019/2023/2019 2017/2021/2017
f 2019/2023/2019 2020/2024/2020 2017/2021/2017
f 2022/2026/2022 2023/2027/2023 2021/2025/2021
f 2023/2027/2023 2024/2028/2024 2021/2025/2021
f 2026/2030/2026 2027/2031/2027 2025/2029/2025
f 2027/2031/2027 2028/2032/2028 2025/2029/2025
f 2030/2034/2030 2031/2035/2031 2029/2033/2029
f 2031/2035/2031 2032/2036/2032 2029/2033/2029
f 2034/2038/2034 2035/2039/2035 2033/2037/2033
f 2035/2039/2035 2036/2040/2036 2033/2037/2033
f 2038/2042/2038 2039/2043/2039 2037/2041/2037
f 2039/2043/2039 2040/2044/2040 2037/2041/2037
f 2042/2046/2042 2043/2047/2043 2041/2045/2041
f 2043/2047/2043 2044/2048/2044 2041/2045/2041
f 2046/2050/2046 2047/2051/2047 2045/2049/2045
f 2047/2051/2047 2048/2052/2048 2045/2049/2045
f 2050/2054/2050 2051/2055/2051 2049/2053/2049
f 2051/2055/2051 2052/2056/2052 2049/2053/2049
f 2054/2058/2054 2055/2059/2055 2053/2057/2053
f 2055/2059/2055 2056/2060/2056 2053/2057/2053
f 2058/2062/2058 2059/2063/2059 2057/2061/2057
f 2059/2063/2059 2060/2064/2060 2057/2061/2057
f 2062/2066/2062 2063/2067/2063 2061/2065/2061
f 2063/2067/2063 2064/2068/2064 2061/2065/2061
f 2066/2070/2066 2067/2071/2067 2065/2069/2065
f 2068/2072/2068 2069/2073/2069 2067/2071/2067
f 2071/2075/2071 2065/2069/2065 2070/2074/2070
f 2065/2069/2065 2067/2071/2067 2070/2074/2070
f 2069/2073/2069 2072/2076/2072 2067/2071/2067
f 2073/2077/2073 2072/2076/2072 2069/2073/2069
f 2067/2071/2067 2072/2076/2072 2070/2074/2070
f 2074/2078/2074 2075/2079/2075 2072/2076/2072
f 2076/2080/2076 2077/2081/2077 2075/2079/2075
f 2075/2079/2075 2077/2081/2077 2072/2076/2072
f 2078/2082/2078 2079/2083/2079 2077/2081/2077
f 2077/2081/2077 2080/2084/2080 2072/2076/2072
f 2079/2083/2079 2080/2084/2080 2077/2081/2077
f 2081/2085/2081 2080/2084/2080 2079/2083/2079
f 2072/2076/2072 2080/2084/2080 2070/2074/2070
f 2083/2087/2083 2070/2074/2070 2082/2086/2082
f 2084/2088/2084 2085/2089/2085 2080/2084/2080
f 2082/2086/2082 2070/2074/2070 2086/2090/2086
f 2087/2091/2087 2082/2086/2082 2086/2090/2086
f 2088/2092/2088 2070/2074/2070 2080/2084/2080
f 2086/2090/2086 2070/2074/2070 2088/2092/2088
f 2085/2089/2085 2089/2093/2089 2080/2084/2080
f 2090/2094/2090 2089/2093/2089 2085/2089/2085
f 2089/2093/2089 2088/2092/2088 2080/2084/2080
f 2092/2096/2092 2086/2090/2086 2091/2095/2091
f 2091/2095/2091 2086/2090/2086 2088/2092/2088
f 2093/2097/2093 2091/2095/2091 2088/2092/2088
f 2094/2098/2094 2088/2092/2088 2089/2093/2089
f 2095/2099/2095 2094/2098/2094 2089/2093/2089
f 2096/2100/2096 2088/2092/2088 2094/2098/2094
f 2098/2102/2098 2099/2103/2099 2097/2101/2097
f 2100/2104/2100 2101/2105/2101 2099/2103/2099
f 2103/2107/2103 2097/2101/2097 2102/2106/2102
f 2097/2101/2097 2099/2103/2099 2102/2106/2102
f 2101/2105/2101 2104/2108/2104 2099/2103/2099
f 2105/2109/2105 2104/2108/2104 2101/2105/2101
f 2099/2103/2099 2104/2108/2104 2102/2106/2102
f 2106/2110/2106 2107/2111/2107 2104/2108/2104
f 2108/2112/2108 2109/2113/2109 2107/2111/2107
f 2107/2111/2107 2109/2113/2109 2104/2108/2104
f 2110/2114/2110 2111/2115/2111 2109/2113/2109
f 2109/2113/2109 2112/2116/2112 2104/2108/2104
f 2111/2115/2111 2112/2116/2112 2109/2113/2109
f 2113/2117/2113 2112/2116/2112 2111/2115/2111
f 2104/2108/2104 2112/2116/2112 2102/2106/2102
f 2115/2119/2115 2102/2106/2102 2114/2118/2114
f 2116/2120/2116 2117/2121/2117 2112/2116/2112
f 2114/2118/2114 2102/2106/2102 2118/2122/2118
f 2119/2123/2119 2114/2118/2114 2118/2122/2118
f 2120/2124/2120 2102/2106/2102 2112/2116/2112
f 2118/2122/2118 2102/2106/2102 2120/2124/2120
f 2117/2121/2117 2121/2125/2121 2112/2116/2112
f 2122/2126/2122 2121/2125/2121 2117/2121/2117
f 2121/2125/2121 2120/2124/2120 2112/2116/2112
f 2124/2128/2124 2118/2122/2118 2123/2127/2123
f 2123/2127/2123 2118/2122/2118 2120/2124/2120
f 2125/2129/2125 2123/2127/2123 2120/2124/2120
f 2126/2130/2126 2120/2124/2120 2121/2125/2121
f 2127/2131/2127 2126/2130/2126 2121/2125/2121
f 2128/2132/2128 2120/2124/2120 2126/2130/2126
f 2130/2134/2130 2131/2135/2131 2129/2133/2129
f 2132/2136/2132 2133/2137/2133 2131/2135/2131
f 2135/2139/2135 2129/2133/2129 2134/2138/2134
f 2129/2133/2129 2131/2135/2131 2134/2138/2134
f 2133/2137/2133 2136/2140/2136 2131/2135/2131
f 2137/2141/2137 2136/2140/2136 2133/2137/2133
f 2131/2135/2131 2136/2140/2136 2134/2138/2134
f 2138/2142/2138 2139/2143/2139 2136/2140/2136
f 2140/2144/2140 2141/2145/2141 2139/2143/2139
f 2139/2143/2139 2141/2145/2141 2136/2140/2136
f 2142/2146/2142 2143/2147/2143 2141/2145/2141
f 2141/2145/2141 2144/2148/2144 2136/2140/2136
f 2143/2147/2143 2144/2148/2144 2141/2145/2141
f 2145/2149/2145 2144/2148/2144 2143/2147/2143
f 2136/2140/2136 2144/2148/2144 2134/2138/2134
f 2147/2151/2147 2134/2138/2134 2146/2150/2146
f 2148/2152/2148 2149/2153/2149 2144/2148/2144
f 2146/2150/2146 2134/2138/2134 2150/2154/2150
f 2151/2155/2151 2146/2150/2146 2150/2154/2150
f 2152/2156/2152 2134/2138/2134 2144/2148/2144
f 2150/2154/2150 2134/2138/2134 2152/2156/2152
f 2149/2153/2149 2153/2157/2153 2144/2148/2144
f 2154/2158/2154 2153/2157/2153 2149/2153/2149
f 2153/2157/2153 2152/2156/2152 2144/2148/2144
f 2156/2160/2156 2150/2154/2150 2155/2159/2155
f 2155/2159/2155 2150/2154/2150 2152/2156/2152
f 2157/2161/2157 2155/2159/2155 2152/2156/2152
f 2158/2162/2158 2152/2156/2152 2153/2157/2153
f 2159/2163/2159 2158/2162/2158 2153/2157/2153
f 2160/2164/2160 2152/2156/2152 2158/2162/2158
f 2162/2166/2162 2163/2167/2163 2161/2165/2161
f 2164/2168/2164 2165/2169/2165 2163/2167/2163
f 2167/2171/2167 2161/2165/2161 2166/2170/2166
f 2161/2165/2161 2163/2167/2163 2166/2170/2166
f 2165/2169/2165 2168/2172/2168 2163/2167/2163
f 2169/2173/2169 2168/2172/2168 2165/2169/2165
f 2163/2167/2163 2168/2172/2168 2166/2170/2166
f 2170/2174/2170 2171/2175/2171 2168/2172/2168
f 2172/2176/2172 2173/2177/2173 2171/2175/2171
f 2171/2175/2171 2173/2177/2173 2168/2172/2168
f 2174/2178/2174 2175/2179/2175 2173/2177/2173
f 2173/2177/2173 2176/2180/2176 2168/2172/2168
f 2175/2179/2175 2176/2180/2176 2173/2177/2173
f 2177/2181/2177 2176/2180/2176 2175/2179/2175
f 2168/2172/2168 2176/2180/2176 2166/2170/2166
f 2179/2183/2179 2166/2170/2166 2178/2182/2178
f 2180/2184/2180 2181/2185/2181 2176/2180/2176
f 2178/2182/2178 2166/2170/2166 2182/2186/2182
f 2183/2187/2183 2178/2182/2178 2182/2186/2182
f 2184/2188/2184 2166/2170/2166 2176/2180/2176
f 2182/2186/2182 2166/2170/2166 2184/2188/2184
f 2181/2185/2181 2185/2189/2185 2176/2180/2176
f 2186/2190/2186 2185/2189/2185 2181/2185/2181
f 2185/2189/2185 2184/2188/2184 2176/2180/2176
f 2188/2192/2188 2182/2186/2182 2187/2191/2187
f 2187/2191/2187 2182/2186/2182 2184/2188/2184
f 2189/2193/2189 2187/2191/2187 2184/2188/2184
f 2190/2194/2190 2184/2188/2184 2185/2189/2185
f 2191/2195/2191 2190/2194/2190 2185/2189/2185
f 2192/2196/2192 2184/2188/2184 2190/2194/2190
f 2194/2198/2194 2195/2199/2195 2193/2197/2193
f 2196/2200/2196 2197/2201/2197 2195/2199/2195
f 2199/2203/2199 2193/2197/2193 2198/2202/2198
f 2193/2197/2193 2195/2199/2195 2198/2202/2198
f 2197/2201/2197 2200/2204/2200 2195/2199/2195
f 2201/2205/2201 2200/2204/2200 2197/2201/2197
f 2195/2199/2195 2200/2204/2200 2198/2202/2198
f 2202/2206/2202 2203/2207/2203 2200/2204/2200
f 2204/2208/2204 2205/2209/2205 2203/2207/2203
f 2203/2207/2203 2205/2209/2205 2200/2204/2200
f 2206/2210/2206 2207/2211/2207 2205/2209/2205
f 2205/2209/2205 2208/2212/2208 2200/2204/2200
f 2207/2211/2207 2208/2212/2208 2205/2209/2205
f 2209/2213/2209 2208/2212/2208 2207/2211/2207
f 2200/2204/2200 2208/2212/2208 2198/2202/2198
f 2211/2215/2211 2198/2202/2198 2210/2214/2210
f 2212/2216/2212 2213/2217/2213 2208/2212/2208
f 2210/2214/2210 2198/2202/2198 2214/2218/2214
f 2215/2219/2215 2210/2214/2210 2214/2218/2214
f 2216/2220/2216 2198/2202/2198 2208/2212/2208
f 2214/2218/2214 2198/2202/2198 2216/2220/2216
f 2213/2217/2213 2217/2221/2217 2208/2212/2208
f 2218/2222/2218 2217/2221/2217 2213/2217/2213
f 2217/2221/2217 2216/2220/2216 2208/2212/2208
f 2220/2224/2220 2214/2218/2214 2219/2223/2219
f 2219/2223/2219 2214/2218/2214 2216/2220/2216
f 2221/2225/2221 2219/2223/2219 2216/2220/2216
f 2222/2226/2222 2216/2220/2216 2217/2221/2217
f 2223/2227/2223 2222/2226/2222 2217/2221/2217
f 2224/2228/2224 2216/2220/2216 2222/2226/2222
f 2226/2230/2226 2227/2231/2227 2225/2229/2225
f 2228/2232/2228 2229/2233/2229 2227/2231/2227
f 2231/2235/2231 2225/2229/2225 2230/2234/2230
f 2225/2229/2225 2227/2231/2227 2230/2234/2230
f 2229/2233/2229 2232/2236/2232 2227/2231/2227
f 2233/2237/2233 2232/2236/2232 2229/2233/2229
f 2227/2231/2227 2232/2236/2232 2230/2234/2230
f 2234/2238/2234 2235/2239/2235 2232/2236/2232
f 2236/2240/2236 2237/2241/2237 2235/2239/2235
f 2235/2239/2235 2237/2241/2237 2232/2236/2232
f 2238/2242/2238 2239/2243/2239 2237/2241/2237
f 2237/2241/2237 2240/2244/2240 2232/2236/2232
f 2239/2243/2239 2240/2244/2240 2237/2241/2237
f 2241/2245/2241 2240/2244/2240 2239/2243/2239
f 2232/2236/2232 2240/2244/2240 2230/2234/2230
f 2243/2247/2243 2230/2234/2230 2242/2246/2242
f 2244/2248/2244 2245/2249/2245 2240/2244/2240
f 2242/2246/2242 2230/2234/2230 2246/2250/2246
f 2247/2251/2247 2242/2246/2242 2246/2250/2246
f 2248/2252/2248 2230/2234/2230 2240/2244/2240
f 2246/2250/2246 2230/2234/2230 2248/2252/2248
f 2245/2249/2245 2249/2253/2249 2240/2244/2240
f 2250/2254/2250 2249/2253/2249 2245/2249/2245
f 2249/2253/2249 2248/2252/2248 2240/2244/2240
f 2252/2256/2252 2246/2250/2246 2251/2255/2251
f 2251/2255/2251 2246/2250/2246 2248/2252/2248
f 2253/2257/2253 2251/2255/2251 2248/2252/2248
f 2254/2258/2254 2248/2252/2248 2249/2253/2249
f 2255/2259/2255 2254/2258/2254 2249/2253/2249
f 2256/2260/2256 2248/2252/2248 2254/2258/2254
f 2258/2262/2258 2259/2263/2259 2257/2261/2257
f 2260/2264/2260 2261/2265/2261 2259/2263/2259
f 2263/2267/2263 2257/2261/2257 2262/2266/2262
f 2257/2261/2257 2259/2263/2259 2262/2266/2262
f 2261/2265/2261 2264/2268/2264 2259/2263/2259
f 2265/2269/2265 2264/2268/2264 2261/2265/2261
f 2259/2263/2259 2264/2268/2264 2262/2266/2262
f 2266/2270/2266 2267/2271/2267 2264/2268/2264
f 2268/2272/2268 2269/2273/2269 2267/2271/2267
f 2267/2271/2267 2269/2273/2269 2264/2268/2264
f 2270/2274/2270 2271/2275/2271 2269/2273/2269
f 2269/2273/2269 2272/2276/2272 2264/2268/2264
f 2271/2275/2271 2272/2276/2272 2269/2273/2269
f 2273/2277/2273 2272/2276/2272 2271/2275/2271
f 2264/2268/2264 2272/2276/2272 2262/2266/2262
f 2275/2279/2275 2262/2266/2262 2274/2278/2274
f 2276/2280/2276 2277/2281/2277 2272/2276/2272
f 2274/2278/2274 2262/2266/2262 2278/2282/2278
f 2279/2283/2279 2274/2278/2274 2278/2282/2278
f 2280/2284/2280 2262/2266/2262 2272/2276/2272
f 2278/2282/2278 2262/2266/2262 2280/2284/2280
f 2277/2281/2277 2281/2285/2281 2272/2276/2272
f 2282/2286/2282 2281/2285/2281 2277/2281/2277
f 2281/2285/2281 2280/2284/2280 2272/2276/2272
f 2284/2288/2284 2278/2282/2278 2283/2287/2283
f 2283/2287/2283 2278/2282/2278 2280/2284/2280
f 2285/2289/2285 2283/2287/2283 2280/2284/2280
f 2286/2290/2286 2280/2284/2280 2281/2285/2281
f 2287/2291/2287 2286/2290/2286 2281/2285/2281
f 2288/2292/2288 2280/2284/2280 2286/2290/2286
f 2290/2294/2290 2291/2295/2291 2289/2293/2289
f 2292/2296/2292 2293/2297/2293 2291/2295/2291
f 2295/2299/2295 2289/2293/2289 2294/2298/2294
f 2289/2293/2289 2291/2295/2291 2294/2298/2294
f 2293/2297/2293 2296/2300/2296 2291/2295/2291
f 2297/2301/2297 2296/2300/2296 2293/2297/2293
f 2291/2295/2291 2296/2300/2296 2294/2298/2294
f 2298/2302/2298 2299/2303/2299 2296/2300/2296
f 2300/2304/2300 2301/2305/2301 2299/2303/2299
f 2299/2303/2299 2301/2305/2301 2296/2300/2296
f 2302/2306/2302 2303/2307/2303 2301/2305/2301
f 2301/2305/2301 2304/2308/2304 2296/2300/2296
f 2303/2307/2303 2304/2308/2304 2301/2305/2301
f 2305/2309/2305 2304/2308/2304 2303/2307/2303
f 2296/2300/2296 2304/2308/2304 2294/2298/2294
f 2307/2311/2307 2294/2298/2294 2306/2310/2306
f 2308/2312/2308 2309/2313/2309 2304/2308/2304
f 2306/2310/2306 2294/2298/2294 2310/2314/2310
f 2311/2315/2311 2306/2310/2306 2310/2314/2310
f 2312/2316/2312 2294/2298/2294 2304/2308/2304
f 2310/2314/2310 2294/2298/2294 2312/2316/2312
f 2309/2313/2309 2313/2317/2313 2304/2308/2304
f 2314/2318/2314 2313/2317/2313 2309/2313/2309
f 2313/2317/2313 2312/2316/2312 2304/2308/2304
f 2316/2320/2316 2310/2314/2310 2315/2319/2315
f 2315/2319/2315 2310/2314/2310 2312/2316/2312
f 2317/2321/2317 2315/2319/2315 2312/2316/2312
f 2318/2322/2318 2312/2316/2312 2313/2317/2313
f 2319/2323/2319 2318/2322/2318 2313/2317/2313
f 2320/2324/2320 2312/2316/2312 2318/2322/2318
f 2322/2326/2322 2323/2327/2323 2321/2325/2321
f 2324/2328/2324 2325/2329/2325 2323/2327/2323
f 2327/2331/2327 2321/2325/2321 2326/2330/2326
f 2321/2325/2321 2323/2327/2323 2326/2330/2326
f 2325/2329/2325 2328/2332/2328 2323/2327/2323
f 2329/2333/2329 2328/2332/2328 2325/2329/2325
f 2323/2327/2323 2328/2332/2328 2326/2330/2326
f 2330/2334/2330 2331/2335/2331 2328/2332/2328
f 2332/2336/2332 2333/2337/2333 2331/2335/2331
f 2331/2335/2331 2333/2337/2333 2328/2332/2328
f 2334/2338/2334 2335/2339/2335 2333/2337/2333
f 2333/2337/2333 2336/2340/2336 2328/2332/2328
f 2335/2339/2335 2336/2340/2336 2333/2337/2333
f 2337/2341/2337 2336/2340/2336 2335/2339/2335
f 2328/2332/2328 2336/2340/2336 2326/2330/2326
f 2339/2343/2339 2326/2330/2326 2338/2342/2338
f 2340/2344/2340 2341/2345/2341 2336/2340/2336
f 2338/2342/2338 2326/2330/2326 2342/2346/2342
f 2343/2347/2343 2338/2342/2338 2342/2346/2342
f 2344/2348/2344 2326/2330/2326 2336/2340/2336
f 2342/2346/2342 2326/2330/2326 2344/2348/2344
f 2341/2345/2341 2345/2349/2345 2336/2340/2336
f 2346/2350/2346 2345/2349/2345 2341/2345/2341
f 2345/2349/2345 2344/2348/2344 2336/2340/2336
f 2348/2352/2348 2342/2346/2342 2347/2351/2347
f 2347/2351/2347 2342/2346/2342 2344/2348/2344
f 2349/2353/2349 2347/2351/2347 2344/2348/2344
f 2350/2354/2350 2344/2348/2344 2345/2349/2345
f 2351/2355/2351 2350/2354/2350 2345/2349/2345
f 2352/2356/2352 2344/2348/2344 2350/2354/2350
f 2354/2358/2354 2355/2359/2355 2353/2357/2353
f 2356/2360/2356 2357/2361/2357 2355/2359/2355
f 2359/2363/2359 2353/2357/2353 2358/2362/2358
f 2353/2357/2353 2355/2359/2355 2358/2362/2358
f 2357/2361/2357 2360/2364/2360 2355/2359/2355
f 2361/2365/2361 2360/2364/2360 2357/2361/2357
f 2355/2359/2355 2360/2364/2360 2358/2362/2358
f 2362/2366/2362 2363/2367/2363 2360/2364/2360
f 2364/2368/2364 2365/2369/2365 2363/2367/2363
f 2363/2367/2363 2365/2369/2365 2360/2364/2360
f 2366/2370/2366 2367/2371/2367 2365/2369/2365
f 2365/2369/2365 2368/2372/2368 2360/2364/2360
f 2367/2371/2367 2368/2372/2368 2365/2369/2365
f 2369/2373/2369 2368/2372/2368 2367/2371/2367
f 2360/2364/2360 2368/2372/2368 2358/2362/2358
f 2371/2375/2371 2358/2362/2358 2370/2374/2370
f 2372/2376/2372 2373/2377/2373 2368/2372/2368
f 2370/2374/2370 2358/2362/2358 2374/2378/2374
f 2375/2379/2375 2370/2374/2370 2374/2378/2374
f 2376/2380/2376 2358/2362/2358 2368/2372/2368
f 2374/2378/2374 2358/2362/2358 2376/2380/2376
f 2373/2377/2373 2377/2381/2377 2368/2372/2368
f 2378/2382/2378 2377/2381/2377 2373/2377/2373
f 2377/2381/2377 2376/2380/2376 2368/2372/2368
f 2380/2384/2380 2374/2378/2374 2379/2383/2379
f 2379/2383/2379 2374/2378/2374 2376/2380/2376
f 2381/2385/2381 2379/2383/2379 2376/2380/2376
f 2382/2386/2382 2376/2380/2376 2377/2381/2377
f 2383/2387/2383 2382/2386/2382 2377/2381/2377
f 2384/2388/2384 2376/2380/2376 2382/2386/2382
f 2386/2390/2386 2387/2391/2387 2385/2389/2385
f 2388/2392/2388 2389/2393/2389 2387/2391/2387
f 2391/2395/2391 2385/2389/2385 2390/2394/2390
f 2385/2389/2385 2387/2391/2387 2390/2394/2390
f 2389/2393/2389 2392/2396/2392 2387/2391/2387
f 2393/2397/2393 2392/2396/2392 2389/2393/2389
f 2387/2391/2387 2392/2396/2392 2390/2394/2390
f 2394/2398/2394 2395/2399/2395 2392/2396/2392
f 2396/2400/2396 2397/2401/2397 2395/2399/2395
f 2395/2399/2395 2397/2401/2397 2392/2396/2392
f 2398/2402/2398 2399/2403/2399 2397/2401/2397
f 2397/2401/2397 2400/2404/2400 2392/2396/2392
f 2399/2403/2399 2400/2404/2400 2397/2401/2397
f 2401/2405/2401 2400/2404/2400 2399/2403/2399
f 2392/2396/2392 2400/2404/2400 2390/2394/2390
f 2403/2407/2403 2390/2394/2390 2402/2406/2402
f 2404/2408/2404 2405/2409/2405 2400/2404/2400
f 2402/2406/2402 2390/2394/2390 2406/2410/2406
f 2407/2411/2407 2402/2406/2402 2406/2410/2406
f 2408/2412/2408 2390/2394/2390 2400/2404/2400
f 2406/2410/2406 2390/2394/2390 2408/2412/2408
f 2405/2409/2405 2409/2413/2409 2400/2404/2400
f 2410/2414/2410 2409/2413/2409 2405/2409/2405
f 2409/2413/2409 2408/2412/2408 2400/2404/2400
f 2412/2416/2412 2406/2410/2406 2411/2415/2411
f 2411/2415/2411 2406/2410/2406 2408/2412/2408
f 2413/2417/2413 2411/2415/2411 2408/2412/2408
f 2414/2418/2414 2408/2412/2408 2409/2413/2409
f 2415/2419/2415 2414/2418/2414 2409/2413/2409
f 2416/2420/2416 2408/2412/2408 2414/2418/2414
f 2418/2422/2418 2419/2423/2419 2417/2421/2417
f 2420/2424/2420 2421/2425/2421 2419/2423/2419
f 2423/2427/2423 2417/2421/2417 2422/2426/2422
f 2417/2421/2417 2419/2423/2419 2422/2426/2422
f 2421/2425/2421 2424/2428/2424 2419/2423/2419
f 2425/2429/2425 2424/2428/2424 2421/2425/2421
f 2419/2423/2419 2424/2428/2424 2422/2426/2422
f 2426/2430/2426 2427/2431/2427 2424/2428/2424
f 2428/2432/2428 2429/2433/2429 2427/2431/2427
f 2427/2431/2427 2429/2433/2429 2424/2428/2424
f 2430/2434/2430 2431/2435/2431 2429/2433/2429
f 2429/2433/2429 2432/2436/2432 2424/2428/2424
f 2431/2435/2431 2432/2436/2432 2429/2433/2429
f 2433/2437/2433 2432/2436/2432 2431/2435/2431
f 2424/2428/2424 2432/2436/2432 2422/2426/2422
f 2435/2439/2435 2422/2426/2422 2434/2438/2434
f 2436/2440/2436 2437/2441/2437 2432/2436/2432
f 2434/2438/2434 2422/2426/2422 2438/2442/2438
f 2439/2443/2439 2434/2438/2434 2438/2442/2438
f 2440/2444/2440 2422/2426/2422 2432/2436/2432
f 2438/2442/2438 2422/2426/2422 2440/2444/2440
f 2437/2441/2437 2441/2445/2441 2432/2436/2432
f 2442/2446/2442 2441/2445/2441 2437/2441/2437
f 2441/2445/2441 2440/2444/2440 2432/2436/2432
f 2444/2448/2444 2438/2442/2438 2443/2447/2443
f 2443/2447/2443 2438/2442/2438 2440/2444/2440
f 2445/2449/2445 2443/2447/2443 2440/2444/2440
f 2446/2450/2446 2440/2444/2440 2441/2445/2441
f 2447/2451/2447 2446/2450/2446 2441/2445/2441
f 2448/2452/2448 2440/2444/2440 2446/2450/2446
f 2450/2454/2450 2451/2455/2451 2449/2453/2449
f 2452/2456/2452 2453/2457/2453 2451/2455/2451
f 2455/2459/2455 2449/2453/2449 2454/2458/2454
f 2449/2453/2449 2451/2455/2451 2454/2458/2454
f 2453/2457/2453 2456/2460/2456 2451/2455/2451
f 2457/2461/2457 2456/2460/2456 2453/2457/2453
f 2451/2455/2451 2456/2460/2456 2454/2458/2454
f 2458/2462/2458 2459/2463/2459 2456/2460/2456
f 2460/2464/2460 2461/2465/2461 2459/2463/2459
f 2459/2463/2459 2461/2465/2461 2456/2460/2456
f 2462/2466/2462 2463/2467/2463 2461/2465/2461
f 2461/2465/2461 2464/2468/2464 2456/2460/2456
f 2463/2467/2463 2464/2468/2464 2461/2465/2461
f 2465/2469/2465 2464/2468/2464 2463/2467/2463
f 2456/2460/2456 2464/2468/2464 2454/2458/2454
f 2467/2471/2467 2454/2458/2454 2466/2470/2466
f 2468/2472/2468 2469/2473/2469 2464/2468/2464
f 2466/2470/2466 2454/2458/2454 2470/2474/2470
f 2471/2475/2471 2466/2470/2466 2470/2474/2470
f 2472/2476/2472 2454/2458/2454 2464/2468/2464
f 2470/2474/2470 2454/2458/2454 2472/2476/2472
f 2469/2473/2469 2473/2477/2473 2464/2468/2464
f 2474/2478/2474 2473/2477/2473 2469/2473/2469
f 2473/2477/2473 2472/2476/2472 2464/2468/2464
f 2476/2480/2476 2470/2474/2470 2475/2479/2475
f 2475/2479/2475 2470/2474/2470 2472/2476/2472
f 2477/2481/2477 2475/2479/2475 2472/2476/2472
f 2478/2482/2478 2472/2476/2472 2473/2477/2473
f 2479/2483/2479 2478/2482/2478 2473/2477/2473
f 2480/2484/2480 2472/2476/2472 2478/2482/2478
f 2482/2486/2482 2483/2487/2483 2481/2485/2481
f 2484/2488/2484 2485/2489/2485 2483/2487/2483
f 2487/2491/2487 2481/2485/2481 2486/2490/2486
f 2481/2485/2481 2483/2487/2483 2486/2490/2486
f 2485/2489/2485 2488/2492/2488 2483/2487/2483
f 2489/2493/2489 2488/2492/2488 2485/2489/2485
f 2483/2487/2483 2488/2492/2488 2486/2490/2486
f 2490/2494/2490 2491/2495/2491 2488/2492/2488
f 2492/2496/2492 2493/2497/2493 2491/2495/2491
f 2491/2495/2491 2493/2497/2493 2488/2492/2488
f 2494/2498/2494 2495/2499/2495 2493/2497/2493
f 2493/2497/2493 2496/2500/2496 2488/2492/2488
f 2495/2499/2495 2496/2500/2496 2493/2497/2493
f 2497/2501/2497 2496/2500/2496 2495/2499/2495
f 2488/2492/2488 2496/2500/2496 2486/2490/2486
f 2499/2503/2499 2486/2490/2486 2498/2502/2498
f 2500/2504/2500 2501/2505/2501 2496/2500/2496
f 2498/2502/2498 2486/2490/2486 2502/2506/2502
f 2503/2507/2503 2498/2502/2498 2502/2506/2502
f 2504/2508/2504 2486/2490/2486 2496/2500/2496
f 2502/2506/2502 2486/2490/2486 2504/2508/2504
f 2501/2505/2501 2505/2509/2505 2496/2500/2496
f 2506/2510/2506 2505/2509/2505 2501/2505/2501
f 2505/2509/2505 2504/2508/2504 2496/2500/2496
f 2508/2512/2508 2502/2506/2502 2507/2511/2507
f 2507/2511/2507 2502/2506/2502 2504/2508/2504
f 2509/2513/2509 2507/2511/2507 2504/2508/2504
f 2510/2514/2510 2504/2508/2504 2505/2509/2505
f 2511/2515/2511 2510/2514/2510 2505/2509/2505
f 2512/2516/2512 2504/2508/2504 2510/2514/2510
f 2514/2518/2514 2515/2519/2515 2513/2517/2513
f 2516/2520/2516 2517/2521/2517 2515/2519/2515
f 2519/2523/2519 2513/2517/2513 2518/2522/2518
f 2513/2517/2513 2515/2519/2515 2518/2522/2518
f 2517/2521/2517 2520/2524/2520 2515/2519/2515
f 2521/2525/2521 2520/2524/2520 2517/2521/2517
f 2515/2519/2515 2520/2524/2520 2518/2522/2518
f 2522/2526/2522 2523/2527/2523 2520/2524/2520
f 2524/2528/2524 2525/2529/2525 2523/2527/2523
f 2523/2527/2523 2525/2529/2525 2520/2524/2520
f 2526/2530/2526 2527/2531/2527 2525/2529/2525
f 2525/2529/2525 2528/2532/2528 2520/2524/2520
f 2527/2531/2527 2528/2532/2528 2525/2529/2525
f 2529/2533/2529 2528/2532/2528 2527/2531/2527
f 2520/2524/2520 2528/2532/2528 2518/2522/2518
f 2531/2535/2531 2518/2522/2518 2530/2534/2530
f 2532/2536/2532 2533/2537/2533 2528/2532/2528
f 2530/2534/2530 2518/2522/2518 2534/2538/2534
f 2535/2539/2535 2530/2534/2530 2534/2538/2534
f 2536/2540/2536 2518/2522/2518 2528/2532/2528
f 2534/2538/2534 2518/2522/2518 2536/2540/2536
f 2533/2537/2533 2537/2541/2537 2528/2532/2528
f 2538/2542/2538 2537/2541/2537 2533/2537/2533
f 2537/2541/2537 2536/2540/2536 2528/2532/2528
f 2540/2544/2540 2534/2538/2534 2539/2543/2539
f 2539/2543/2539 2534/2538/2534 2536/2540/2536
f 2541/2545/2541 2539/2543/2539 2536/2540/2536
f 2542/2546/2542 2536/2540/2536 2537/2541/2537
f 2543/2547/2543 2542/2546/2542 2537/2541/2537
f 2544/2548/2544 2536/2540/2536 2542/2546/2542
f 2546/2550/2546 2547/2551/2547 2545/2549/2545
f 2548/2552/2548 2549/2553/2549 2547/2551/2547
f 2551/2555/2551 2545/2549/2545 2550/2554/2550
f 2545/2549/2545 2547/2551/2547 2550/2554/2550
f 2549/2553/2549 2552/2556/2552 2547/2551/2547
f 2553/2557/2553 2552/2556/2552 2549/2553/2549
f 2547/2551/2547 2552/2556/2552 2550/2554/2550
f 2554/2558/2554 2555/2559/2555 2552/2556/2552
f 2556/2560/2556 2557/2561/2557 2555/2559/2555
f 2555/2559/2555 2557/2561/2557 2552/2556/2552
f 2558/2562/2558 2559/2563/2559 2557/2561/2557
f 2557/2561/2557 2560/2564/2560 2552/2556/2552
f 2559/2563/2559 2560/2564/2560 2557/2561/2557
f 2561/2565/2561 2560/2564/2560 2559/2563/2559
f 2552/2556/2552 2560/2564/2560 2550/2554/2550
f 2563/2567/2563 2550/2554/2550 2562/2566/2562
f 2564/2568/2564 2565/2569/2565 2560/2564/2560
f 2562/2566/2562 2550/2554/2550 2566/2570/2566
f 2567/2571/2567 2562/2566/2562 2566/2570/2566
f 2568/2572/2568 2550/2554/2550 2560/2564/2560
f 2566/2570/2566 2550/2554/2550 2568/2572/2568
f 2565/2569/2565 2569/2573/2569 2560/2564/2560
f 2570/2574/2570 2569/2573/2569 2565/2569/2565
f 2569/2573/2569 2568/2572/2568 2560/2564/2560
f 2572/2576/2572 2566/2570/2566 2571/2575/2571
f 2571/2575/2571 2566/2570/2566 2568/2572/2568
f 2573/2577/2573 2571/2575/2571 2568/2572/2568
f 2574/2578/2574 2568/2572/2568 2569/2573/2569
f 2575/2579/2575 2574/2578/2574 2569/2573/2569
f 2576/2580/2576 2568/2572/2568 2574/2578/2574
f 2578/2582/2578 2579/2583/2579 2577/2581/2577
f 2580/2584/2580 2581/2585/2581 2579/2583/2579
f 2583/2587/2583 2577/2581/2577 2582/2586/2582
f 2577/2581/2577 2579/2583/2579 2582/2586/2582
f 2581/2585/2581 2584/2588/2584 2579/2583/2579
f 2585/2589/2585 2584/2588/2584 2581/2585/2581
f 2579/2583/2579 2584/2588/2584 2582/2586/2582
f 2586/2590/2586 2587/2591/2587 2584/2588/2584
f 2588/2592/2588 2589/2593/2589 2587/2591/2587
f 2587/2591/2587 2589/2593/2589 2584/2588/2584
f 2590/2594/2590 2591/2595/2591 2589/2593/2589
f 2589/2593/2589 2592/2596/2592 2584/2588/2584
f 2591/2595/2591 2592/2596/2592 2589/2593/2589
f 2593/2597/2593 2592/2596/2592 2591/2595/2591
f 2584/2588/2584 2592/2596/2592 2582/2586/2582
f 2595/2599/2595 2582/2586/2582 2594/2598/2594
f 2596/2600/2596 2597/2601/2597 2592/2596/2592
f 2594/2598/2594 2582/2586/2582 2598/2602/2598
f 2599/2603/2599 2594/2598/2594 2598/2602/2598
f 2600/2604/2600 2582/2586/2582 2592/2596/2592
f 2598/2602/2598 2582/2586/2582 2600/2604/2600
f 2597/2601/2597 2601/2605/2601 2592/2596/2592
f 2602/2606/2602 2601/2605/2601 2597/2601/2597
f 2601/2605/2601 2600/2604/2600 2592/2596/2592
f 2604/2608/2604 2598/2602/2598 2603/2607/2603
f 2603/2607/2603 2598/2602/2598 2600/2604/2600
f 2605/2609/2605 2603/2607/2603 2600/2604/2600
f 2606/2610/2606 2600/2604/2600 2601/2605/2601
f 2607/2611/2607 2606/2610/2606 2601/2605/2601
f 2608/2612/2608 2600/2604/2600 2606/2610/2606
f 2610/2614/2610 2611/2615/2611 2609/2613/2609
f 2612/2616/2612 2613/2617/2613 2611/2615/2611
f 2615/2619/2615 2609/2613/2609 2614/2618/2614
f 2609/2613/2609 2611/2615/2611 2614/2618/2614
f 2613/2617/2613 2616/2620/2616 2611/2615/2611
f 2617/2621/2617 2616/2620/2616 2613/2617/2613
f 2611/2615/2611 2616/2620/2616 2614/2618/2614
f 2618/2622/2618 2619/2623/2619 2616/2620/2616
f 2620/2624/2620 2621/2625/2621 2619/2623/2619
f 2619/2623/2619 2621/2625/2621 2616/2620/2616
f 2622/2626/2622 2623/2627/2623 2621/2625/2621
f 2621/2625/2621 2624/2628/2624 2616/2620/2616
f 2623/2627/2623 2624/2628/2624 2621/2625/2621
f 2625/2629/2625 2624/2628/2624 2623/2627/2623
f 2616/2620/2616 2624/2628/2624 2614/2618/2614
f 2627/2631/2627 2614/2618/2614 2626/2630/2626
f 2628/2632/2628 2629/2633/2629 2624/2628/2624
f 2626/2630/2626 2614/2618/2614 2630/2634/2630
f 2631/2635/2631 2626/2630/2626 2630/2634/2630
f 2632/2636/2632 2614/2618/2614 2624/2628/2624
f 2630/2634/2630 2614/2618/2614 2632/2636/2632
f 2629/2633/2629 2633/2637/2633 2624/2628/2624
f 2634/2638/2634 2633/2637/2633 2629/2633/2629
f 2633/2637/2633 2632/2636/2632 2624/2628/2624
f 2636/2640/2636 2630/2634/2630 2635/2639/2635
f 2635/2639/2635 2630/2634/2630 2632/2636/2632
f 2637/2641/2637 2635/2639/2635 2632/2636/2632
f 2638/2642/2638 2632/2636/2632 2633/2637/2633
f 2639/2643/2639 2638/2642/2638 2633/2637/2633
f 2640/2644/2640 2632/2636/2632 2638/2642/2638
f 2642/2646/2642 2643/2647/2643 2641/2645/2641
f 2644/2648/2644 2645/2649/2645 2643/2647/2643
f 2647/2651/2647 2641/2645/2641 2646/2650/2646
f 2641/2645/2641 2643/2647/2643 2646/2650/2646
f 2645/2649/2645 2648/2652/2648 2643/2647/2643
f 2649/2653/2649 2648/2652/2648 2645/2649/2645
f 2643/2647/2643 2648/2652/2648 2646/2650/2646
f 2650/2654/2650 2651/2655/2651 2648/2652/2648
f 2652/2656/2652 2653/2657/2653 2651/2655/2651
f 2651/2655/2651 2653/2657/2653 2648/2652/2648
f 2654/2658/2654 2655/2659/2655 2653/2657/2653
f 2653/2657/2653 2656/2660/2656 2648/2652/2648
f 2655/2659/2655 2656/2660/2656 2653/2657/2653
f 2657/2661/2657 2656/2660/2656 2655/2659/2655
f 2648/2652/2648 2656/2660/2656 2646/2650/2646
f 2659/2663/2659 2646/2650/2646 2658/2662/2658
f 2660/2664/2660 2661/2665/2661 2656/2660/2656
f 2658/2662/2658 2646/2650/2646 2662/2666/2662
f 2663/2667/2663 2658/2662/2658 2662/2666/2662
f 2664/2668/2664 2646/2650/2646 2656/2660/2656
f 2662/2666/2662 2646/2650/2646 2664/2668/2664
f 2661/2665/2661 2665/2669/2665 2656/2660/2656
f 2666/2670/2666 2665/2669/2665 2661/2665/2661
f 2665/2669/2665 2664/2668/2664 2656/2660/2656
f 2668/2672/2668 2662/2666/2662 2667/2671/2667
f 2667/2671/2667 2662/2666/2662 2664/2668/2664
f 2669/2673/2669 2667/2671/2667 2664/2668/2664
f 2670/2674/2670 2664/2668/2664 2665/2669/2665
f 2671/2675/2671 2670/2674/2670 2665/2669/2665
f 2672/2676/2672 2664/2668/2664 2670/2674/2670
f 2674/2678/2674 2675/2679/2675 2673/2677/2673
f 2676/2680/2676 2677/2681/2677 2675/2679/2675
f 2679/2683/2679 2673/2677/2673 2678/2682/2678
f 2673/2677/2673 2675/2679/2675 2678/2682/2678
f 2677/2681/2677 2680/2684/2680 2675/2679/2675
f 2681/2685/2681 2680/2684/2680 2677/2681/2677
f 2675/2679/2675 2680/2684/2680 2678/2682/2678
f 2682/2686/2682 2683/2687/2683 2680/2684/2680
f 2684/2688/2684 2685/2689/2685 2683/2687/2683
f 2683/2687/2683 2685/2689/2685 2680/2684/2680
f 2686/2690/2686 2687/2691/2687 2685/2689/2685
f 2685/2689/2685 2688/2692/2688 2680/2684/2680
f 2687/2691/2687 2688/2692/2688 2685/2689/2685
f 2689/2693/2689 2688/2692/2688 2687/2691/2687
f 2680/2684/2680 2688/2692/2688 2678/2682/2678
f 2691/2695/2691 2678/2682/2678 2690/2694/2690
f 2692/2696/2692 2693/2697/2693 2688/2692/2688
f 2690/2694/2690 2678/2682/2678 2694/2698/2694
f 2695/2699/2695 2690/2694/2690 2694/2698/2694
f 2696/2700/2696 2678/2682/2678 2688/2692/2688
f 2694/2698/2694 2678/2682/2678 2696/2700/2696
f 2693/2697/2693 2697/2701/2697 2688/2692/2688
f 2698/2702/2698 2697/2701/2697 2693/2697/2693
f 2697/2701/2697 2696/2700/2696 2688/2692/2688
f 2700/2704/2700 2694/2698/2694 2699/2703/2699
f 2699/2703/2699 2694/2698/2694 2696/2700/2696
f 2701/2705/2701 2699/2703/2699 2696/2700/2696
f 2702/2706/2702 2696/2700/2696 2697/2701/2697
f 2703/2707/2703 2702/2706/2702 2697/2701/2697
f 2704/2708/2704 2696/2700/2696 2702/2706/2702
f 2706/2710/2706 2707/2711/2707 2705/2709/2705
f 2708/2712/2708 2709/2713/2709 2707/2711/2707
f 2711/2715/2711 2705/2709/2705 2710/2714/2710
f 2705/2709/2705 2707/2711/2707 2710/2714/2710
f 2709/2713/2709 2712/2716/2712 2707/2711/2707
f 2713/2717/2713 2712/2716/2712 2709/2713/2709
f 2707/2711/2707 2712/2716/2712 2710/2714/2710
f 2714/2718/2714 2715/2719/2715 2712/2716/2712
f 2716/2720/2716 2717/2721/2717 2715/2719/2715
f 2715/2719/2715 2717/2721/2717 2712/2716/2712
f 2718/2722/2718 2719/2723/2719 2717/2721/2717
f 2717/2721/2717 2720/2724/2720 2712/2716/2712
f 2719/2723/2719 2720/2724/2720 2717/2721/2717
f 2721/2725/2721 2720/2724/2720 2719/2723/2719
f 2712/2716/2712 2720/2724/2720 2710/2714/2710
f 2723/2727/2723 2710/2714/2710 2722/2726/2722
f 2724/2728/2724 2725/2729/2725 2720/2724/2720
f 2722/2726/2722 2710/2714/2710 2726/2730/2726
f 2727/2731/2727 2722/2726/2722 2726/2730/2726
f 2728/2732/2728 2710/2714/2710 2720/2724/2720
f 2726/2730/2726 2710/2714/2710 2728/2732/2728
f 2725/2729/2725 2729/2733/2729 2720/2724/2720
f 2730/2734/2730 2729/2733/2729 2725/2729/2725
f 2729/2733/2729 2728/2732/2728 2720/2724/2720
f 2732/2736/2732 2726/2730/2726 2731/2735/2731
f 2731/2735/2731 2726/2730/2726 2728/2732/2728
f 2733/2737/2733 2731/2735/2731 2728/2732/2728
f 2734/2738/2734 2728/2732/2728 2729/2733/2729
f 2735/2739/2735 2734/2738/2734 2729/2733/2729
f 2736/2740/2736 2728/2732/2728 2734/2738/2734
f 2738/2742/2738 2739/2743/2739 2737/2741/2737
f 2740/2744/2740 2741/2745/2741 2739/2743/2739
f 2743/2747/2743 2737/2741/2737 2742/2746/2742
f 2737/2741/2737 2739/2743/2739 2742/2746/2742
f 2741/2745/2741 2744/2748/2744 2739/2743/2739
f 2745/2749/2745 2744/2748/2744 2741/2745/2741
f 2739/2743/2739 2744/2748/2744 2742/2746/2742
f 2746/2750/2746 2747/2751/2747 2744/2748/2744
f 2748/2752/2748 2749/2753/2749 2747/2751/2747
f 2747/2751/2747 2749/2753/2749 2744/2748/2744
f 2750/2754/2750 2751/2755/2751 2749/2753/2749
f 2749/2753/2749 2752/2756/2752 2744/2748/2744
f 2751/2755/2751 2752/2756/2752 2749/2753/2749
f 2753/2757/2753 2752/2756/2752 2751/2755/2751
f 2744/2748/2744 2752/2756/2752 2742/2746/2742
f 2755/2759/2755 2742/2746/2742 2754/2758/2754
f 2756/2760/2756 2757/2761/2757 2752/2756/2752
f 2754/2758/2754 2742/2746/2742 2758/2762/2758
f 2759/2763/2759 2754/2758/2754 2758/2762/2758
f 2760/2764/2760 2742/2746/2742 2752/2756/2752
f 2758/2762/2758 2742/2746/2742 2760/2764/2760
f 2757/2761/2757 2761/2765/2761 2752/2756/2752
f 2762/2766/2762 2761/2765/2761 2757/2761/2757
f 2761/2765/2761 2760/2764/2760 2752/2756/2752
f 2764/2768/2764 2758/2762/2758 2763/2767/2763
f 2763/2767/2763 2758/2762/2758 2760/2764/2760
f 2765/2769/2765 2763/2767/2763 2760/2764/2760
f 2766/2770/2766 2760/2764/2760 2761/2765/2761
f 2767/2771/2767 2766/2770/2766 2761/2765/2761
f 2768/2772/2768 2760/2764/2760 2766/2770/2766
f 2770/2774/2770 2771/2775/2771 2769/2773/2769
f 2772/2776/2772 2773/2777/2773 2771/2775/2771
f 2775/2779/2775 2769/2773/2769 2774/2778/2774
f 2769/2773/2769 2771/2775/2771 2774/2778/2774
f 2773/2777/2773 2776/2780/2776 2771/2775/2771
f 2777/2781/2777 2776/2780/2776 2773/2777/2773
f 2771/2775/2771 2776/2780/2776 2774/2778/2774
f 2778/2782/2778 2779/2783/2779 2776/2780/2776
f 2780/2784/2780 2781/2785/2781 2779/2783/2779
f 2779/2783/2779 2781/2785/2781 2776/2780/2776
f 2782/2786/2782 2783/2787/2783 2781/2785/2781
f 2781/2785/2781 2784/2788/2784 2776/2780/2776
f 2783/2787/2783 2784/2788/2784 2781/2785/2781
f 2785/2789/2785 2784/2788/2784 2783/2787/2783
f 2776/2780/2776 2784/2788/2784 2774/2778/2774
f 2787/2791/2787 2774/2778/2774 2786/2790/2786
f 2788/2792/2788 2789/2793/2789 2784/2788/2784
f 2786/2790/2786 2774/2778/2774 2790/2794/2790
f 2791/2795/2791 2786/2790/2786 2790/2794/2790
f 2792/2796/2792 2774/2778/2774 2784/2788/2784
f 2790/2794/2790 2774/2778/2774 2792/2796/2792
f 2789/2793/2789 2793/2797/2793 2784/2788/2784
f 2794/2798/2794 2793/2797/2793 2789/2793/2789
f 2793/2797/2793 2792/2796/2792 2784/2788/2784
f 2796/2800/2796 2790/2794/2790 2795/2799/2795
f 2795/2799/2795 2790/2794/2790 2792/2796/2792
f 2797/2801/2797 2795/2799/2795 2792/2796/2792
f 2798/2802/2798 2792/2796/2792 2793/2797/2793
f 2799/2803/2799 2798/2802/2798 2793/2797/2793
f 2800/2804/2800 2792/2796/2792 2798/2802/2798
f 2802/2806/2802 2803/2807/2803 2801/2805/2801
f 2804/2808/2804 2805/2809/2805 2803/2807/2803
f 2807/2811/2807 2801/2805/2801 2806/2810/2806
f 2801/2805/2801 2803/2807/2803 2806/2810/2806
f 2805/2809/2805 2808/2812/2808 2803/2807/2803
f 2809/2813/2809 2808/2812/2808 2805/2809/2805
f 2803/2807/2803 2808/2812/2808 2806/2810/2806
f 2810/2814/2810 2811/2815/2811 2808/2812/2808
f 2812/2816/2812 2813/2817/2813 2811/2815/2811
f 2811/2815/2811 2813/2817/2813 2808/2812/2808
f 2814/2818/2814 2815/2819/2815 2813/2817/2813
f 2813/2817/2813 2816/2820/2816 2808/2812/2808
f 2815/2819/2815 2816/2820/2816 2813/2817/2813
f 2817/2821/2817 2816/2820/2816 2815/2819/2815
f 2808/2812/2808 2816/2820/2816 2806/2810/2806
f 2819/2823/2819 2806/2810/2806 2818/2822/2818
f 2820/2824/2820 2821/2825/2821 2816/2820/2816
f 2818/2822/2818 2806/2810/2806 2822/2826/2822
f 2823/2827/2823 2818/2822/2818 2822/2826/2822
f 2824/2828/2824 2806/2810/2806 2816/2820/2816
f 2822/2826/2822 2806/2810/2806 2824/2828/2824
f 2821/2825/2821 2825/2829/2825 2816/2820/2816
f 2826/2830/2826 2825/2829/2825 2821/2825/2821
f 2825/2829/2825 2824/2828/2824 2816/2820/2816
f 2828/2832/2828 2822/2826/2822 2827/2831/2827
f 2827/2831/2827 2822/2826/2822 2824/2828/2824
f 2829/2833/2829 2827/2831/2827 2824/2828/2824
f 2830/2834/2830 2824/2828/2824 2825/2829/2825
f 2831/2835/2831 2830/2834/2830 2825/2829/2825
f 2832/2836/2832 2824/2828/2824 2830/2834/2830
f 2834/2838/2834 2835/2839/2835 2833/2837/2833
f 2836/2840/2836 2837/2841/2837 2835/2839/2835
f 2839/2843/2839 2833/2837/2833 2838/2842/2838
f 2833/2837/2833 2835/2839/2835 2838/2842/2838
f 2837/2841/2837 2840/2844/2840 2835/2839/2835
f 2841/2845/2841 2840/2844/2840 2837/2841/2837
f 2835/2839/2835 2840/2844/2840 2838/2842/2838
f 2842/2846/2842 2843/2847/2843 2840/2844/2840
f 2844/2848/2844 2845/2849/2845 2843/2847/2843
f 2843/2847/2843 2845/2849/2845 2840/2844/2840
f 2846/2850/2846 2847/2851/2847 2845/2849/2845
f 2845/2849/2845 2848/2852/2848 2840/2844/2840
f 2847/2851/2847 2848/2852/2848 2845/2849/2845
f 2849/2853/2849 2848/2852/2848 2847/2851/2847
f 2840/2844/2840 2848/2852/2848 2838/2842/2838
f 2851/2855/2851 2838/2842/2838 2850/2854/2850
f 2852/2856/2852 2853/2857/2853 2848/2852/2848
f 2850/2854/2850 2838/2842/2838 2854/2858/2854
f 2855/2859/2855 2850/2854/2850 2854/2858/2854
f 2856/2860/2856 2838/2842/2838 2848/2852/2848
f 2854/2858/2854 2838/2842/2838 2856/2860/2856
f 2853/2857/2853 2857/2861/2857 2848/2852/2848
f 2858/2862/2858 2857/2861/2857 2853/2857/2853
f 2857/2861/2857 2856/2860/2856 2848/2852/2848
f 2860/2864/2860 2854/2858/2854 2859/2863/2859
f 2859/2863/2859 2854/2858/2854 2856/2860/2856
f 2861/2865/2861 2859/2863/2859 2856/2860/2856
f 2862/2866/2862 2856/2860/2856 2857/2861/2857
f 2863/2867/2863 2862/2866/2862 2857/2861/2857
f 2864/2868/2864 2856/2860/2856 2862/2866/2862
f 2866/2870/2866 2867/2871/2867 2865/2869/2865
f 2868/2872/2868 2869/2873/2869 2867/2871/2867
f 2871/2875/2871 2865/2869/2865 2870/2874/2870
f 2865/2869/2865 2867/2871/2867 2870/2874/2870
f 2869/2873/2869 2872/2876/2872 2867/2871/2867
f 2873/2877/2873 2872/2876/2872 2869/2873/2869
f 2867/2871/2867 2872/2876/2872 2870/2874/2870
f 2874/2878/2874 2875/2879/2875 2872/2876/2872
f 2876/2880/2876 2877/2881/2877 2875/2879/2875
f 2875/2879/2875 2877/2881/2877 2872/2876/2872
f 2878/2882/2878 2879/2883/2879 2877/2881/2877
f 2877/2881/2877 2880/2884/2880 2872/2876/2872
f 2879/2883/2879 2880/2884/2880 2877/2881/2877
f 2881/2885/2881 2880/2884/2880 2879/2883/2879
f 2872/2876/2872 2880/2884/2880 2870/2874/2870
f 2883/2887/2883 2870/2874/2870 2882/2886/2882
f 2884/2888/2884 2885/2889/2885 2880/2884/2880
f 2882/2886/2882 2870/2874/2870 2886/2890/2886
f 2887/2891/2887 2882/2886/2882 2886/2890/2886
f 2888/2892/2888 2870/2874/2870 2880/2884/2880
f 2886/2890/2886 2870/2874/2870 2888/2892/2888
f 2885/2889/2885 2889/2893/2889 2880/2884/2880
f 2890/2894/2890 2889/2893/2889 2885/2889/2885
f 2889/2893/2889 2888/2892/2888 2880/2884/2880
f 2892/2896/2892 2886/2890/2886 2891/2895/2891
f 2891/2895/2891 2886/2890/2886 2888/2892/2888
f 2893/2897/2893 2891/2895/2891 2888/2892/2888
f 2894/2898/2894 2888/2892/2888 2889/2893/2889
f 2895/2899/2895 2894/2898/2894 2889/2893/2889
f 2896/2900/2896 2888/2892/2888 2894/2898/2894
f 2898/2902/2898 2899/2903/2899 2897/2901/2897
f 2900/2904/2900 2901/2905/2901 2899/2903/2899
f 2903/2907/2903 2897/2901/2897 2902/2906/2902
f 2897/2901/2897 2899/2903/2899 2902/2906/2902
f 2901/2905/2901 2904/2908/2904 2899/2903/2899
f 2905/2909/2905 2904/2908/2904 2901/2905/2901
f 2899/2903/2899 2904/2908/2904 2902/2906/2902
f 2906/2910/2906 2907/2911/2907 2904/2908/2904
f 2908/2912/2908 2909/2913/2909 2907/2911/2907
f 2907/2911/2907 2909/2913/2909 2904/2908/2904
f 2910/2914/2910 2911/2915/2911 2909/2913/2909
f 2909/2913/2909 2912/2916/2912 2904/2908/2904
f 2911/2915/2911 2912/2916/2912 2909/2913/2909
f 2913/2917/2913 2912/2916/2912 2911/2915/2911
f 2904/2908/2904 2912/2916/2912 2902/2906/2902
f 2915/2919/2915 2902/2906/2902 2914/2918/2914
f 2916/2920/2916 2917/2921/2917 2912/2916/2912
f 2914/2918/2914 2902/2906/2902 2918/2922/2918
f 2919/2923/2919 2914/2918/2914 2918/2922/2918
f 2920/2924/2920 2902/2906/2902 2912/2916/2912
f 2918/2922/2918 2902/2906/2902 2920/2924/2920
f 2917/2921/2917 2921/2925/2921 2912/2916/2912
f 2922/2926/2922 2921/2925/2921 2917/2921/2917
f 2921/2925/2921 2920/2924/2920 2912/2916/2912
f 2924/2928/2924 2918/2922/2918 2923/2927/2923
f 2923/2927/2923 2918/2922/2918 2920/2924/2920
f 2925/2929/2925 2923/2927/2923 2920/2924/2920
f 2926/2930/2926 2920/2924/2920 2921/2925/2921
f 2927/2931/2927 2926/2930/2926 2921/2925/2921
f 2928/2932/2928 2920/2924/2920 2926/2930/2926
f 2930/2934/2930 2931/2935/2931 2929/2933/2929
f 2932/2936/2932 2933/2937/2933 2931/2935/2931
f 2935/2939/2935 2929/2933/2929 2934/2938/2934
f 2929/2933/2929 2931/2935/2931 2934/2938/2934
f 2933/2937/2933 2936/2940/2936 2931/2935/2931
f 2937/2941/2937 2936/2940/2936 2933/2937/2933
f 2931/2935/2931 2936/2940/2936 2934/2938/2934
f 2938/2942/2938 2939/2943/2939 2936/2940/2936
f 2940/2944/2940 2941/2945/2941 2939/2943/2939
f 2939/2943/2939 2941/2945/2941 2936/2940/2936
f 2942/2946/2942 2943/2947/2943 2941/2945/2941
f 2941/2945/2941 2944/2948/2944 2936/2940/2936
f 2943/2947/2943 2944/2948/2944 2941/2945/2941
f 2945/2949/2945 2944/2948/2944 2943/2947/2943
f 2936/2940/2936 2944/2948/2944 2934/2938/2934
f 2947/2951/2947 2934/2938/2934 2946/2950/2946
f 2948/2952/2948 2949/2953/2949 2944/2948/2944
f 2946/2950/2946 2934/2938/2934 2950/2954/2950
f 2951/2955/2951 2946/2950/2946 2950/2954/2950
f 2952/2956/2952 2934/2938/2934 2944/2948/2944
f 2950/2954/2950 2934/2938/2934 2952/2956/2952
f 2949/2953/2949 2953/2957/2953 2944/2948/2944
f 2954/2958/2954 2953/2957/2953 2949/2953/2949
f 2953/2957/2953 2952/2956/2952 2944/2948/2944
f 2956/2960/2956 2950/2954/2950 2955/2959/2955
f 2955/2959/2955 2950/2954/2950 2952/2956/2952
f 2957/2961/2957 2955/2959/2955 2952/2956/2952
f 2958/2962/2958 2952/2956/2952 2953/2957/2953
f 2959/2963/2959 2958/2962/2958 2953/2957/2953
f 2960/2964/2960 2952/2956/2952 2958/2962/2958
f 2962/2966/2962 2963/2967/2963 2961/2965/2961
f 2964/2968/2964 2965/2969/2965 2963/2967/2963
f 2967/2971/2967 2961/2965/2961 2966/2970/2966
f 2961/2965/2961 2963/2967/2963 2966/2970/2966
f 2965/2969/2965 2968/2972/2968 2963/2967/2963
f 2969/2973/2969 2968/2972/2968 2965/2969/2965
f 2963/2967/2963 2968/2972/2968 2966/2970/2966
f 2970/2974/2970 2971/2975/2971 2968/2972/2968
f 2972/2976/2972 2973/2977/2973 2971/2975/2971
f 2971/2975/2971 2973/2977/2973 2968/2972/2968
f 2974/2978/2974 2975/2979/2975 2973/2977/2973
f 2973/2977/2973 2976/2980/2976 2968/2972/2968
f 2975/2979/2975 2976/2980/2976 2973/2977/2973
f 2977/2981/2977 2976/2980/2976 2975/2979/2975
f 2968/2972/2968 2976/2980/2976 2966/2970/2966
f 2979/2983/2979 2966/2970/2966 2978/2982/2978
f 2980/2984/2980 2981/2985/2981 2976/2980/2976
f 2978/2982/2978 2966/2970/2966 2982/2986/2982
f 2983/2987/2983 2978/2982/2978 2982/2986/2982
f 2984/2988/2984 2966/2970/2966 2976/2980/2976
f 2982/2986/2982 2966/2970/2966 2984/2988/2984
f 2981/2985/2981 2985/2989/2985 2976/2980/2976
f 2986/2990/2986 2985/2989/2985 2981/2985/2981
f 2985/2989/2985 2984/2988/2984 2976/2980/2976
f 2988/2992/2988 2982/2986/2982 2987/2991/2987
f 2987/2991/2987 2982/2986/2982 2984/2988/2984
f 2989/2993/2989 2987/2991/2987 2984/2988/2984
f 2990/2994/2990 2984/2988/2984 2985/2989/2985
f 2991/2995/2991 2990/2994/2990 2985/2989/2985
f 2992/2996/2992 2984/2988/2984 2990/2994/2990
f 2994/2998/2994 2995/2999/2995 2993/2997/2993
f 2996/3000/2996 2997/3001/2997 2995/2999/2995
f 2999/3003/2999 2993/2997/2993 2998/3002/2998
f 2993/2997/2993 2995/2999/2995 2998/3002/2998
f 2997/3001/2997 3000/3004/3000 2995/2999/2995
f 3001/3005/3001 3000/3004/3000 2997/3001/2997
f 2995/2999/2995 3000/3004/3000 2998/3002/2998
f 3002/3006/3002 3003/3007/3003 3000/3004/3000
f 3004/3008/3004 3005/3009/3005 3003/3007/3003
f 3003/3007/3003 3005/3009/3005 3000/3004/3000
f 3006/3010/3006 3007/3011/3007 3005/3009/3005
f 3005/3009/3005 3008/3012/3008 3000/3004/3000
f 3007/3011/3007 3008/3012/3008 3005/3009/3005
f 3009/3013/3009 3008/3012/3008 3007/3011/3007
f 3000/3004/3000 3008/3012/3008 2998/3002/2998
f 3011/3015/3011 2998/3002/2998 3010/3014/3010
f 3012/3016/3012 3013/3017/3013 3008/3012/3008
f 3010/3014/3010 2998/3002/2998 3014/3018/3014
f 3015/3019/3015 3010/3014/3010 3014/3018/3014
f 3016/3020/3016 2998/3002/2998 3008/3012/3008
f 3014/3018/3014 2998/3002/2998 3016/3020/3016
f 3013/3017/3013 3017/3021/3017 3008/3012/3008
f 3018/3022/3018 3017/3021/3017 3013/3017/3013
f 3017/3021/3017 3016/3020/3016 3008/3012/3008
f 3020/3024/3020 3014/3018/3014 3019/3023/3019
f 3019/3023/3019 3014/3018/3014 3016/3020/3016
f 3021/3025/3021 3019/3023/3019 3016/3020/3016
f 3022/3026/3022 3016/3020/3016 3017/3021/3017
f 3023/3027/3023 3022/3026/3022 3017/3021/3017
f 3024/3028/3024 3016/3020/3016 3022/3026/3022
g robosub_box_Material_008
usemtl Material_008
f 3026/3030/3026 3027/3031/3027 3025/3029/3025
f 3027/3031/3027 3028/3032/3028 3025/3029/3025
f 3030/3034/3030 3031/3035/3031 3029/3033/3029
f 3031/3035/3031 3032/3036/3032 3029/3033/3029
f 3034/3038/3034 3035/3039/3035 3033/3037/3033
f 3035/3039/3035 3036/3040/3036 3033/3037/3033
f 3038/3042/3038 3039/3043/3039 3037/3041/3037
f 3039/3043/3039 3040/3044/3040 3037/3041/3037
f 3042/3046/3042 3043/3047/3043 3041/3045/3041
f 3043/3047/3043 3044/3048/3044 3041/3045/3041
f 3046/3050/3046 3047/3051/3047 3045/3049/3045
f 3047/3051/3047 3048/3052/3048 3045/3049/3045
f 3050/3054/3050 3051/3055/3051 3049/3053/3049
f 3051/3055/3051 3052/3056/3052 3049/3053/3049
f 3054/3058/3054 3055/3059/3055 3053/3057/3053
f 3055/3059/3055 3056/3060/3056 3053/3057/3053
f 3058/3062/3058 3059/3063/3059 3057/3061/3057
f 3059/3063/3059 3060/3064/3060 3057/3061/3057
f 3062/3066/3062 3063/3067/3063 3061/3065/3061
f 3063/3067/3063 3064/3068/3064 3061/3065/3061
f 3066/3070/3066 3067/3071/3067 3065/3069/3065
f 3067/3071/3067 3068/3072/3068 3065/3069/3065
f 3070/3074/3070 3071/3075/3071 3069/3073/3069
f 3071/3075/3071 3072/3076/3072 3069/3073/3069
g robosub_box_Material_004
usemtl Material_004
f 3074/3078/3074 3075/3079/3075 3073/3077/3073
f 3075/3079/3075 3076/3080/3076 3073/3077/3073
f 3078/3082/3078 3079/3083/3079 3077/3081/3077
f 3079/3083/3079 3080/3084/3080 3077/3081/3077
f 3082/3086/3082 3083/3087/3083 3081/3085/3081
f 3083/3087/3083 3084/3088/3084 3081/3085/3081
f 3086/3090/3086 3087/3091/3087 3085/3089/3085
f 3087/3091/3087 3088/3092/3088 3085/3089/3085
f 3090/3094/3090 3091/3095/3091 3089/3093/3089
f 3091/3095/3091 3092/3096/3092 3089/3093/3089
f 3094/3098/3094 3095/3099/3095 3093/3097/3093
f 3095/3099/3095 3096/3100/3096 3093/3097/3093
f 3098/3102/3098 3099/3103/3099 3097/3101/3097
f 3099/3103/3099 3100/3104/3100 3097/3101/3097
f 3102/3106/3102 3103/3107/3103 3101/3105/3101
f 3103/3107/3103 3104/3108/3104 3101/3105/3101
f 3106/3110/3106 3107/3111/3107 3105/3109/3105
f 3107/3111/3107 3108/3112/3108 3105/3109/3105
f 3110/3114/3110 3111/3115/3111 3109/3113/3109
f 3111/3115/3111 3112/3116/3112 3109/3113/3109
f 3114/3118/3114 3115/3119/3115 3113/3117/3113
f 3115/3119/3115 3116/3120/3116 3113/3117/3113
f 3118/3122/3118 3119/3123/3119 3117/3121/3117
f 3119/3123/3119 3120/3124/3120 3117/3121/3117
f 3122/3126/3122 3123/3127/3123 3121/3125/3121
f 3123/3127/3123 3124/3128/3124 3121/3125/3121
f 3126/3130/3126 3127/3131/3127 3125/3129/3125
f 3127/3131/3127 3128/3132/3128 3125/3129/3125
f 3130/3134/3130 3131/3135/3131 3129/3133/3129
f 3131/3135/3131 3132/3136/3132 3129/3133/3129
f 3134/3138/3134 3135/3139/3135 3133/3137/3133
f 3135/3139/3135 3136/3140/3136 3133/3137/3133
f 3138/3142/3138 3139/3143/3139 3137/3141/3137
f 3139/3143/3139 3140/3144/3140 3137/3141/3137
f 3142/3146/3142 3143/3147/3143 3141/3145/3141
f 3143/3147/3143 3144/3148/3144 3141/3145/3141
f 3146/3150/3146 3147/3151/3147 3145/3149/3145
f 3147/3151/3147 3148/3152/3148 3145/3149/3145
f 3150/3154/3150 3151/3155/3151 3149/3153/3149
f 3151/3155/3151 3152/3156/3152 3149/3153/3149
f 3154/3158/3154 3155/3159/3155 3153/3157/3153
f 3155/3159/3155 3156/3160/3156 3153/3157/3153
f 3153/3157/3153 3156/3160/3156 3157/3161/3157
f 3156/3160/3156 3158/3162/3158 3157/3161/3157
f 3157/3161/3157 3158/3162/3158 3159/3163/3159
f 3158/3162/3158 3160/3164/3160 3159/3163/3159
f 3159/3163/3159 3160/3164/3160 3154/3165/3154
f 3160/3164/3160 3155/3166/3155 3154/3165/3154
f 3162/3168/3162 3163/3169/3163 3161/3167/3161
f 3163/3169/3163 3164/3170/3164 3161/3167/3161
f 3161/3167/3161 3164/3170/3164 3165/3171/3165
f 3164/3170/3164 3166/3172/3166 3165/3171/3165
f 3165/3171/3165 3166/3172/3166 3167/3173/3167
f 3166/3172/3166 3168/3174/3168 3167/3173/3167
f 3167/3173/3167 3168/3174/3168 3162/3175/3162
f 3168/3174/3168 3163/3176/3163 3162/3175/3162
