# from slalom_spaced.pskx  scale=0.01 flipZ=True
v 0.030000 -0.000000 -0.914400
v 0.027725 -0.011484 -0.000000
v 0.030000 -0.000000 -0.000000
v 0.027725 -0.011484 -0.914400
v 0.021221 -0.021211 -0.000000
v 0.021221 -0.021211 -0.914400
v 0.011484 -0.027715 -0.000000
v 0.011484 -0.027715 -0.914400
v 0.000000 -0.030000 -0.000000
v 0.000000 -0.030000 -0.914400
v -0.011475 -0.027715 -0.000000
v -0.011475 -0.027715 -0.914400
v -0.021211 -0.021211 -0.000000
v -0.021211 -0.021211 -0.914400
v -0.027715 -0.011484 -0.000000
v -0.027715 -0.011484 -0.914400
v -0.030000 -0.000000 -0.000000
v -0.030000 -0.000000 -0.914400
v -0.027715 0.011475 -0.000000
v -0.027715 0.011475 -0.914400
v -0.021211 0.021211 -0.000000
v -0.021211 0.021211 -0.914400
v -0.011475 0.027715 -0.000000
v -0.011475 0.027715 -0.914400
v 0.000000 0.030000 -0.000000
v 0.000000 0.030000 -0.914400
v 0.011484 0.027715 -0.000000
v 0.011484 0.027715 -0.914400
v 0.021221 0.021211 -0.000000
v 0.021221 0.021211 -0.914400
v 0.027725 0.011475 -0.000000
v 0.027725 0.011475 -0.914400
v -2.990889 -0.000000 -0.914400
v -2.993174 -0.011484 -0.000000
v -2.990889 -0.000000 -0.000000
v -2.993174 -0.011484 -0.914400
v -2.999678 -0.021211 -0.000000
v -2.999678 -0.021211 -0.914400
v -3.009404 -0.027715 -0.000000
v -3.009404 -0.027715 -0.914400
v -3.020889 -0.030000 -0.000000
v -3.020889 -0.030000 -0.914400
v -3.032363 -0.027715 -0.000000
v -3.032363 -0.027715 -0.914400
v -3.042100 -0.021211 -0.000000
v -3.042100 -0.021211 -0.914400
v -3.048604 -0.011484 -0.000000
v -3.048604 -0.011484 -0.914400
v -3.050889 -0.000000 -0.000000
v -3.050889 -0.000000 -0.914400
v -3.048604 0.011475 -0.000000
v -3.048604 0.011475 -0.914400
v -3.042100 0.021211 -0.000000
v -3.042100 0.021211 -0.914400
v -3.032363 0.027715 -0.000000
v -3.032363 0.027715 -0.914400
v -3.020889 0.030000 -0.000000
v -3.020889 0.030000 -0.914400
v -3.009404 0.027715 -0.000000
v -3.009404 0.027715 -0.914400
v -2.999678 0.021211 -0.000000
v -2.999678 0.021211 -0.914400
v -2.993174 0.011475 -0.000000
v -2.993174 0.011475 -0.914400
v -0.678447 -2.004131 -0.914400
v -0.680732 -2.015615 -0.000000
v -0.678447 -2.004131 -0.000000
v -0.680732 -2.015615 -0.914400
v -0.687236 -2.025352 -0.000000
v -0.687236 -2.025352 -0.914400
v -0.696973 -2.031855 -0.000000
v -0.696973 -2.031855 -0.914400
v -0.708447 -2.034131 -0.000000
v -0.708447 -2.034131 -0.914400
v -0.719932 -2.031855 -0.000000
v -0.719932 -2.031855 -0.914400
v -0.729668 -2.025352 -0.000000
v -0.729668 -2.025352 -0.914400
v -0.736172 -2.015615 -0.000000
v -0.736172 -2.015615 -0.914400
v -0.738447 -2.004131 -0.000000
v -0.738447 -2.004131 -0.914400
v -0.736172 -1.992656 -0.000000
v -0.736172 -1.992656 -0.914400
v -0.729668 -1.982920 -0.000000
v -0.729668 -1.982920 -0.914400
v -0.719932 -1.976416 -0.000000
v -0.719932 -1.976416 -0.914400
v -0.708447 -1.974131 -0.000000
v -0.708447 -1.974131 -0.914400
v -0.696973 -1.976416 -0.000000
v -0.696973 -1.976416 -0.914400
v -0.687236 -1.982920 -0.000000
v -0.687236 -1.982920 -0.914400
v -0.680732 -1.992656 -0.000000
v -0.680732 -1.992656 -0.914400
v -3.666982 -2.002891 -0.914400
v -3.669268 -2.014375 -0.000000
v -3.666982 -2.002891 -0.000000
v -3.669268 -2.014375 -0.914400
v -3.675762 -2.024111 -0.000000
v -3.675762 -2.024111 -0.914400
v -3.685498 -2.030615 -0.000000
v -3.685498 -2.030615 -0.914400
v -3.696982 -2.032891 -0.000000
v -3.696982 -2.032891 -0.914400
v -3.708457 -2.030615 -0.000000
v -3.708457 -2.030615 -0.914400
v -3.718193 -2.024111 -0.000000
v -3.718193 -2.024111 -0.914400
v -3.724697 -2.014375 -0.000000
v -3.724697 -2.014375 -0.914400
v -3.726982 -2.002891 -0.000000
v -3.726982 -2.002891 -0.914400
v -3.724697 -1.991416 -0.000000
v -3.724697 -1.991416 -0.914400
v -3.718193 -1.981680 -0.000000
v -3.718193 -1.981680 -0.914400
v -3.708457 -1.975176 -0.000000
v -3.708457 -1.975176 -0.914400
v -3.696982 -1.972891 -0.000000
v -3.696982 -1.972891 -0.914400
v -3.685498 -1.975176 -0.000000
v -3.685498 -1.975176 -0.914400
v -3.675762 -1.981680 -0.000000
v -3.675762 -1.981680 -0.914400
v -3.669268 -1.991416 -0.000000
v -3.669268 -1.991416 -0.914400
v -0.984463 2.007275 -0.914400
v -0.986748 1.995791 -0.000000
v -0.984463 2.007275 -0.000000
v -0.986748 1.995791 -0.914400
v -0.993252 1.986064 -0.000000
v -0.993252 1.986064 -0.914400
v -1.002988 1.979561 -0.000000
v -1.002988 1.979561 -0.914400
v -1.014463 1.977275 -0.000000
v -1.014463 1.977275 -0.914400
v -1.025947 1.979561 -0.000000
v -1.025947 1.979561 -0.914400
v -1.035684 1.986064 -0.000000
v -1.035684 1.986064 -0.914400
v -1.042188 1.995791 -0.000000
v -1.042188 1.995791 -0.914400
v -1.044463 2.007275 -0.000000
v -1.044463 2.007275 -0.914400
v -1.042188 2.018760 -0.000000
v -1.042188 2.018760 -0.914400
v -1.035684 2.028486 -0.000000
v -1.035684 2.028486 -0.914400
v -1.025947 2.034990 -0.000000
v -1.025947 2.034990 -0.914400
v -1.014463 2.037275 -0.000000
v -1.014463 2.037275 -0.914400
v -1.002988 2.034990 -0.000000
v -1.002988 2.034990 -0.914400
v -0.993252 2.028486 -0.000000
v -0.993252 2.028486 -0.914400
v -0.986748 2.018760 -0.000000
v -0.986748 2.018760 -0.914400
v -3.987002 2.007275 -0.914400
v -3.989287 1.995791 -0.000000
v -3.987002 2.007275 -0.000000
v -3.989287 1.995791 -0.914400
v -3.995791 1.986064 -0.000000
v -3.995791 1.986064 -0.914400
v -4.005518 1.979561 -0.000000
v -4.005518 1.979561 -0.914400
v -4.017002 1.977275 -0.000000
v -4.017002 1.977275 -0.914400
v -4.028486 1.979561 -0.000000
v -4.028486 1.979561 -0.914400
v -4.038213 1.986064 -0.000000
v -4.038213 1.986064 -0.914400
v -4.044717 1.995791 -0.000000
v -4.044717 1.995791 -0.914400
v -4.047002 2.007275 -0.000000
v -4.047002 2.007275 -0.914400
v -4.044717 2.018760 -0.000000
v -4.044717 2.018760 -0.914400
v -4.038213 2.028486 -0.000000
v -4.038213 2.028486 -0.914400
v -4.028486 2.034990 -0.000000
v -4.028486 2.034990 -0.914400
v -4.017002 2.037275 -0.000000
v -4.017002 2.037275 -0.914400
v -4.005518 2.034990 -0.000000
v -4.005518 2.034990 -0.914400
v -3.995791 2.028486 -0.000000
v -3.995791 2.028486 -0.914400
v -3.989287 2.018760 -0.000000
v -3.989287 2.018760 -0.914400
v 0.027725 -0.011484 -0.000000
v 0.000000 -0.000000 -0.000000
v 0.030000 -0.000000 -0.000000
v 0.021221 -0.021211 -0.000000
v 0.027725 0.011475 -0.000000
v 0.011484 -0.027715 -0.000000
v 0.021221 0.021211 -0.000000
v 0.000000 -0.030000 -0.000000
v 0.011484 0.027715 -0.000000
v -0.011475 -0.027715 -0.000000
v 0.000000 0.030000 -0.000000
v -0.021211 -0.021211 -0.000000
v -0.011475 0.027715 -0.000000
v -0.027715 -0.011484 -0.000000
v -0.021211 0.021211 -0.000000
v -0.030000 -0.000000 -0.000000
v -0.027715 0.011475 -0.000000
v 0.030000 -0.000000 -0.914400
v 0.000000 -0.000000 -0.914400
v 0.027725 -0.011484 -0.914400
v 0.027725 0.011475 -0.914400
v 0.021221 -0.021211 -0.914400
v 0.021221 0.021211 -0.914400
v 0.011484 -0.027715 -0.914400
v 0.011484 0.027715 -0.914400
v 0.000000 -0.030000 -0.914400
v 0.000000 0.030000 -0.914400
v -0.011475 -0.027715 -0.914400
v -0.011475 0.027715 -0.914400
v -0.021211 -0.021211 -0.914400
v -0.021211 0.021211 -0.914400
v -0.027715 -0.011484 -0.914400
v -0.027715 0.011475 -0.914400
v -0.030000 -0.000000 -0.914400
v -2.993174 -0.011484 -0.000000
v -3.020889 -0.000000 -0.000000
v -2.990889 -0.000000 -0.000000
v -2.999678 -0.021211 -0.000000
v -2.993174 0.011475 -0.000000
v -3.009404 -0.027715 -0.000000
v -2.999678 0.021211 -0.000000
v -3.020889 -0.030000 -0.000000
v -3.009404 0.027715 -0.000000
v -3.032363 -0.027715 -0.000000
v -3.020889 0.030000 -0.000000
v -3.042100 -0.021211 -0.000000
v -3.032363 0.027715 -0.000000
v -3.048604 -0.011484 -0.000000
v -3.042100 0.021211 -0.000000
v -3.050889 -0.000000 -0.000000
v -3.048604 0.011475 -0.000000
v -2.990889 -0.000000 -0.914400
v -3.020889 -0.000000 -0.914400
v -2.993174 -0.011484 -0.914400
v -2.993174 0.011475 -0.914400
v -2.999678 -0.021211 -0.914400
v -2.999678 0.021211 -0.914400
v -3.009404 -0.027715 -0.914400
v -3.009404 0.027715 -0.914400
v -3.020889 -0.030000 -0.914400
v -3.020889 0.030000 -0.914400
v -3.032363 -0.027715 -0.914400
v -3.032363 0.027715 -0.914400
v -3.042100 -0.021211 -0.914400
v -3.042100 0.021211 -0.914400
v -3.048604 -0.011484 -0.914400
v -3.048604 0.011475 -0.914400
v -3.050889 -0.000000 -0.914400
v -0.680732 -2.015615 -0.000000
v -0.708447 -2.004131 -0.000000
v -0.678447 -2.004131 -0.000000
v -0.687236 -2.025352 -0.000000
v -0.680732 -1.992656 -0.000000
v -0.696973 -2.031855 -0.000000
v -0.687236 -1.982920 -0.000000
v -0.708447 -2.034131 -0.000000
v -0.696973 -1.976416 -0.000000
v -0.719932 -2.031855 -0.000000
v -0.708447 -1.974131 -0.000000
v -0.729668 -2.025352 -0.000000
v -0.719932 -1.976416 -0.000000
v -0.736172 -2.015615 -0.000000
v -0.729668 -1.982920 -0.000000
v -0.738447 -2.004131 -0.000000
v -0.736172 -1.992656 -0.000000
v -0.678447 -2.004131 -0.914400
v -0.708447 -2.004131 -0.914400
v -0.680732 -2.015615 -0.914400
v -0.680732 -1.992656 -0.914400
v -0.687236 -2.025352 -0.914400
v -0.687236 -1.982920 -0.914400
v -0.696973 -2.031855 -0.914400
v -0.696973 -1.976416 -0.914400
v -0.708447 -2.034131 -0.914400
v -0.708447 -1.974131 -0.914400
v -0.719932 -2.031855 -0.914400
v -0.719932 -1.976416 -0.914400
v -0.729668 -2.025352 -0.914400
v -0.729668 -1.982920 -0.914400
v -0.736172 -2.015615 -0.914400
v -0.736172 -1.992656 -0.914400
v -0.738447 -2.004131 -0.914400
v -3.669268 -2.014375 -0.000000
v -3.696982 -2.002891 -0.000000
v -3.666982 -2.002891 -0.000000
v -3.675762 -2.024111 -0.000000
v -3.669268 -1.991416 -0.000000
v -3.685498 -2.030615 -0.000000
v -3.675762 -1.981680 -0.000000
v -3.696982 -2.032891 -0.000000
v -3.685498 -1.975176 -0.000000
v -3.708457 -2.030615 -0.000000
v -3.696982 -1.972891 -0.000000
v -3.718193 -2.024111 -0.000000
v -3.708457 -1.975176 -0.000000
v -3.724697 -2.014375 -0.000000
v -3.718193 -1.981680 -0.000000
v -3.726982 -2.002891 -0.000000
v -3.724697 -1.991416 -0.000000
v -3.666982 -2.002891 -0.914400
v -3.696982 -2.002891 -0.914400
v -3.669268 -2.014375 -0.914400
v -3.669268 -1.991416 -0.914400
v -3.675762 -2.024111 -0.914400
v -3.675762 -1.981680 -0.914400
v -3.685498 -2.030615 -0.914400
v -3.685498 -1.975176 -0.914400
v -3.696982 -2.032891 -0.914400
v -3.696982 -1.972891 -0.914400
v -3.708457 -2.030615 -0.914400
v -3.708457 -1.975176 -0.914400
v -3.718193 -2.024111 -0.914400
v -3.718193 -1.981680 -0.914400
v -3.724697 -2.014375 -0.914400
v -3.724697 -1.991416 -0.914400
v -3.726982 -2.002891 -0.914400
v -0.986748 1.995791 -0.000000
v -1.014463 2.007275 -0.000000
v -0.984463 2.007275 -0.000000
v -0.993252 1.986064 -0.000000
v -0.986748 2.018760 -0.000000
v -1.002988 1.979561 -0.000000
v -0.993252 2.028486 -0.000000
v -1.014463 1.977275 -0.000000
v -1.002988 2.034990 -0.000000
v -1.025947 1.979561 -0.000000
v -1.014463 2.037275 -0.000000
v -1.035684 1.986064 -0.000000
v -1.025947 2.034990 -0.000000
v -1.042188 1.995791 -0.000000
v -1.035684 2.028486 -0.000000
v -1.044463 2.007275 -0.000000
v -1.042188 2.018760 -0.000000
v -0.984463 2.007275 -0.914400
v -1.014463 2.007275 -0.914400
v -0.986748 1.995791 -0.914400
v -0.986748 2.018760 -0.914400
v -0.993252 1.986064 -0.914400
v -0.993252 2.028486 -0.914400
v -1.002988 1.979561 -0.914400
v -1.002988 2.034990 -0.914400
v -1.014463 1.977275 -0.914400
v -1.014463 2.037275 -0.914400
v -1.025947 1.979561 -0.914400
v -1.025947 2.034990 -0.914400
v -1.035684 1.986064 -0.914400
v -1.035684 2.028486 -0.914400
v -1.042188 1.995791 -0.914400
v -1.042188 2.018760 -0.914400
v -1.044463 2.007275 -0.914400
v -3.989287 1.995791 -0.000000
v -4.017002 2.007275 -0.000000
v -3.987002 2.007275 -0.000000
v -3.995791 1.986064 -0.000000
v -3.989287 2.018760 -0.000000
v -4.005518 1.979561 -0.000000
v -3.995791 2.028486 -0.000000
v -4.017002 1.977275 -0.000000
v -4.005518 2.034990 -0.000000
v -4.028486 1.979561 -0.000000
v -4.017002 2.037275 -0.000000
v -4.038213 1.986064 -0.000000
v -4.028486 2.034990 -0.000000
v -4.044717 1.995791 -0.000000
v -4.038213 2.028486 -0.000000
v -4.047002 2.007275 -0.000000
v -4.044717 2.018760 -0.000000
v -3.987002 2.007275 -0.914400
v -4.017002 2.007275 -0.914400
v -3.989287 1.995791 -0.914400
v -3.989287 2.018760 -0.914400
v -3.995791 1.986064 -0.914400
v -3.995791 2.028486 -0.914400
v -4.005518 1.979561 -0.914400
v -4.005518 2.034990 -0.914400
v -4.017002 1.977275 -0.914400
v -4.017002 2.037275 -0.914400
v -4.028486 1.979561 -0.914400
v -4.028486 2.034990 -0.914400
v -4.038213 1.986064 -0.914400
v -4.038213 2.028486 -0.914400
v -4.044717 1.995791 -0.914400
v -4.044717 2.018760 -0.914400
v -4.047002 2.007275 -0.914400
v -1.651387 -0.000000 -0.914400
v -1.653672 -0.011484 0.000000
v -1.651387 -0.000000 0.000000
v -1.653672 -0.011484 -0.914400
v -1.660176 -0.021211 0.000000
v -1.660176 -0.021211 -0.914400
v -1.669902 -0.027715 0.000000
v -1.669902 -0.027715 -0.914400
v -1.681387 -0.030000 0.000000
v -1.681387 -0.030000 -0.914400
v -1.692871 -0.027715 0.000000
v -1.692871 -0.027715 -0.914400
v -1.702598 -0.021211 0.000000
v -1.702598 -0.021211 -0.914400
v -1.709102 -0.011484 0.000000
v -1.709102 -0.011484 -0.914400
v -1.711387 -0.000000 0.000000
v -1.711387 -0.000000 -0.914400
v -1.709102 0.011475 0.000000
v -1.709102 0.011475 -0.914400
v -1.702598 0.021211 0.000000
v -1.702598 0.021211 -0.914400
v -1.692871 0.027715 0.000000
v -1.692871 0.027715 -0.914400
v -1.681387 0.030000 0.000000
v -1.681387 0.030000 -0.914400
v -1.669902 0.027715 0.000000
v -1.669902 0.027715 -0.914400
v -1.660176 0.021211 0.000000
v -1.660176 0.021211 -0.914400
v -1.653672 0.011475 0.000000
v -1.653672 0.011475 -0.914400
v -2.170391 -2.005547 -0.914400
v -2.172666 -2.017031 -0.000000
v -2.170391 -2.005547 -0.000000
v -2.172666 -2.017031 -0.914400
v -2.179170 -2.026768 -0.000000
v -2.179170 -2.026768 -0.914400
v -2.188906 -2.033271 -0.000000
v -2.188906 -2.033271 -0.914400
v -2.200391 -2.035547 -0.000000
v -2.200391 -2.035547 -0.914400
v -2.211865 -2.033271 -0.000000
v -2.211865 -2.033271 -0.914400
v -2.221602 -2.026768 -0.000000
v -2.221602 -2.026768 -0.914400
v -2.228105 -2.017031 -0.000000
v -2.228105 -2.017031 -0.914400
v -2.230391 -2.005547 -0.000000
v -2.230391 -2.005547 -0.914400
v -2.228105 -1.994072 -0.000000
v -2.228105 -1.994072 -0.914400
v -2.221602 -1.984336 -0.000000
v -2.221602 -1.984336 -0.914400
v -2.211865 -1.977832 -0.000000
v -2.211865 -1.977832 -0.914400
v -2.200391 -1.975547 -0.000000
v -2.200391 -1.975547 -0.914400
v -2.188906 -1.977832 -0.000000
v -2.188906 -1.977832 -0.914400
v -2.179170 -1.984336 -0.000000
v -2.179170 -1.984336 -0.914400
v -2.172666 -1.994072 -0.000000
v -2.172666 -1.994072 -0.914400
v -2.467002 2.007275 -0.936923
v -2.469287 1.995791 -0.022523
v -2.467002 2.007275 -0.022523
v -2.469287 1.995791 -0.936923
v -2.475791 1.986064 -0.022523
v -2.475791 1.986064 -0.936923
v -2.485518 1.979561 -0.022523
v -2.485518 1.979561 -0.936923
v -2.497002 1.977275 -0.022523
v -2.497002 1.977275 -0.936923
v -2.508486 1.979561 -0.022523
v -2.508486 1.979561 -0.936923
v -2.518213 1.986064 -0.022523
v -2.518213 1.986064 -0.936923
v -2.524717 1.995791 -0.022523
v -2.524717 1.995791 -0.936923
v -2.527002 2.007275 -0.022523
v -2.527002 2.007275 -0.936923
v -2.524717 2.018760 -0.022523
v -2.524717 2.018760 -0.936923
v -2.518213 2.028486 -0.022523
v -2.518213 2.028486 -0.936923
v -2.508486 2.034990 -0.022523
v -2.508486 2.034990 -0.936923
v -2.497002 2.037275 -0.022523
v -2.497002 2.037275 -0.936923
v -2.485518 2.034990 -0.022523
v -2.485518 2.034990 -0.936923
v -2.475791 2.028486 -0.022523
v -2.475791 2.028486 -0.936923
v -2.469287 2.018760 -0.022523
v -2.469287 2.018760 -0.936923
v -1.653672 -0.011484 0.000000
v -1.681387 -0.000000 0.000000
v -1.651387 -0.000000 0.000000
v -1.660176 -0.021211 0.000000
v -1.653672 0.011475 0.000000
v -1.669902 -0.027715 0.000000
v -1.660176 0.021211 0.000000
v -1.681387 -0.030000 0.000000
v -1.669902 0.027715 0.000000
v -1.692871 -0.027715 0.000000
v -1.681387 0.030000 0.000000
v -1.702598 -0.021211 0.000000
v -1.692871 0.027715 0.000000
v -1.709102 -0.011484 0.000000
v -1.702598 0.021211 0.000000
v -1.711387 -0.000000 0.000000
v -1.709102 0.011475 0.000000
v -1.651387 -0.000000 -0.914400
v -1.681387 -0.000000 -0.914400
v -1.653672 -0.011484 -0.914400
v -1.653672 0.011475 -0.914400
v -1.660176 -0.021211 -0.914400
v -1.660176 0.021211 -0.914400
v -1.669902 -0.027715 -0.914400
v -1.669902 0.027715 -0.914400
v -1.681387 -0.030000 -0.914400
v -1.681387 0.030000 -0.914400
v -1.692871 -0.027715 -0.914400
v -1.692871 0.027715 -0.914400
v -1.702598 -0.021211 -0.914400
v -1.702598 0.021211 -0.914400
v -1.709102 -0.011484 -0.914400
v -1.709102 0.011475 -0.914400
v -1.711387 -0.000000 -0.914400
v -2.172666 -2.017031 -0.000000
v -2.200391 -2.005547 -0.000000
v -2.170391 -2.005547 -0.000000
v -2.179170 -2.026768 -0.000000
v -2.172666 -1.994072 -0.000000
v -2.188906 -2.033271 -0.000000
v -2.179170 -1.984336 -0.000000
v -2.200391 -2.035547 -0.000000
v -2.188906 -1.977832 -0.000000
v -2.211865 -2.033271 -0.000000
v -2.200391 -1.975547 -0.000000
v -2.221602 -2.026768 -0.000000
v -2.211865 -1.977832 -0.000000
v -2.228105 -2.017031 -0.000000
v -2.221602 -1.984336 -0.000000
v -2.230391 -2.005547 -0.000000
v -2.228105 -1.994072 -0.000000
v -2.170391 -2.005547 -0.914400
v -2.200391 -2.005547 -0.914400
v -2.172666 -2.017031 -0.914400
v -2.172666 -1.994072 -0.914400
v -2.179170 -2.026768 -0.914400
v -2.179170 -1.984336 -0.914400
v -2.188906 -2.033271 -0.914400
v -2.188906 -1.977832 -0.914400
v -2.200391 -2.035547 -0.914400
v -2.200391 -1.975547 -0.914400
v -2.211865 -2.033271 -0.914400
v -2.211865 -1.977832 -0.914400
v -2.221602 -2.026768 -0.914400
v -2.221602 -1.984336 -0.914400
v -2.228105 -2.017031 -0.914400
v -2.228105 -1.994072 -0.914400
v -2.230391 -2.005547 -0.914400
v -2.469287 1.995791 -0.022523
v -2.497002 2.007275 -0.022523
v -2.467002 2.007275 -0.022523
v -2.475791 1.986064 -0.022523
v -2.469287 2.018760 -0.022523
v -2.485518 1.979561 -0.022523
v -2.475791 2.028486 -0.022523
v -2.497002 1.977275 -0.022523
v -2.485518 2.034990 -0.022523
v -2.508486 1.979561 -0.022523
v -2.497002 2.037275 -0.022523
v -2.518213 1.986064 -0.022523
v -2.508486 2.034990 -0.022523
v -2.524717 1.995791 -0.022523
v -2.518213 2.028486 -0.022523
v -2.527002 2.007275 -0.022523
v -2.524717 2.018760 -0.022523
v -2.467002 2.007275 -0.936923
v -2.497002 2.007275 -0.936923
v -2.469287 1.995791 -0.936923
v -2.469287 2.018760 -0.936923
v -2.475791 1.986064 -0.936923
v -2.475791 2.028486 -0.936923
v -2.485518 1.979561 -0.936923
v -2.485518 2.034990 -0.936923
v -2.497002 1.977275 -0.936923
v -2.497002 2.037275 -0.936923
v -2.508486 1.979561 -0.936923
v -2.508486 2.034990 -0.936923
v -2.518213 1.986064 -0.936923
v -2.518213 2.028486 -0.936923
v -2.524717 1.995791 -0.936923
v -2.524717 2.018760 -0.936923
v -2.527002 2.007275 -0.936923
v -1.009463 2.007275 -0.053554
v -1.009844 2.005361 0.866189
v -1.009463 2.007275 0.866189
v -1.009844 2.005361 -0.053554
v -1.010928 2.003740 0.866189
v -1.010928 2.003740 -0.053554
v -1.012549 2.002656 0.866189
v -1.012549 2.002656 -0.053554
v -1.014463 2.002275 0.866189
v -1.014463 2.002275 -0.053554
v -1.016377 2.002656 0.866189
v -1.016377 2.002656 -0.053554
v -1.017998 2.003740 0.866189
v -1.017998 2.003740 -0.053554
v -1.019082 2.005361 0.866189
v -1.019082 2.005361 -0.053554
v -1.019463 2.007275 0.866189
v -1.019463 2.007275 -0.053554
v -1.019082 2.009189 0.866189
v -1.019082 2.009189 -0.053554
v -1.017998 2.010811 0.866189
v -1.017998 2.010811 -0.053554
v -1.016377 2.011895 0.866189
v -1.016377 2.011895 -0.053554
v -1.014463 2.012275 0.866189
v -1.014463 2.012275 -0.053554
v -1.012549 2.011895 0.866189
v -1.012549 2.011895 -0.053554
v -1.010928 2.010811 0.866189
v -1.010928 2.010811 -0.053554
v -1.009844 2.009189 0.866189
v -1.009844 2.009189 -0.053554
v -2.501689 2.007275 -0.053554
v -2.502070 2.005361 0.866189
v -2.501689 2.007275 0.866189
v -2.502070 2.005361 -0.053554
v -2.503154 2.003740 0.866189
v -2.503154 2.003740 -0.053554
v -2.504775 2.002656 0.866189
v -2.504775 2.002656 -0.053554
v -2.506689 2.002275 0.866189
v -2.506689 2.002275 -0.053554
v -2.508604 2.002656 0.866189
v -2.508604 2.002656 -0.053554
v -2.510225 2.003740 0.866189
v -2.510225 2.003740 -0.053554
v -2.511309 2.005361 0.866189
v -2.511309 2.005361 -0.053554
v -2.511689 2.007275 0.866189
v -2.511689 2.007275 -0.053554
v -2.511309 2.009189 0.866189
v -2.511309 2.009189 -0.053554
v -2.510225 2.010811 0.866189
v -2.510225 2.010811 -0.053554
v -2.508604 2.011895 0.866189
v -2.508604 2.011895 -0.053554
v -2.506689 2.012275 0.866189
v -2.506689 2.012275 -0.053554
v -2.504775 2.011895 0.866189
v -2.504775 2.011895 -0.053554
v -2.503154 2.010811 0.866189
v -2.503154 2.010811 -0.053554
v -2.502070 2.009189 0.866189
v -2.502070 2.009189 -0.053554
v -4.015879 2.007275 -0.053554
v -4.016260 2.005361 0.866189
v -4.015879 2.007275 0.866189
v -4.016260 2.005361 -0.053554
v -4.017344 2.003740 0.866189
v -4.017344 2.003740 -0.053554
v -4.018965 2.002656 0.866189
v -4.018965 2.002656 -0.053554
v -4.020879 2.002275 0.866189
v -4.020879 2.002275 -0.053554
v -4.022793 2.002656 0.866189
v -4.022793 2.002656 -0.053554
v -4.024414 2.003740 0.866189
v -4.024414 2.003740 -0.053554
v -4.025498 2.005361 0.866189
v -4.025498 2.005361 -0.053554
v -4.025879 2.007275 0.866189
v -4.025879 2.007275 -0.053554
v -4.025498 2.009189 0.866189
v -4.025498 2.009189 -0.053554
v -4.024414 2.010811 0.866189
v -4.024414 2.010811 -0.053554
v -4.022793 2.011895 0.866189
v -4.022793 2.011895 -0.053554
v -4.020879 2.012275 0.866189
v -4.020879 2.012275 -0.053554
v -4.018965 2.011895 0.866189
v -4.018965 2.011895 -0.053554
v -4.017344 2.010811 0.866189
v -4.017344 2.010811 -0.053554
v -4.016260 2.009189 0.866189
v -4.016260 2.009189 -0.053554
v -1.685107 0.001455 -0.053554
v -1.685488 -0.000459 0.866189
v -1.685107 0.001455 0.866189
v -1.685488 -0.000459 -0.053554
v -1.686572 -0.002080 0.866189
v -1.686572 -0.002080 -0.053554
v -1.688193 -0.003164 0.866189
v -1.688193 -0.003164 -0.053554
v -1.690107 -0.003545 0.866189
v -1.690107 -0.003545 -0.053554
v -1.692021 -0.003164 0.866189
v -1.692021 -0.003164 -0.053554
v -1.693643 -0.002080 0.866189
v -1.693643 -0.002080 -0.053554
v -1.694727 -0.000459 0.866189
v -1.694727 -0.000459 -0.053554
v -1.695107 0.001455 0.866189
v -1.695107 0.001455 -0.053554
v -1.694727 0.003369 0.866189
v -1.694727 0.003369 -0.053554
v -1.693643 0.004990 0.866189
v -1.693643 0.004990 -0.053554
v -1.692021 0.006074 0.866189
v -1.692021 0.006074 -0.053554
v -1.690107 0.006455 0.866189
v -1.690107 0.006455 -0.053554
v -1.688193 0.006074 0.866189
v -1.688193 0.006074 -0.053554
v -1.686572 0.004990 0.866189
v -1.686572 0.004990 -0.053554
v -1.685488 0.003369 0.866189
v -1.685488 0.003369 -0.053554
v 0.003438 0.001455 -0.053554
v 0.003057 -0.000459 0.866189
v 0.003438 0.001455 0.866189
v 0.003057 -0.000459 -0.053554
v 0.001973 -0.002080 0.866189
v 0.001973 -0.002080 -0.053554
v 0.000352 -0.003164 0.866189
v 0.000352 -0.003164 -0.053554
v -0.001563 -0.003545 0.866189
v -0.001563 -0.003545 -0.053554
v -0.003477 -0.003164 0.866189
v -0.003477 -0.003164 -0.053554
v -0.005098 -0.002080 0.866189
v -0.005098 -0.002080 -0.053554
v -0.006182 -0.000459 0.866189
v -0.006182 -0.000459 -0.053554
v -0.006562 0.001455 0.866189
v -0.006562 0.001455 -0.053554
v -0.006182 0.003369 0.866189
v -0.006182 0.003369 -0.053554
v -0.005098 0.004990 0.866189
v -0.005098 0.004990 -0.053554
v -0.003477 0.006074 0.866189
v -0.003477 0.006074 -0.053554
v -0.001563 0.006455 0.866189
v -0.001563 0.006455 -0.053554
v 0.000352 0.006074 0.866189
v 0.000352 0.006074 -0.053554
v 0.001973 0.004990 0.866189
v 0.001973 0.004990 -0.053554
v 0.003057 0.003369 0.866189
v 0.003057 0.003369 -0.053554
v -3.015205 0.001455 -0.053554
v -3.015586 -0.000459 0.866189
v -3.015205 0.001455 0.866189
v -3.015586 -0.000459 -0.053554
v -3.016670 -0.002080 0.866189
v -3.016670 -0.002080 -0.053554
v -3.018291 -0.003164 0.866189
v -3.018291 -0.003164 -0.053554
v -3.020205 -0.003545 0.866189
v -3.020205 -0.003545 -0.053554
v -3.022119 -0.003164 0.866189
v -3.022119 -0.003164 -0.053554
v -3.023740 -0.002080 0.866189
v -3.023740 -0.002080 -0.053554
v -3.024824 -0.000459 0.866189
v -3.024824 -0.000459 -0.053554
v -3.025205 0.001455 0.866189
v -3.025205 0.001455 -0.053554
v -3.024824 0.003369 0.866189
v -3.024824 0.003369 -0.053554
v -3.023740 0.004990 0.866189
v -3.023740 0.004990 -0.053554
v -3.022119 0.006074 0.866189
v -3.022119 0.006074 -0.053554
v -3.020205 0.006455 0.866189
v -3.020205 0.006455 -0.053554
v -3.018291 0.006074 0.866189
v -3.018291 0.006074 -0.053554
v -3.016670 0.004990 0.866189
v -3.016670 0.004990 -0.053554
v -3.015586 0.003369 0.866189
v -3.015586 0.003369 -0.053554
v -0.718760 -1.991914 -0.053554
v -0.719141 -1.993828 0.866189
v -0.718760 -1.991914 0.866189
v -0.719141 -1.993828 -0.053554
v -0.720225 -1.995459 0.866189
v -0.720225 -1.995459 -0.053554
v -0.721846 -1.996543 0.866189
v -0.721846 -1.996543 -0.053554
v -0.723760 -1.996914 0.866189
v -0.723760 -1.996914 -0.053554
v -0.725674 -1.996543 0.866189
v -0.725674 -1.996543 -0.053554
v -0.727295 -1.995459 0.866189
v -0.727295 -1.995459 -0.053554
v -0.728379 -1.993828 0.866189
v -0.728379 -1.993828 -0.053554
v -0.728760 -1.991914 0.866189
v -0.728760 -1.991914 -0.053554
v -0.728379 -1.990010 0.866189
v -0.728379 -1.990010 -0.053554
v -0.727295 -1.988379 0.866189
v -0.727295 -1.988379 -0.053554
v -0.725674 -1.987295 0.866189
v -0.725674 -1.987295 -0.053554
v -0.723760 -1.986914 0.866189
v -0.723760 -1.986914 -0.053554
v -0.721846 -1.987295 0.866189
v -0.721846 -1.987295 -0.053554
v -0.720225 -1.988379 0.866189
v -0.720225 -1.988379 -0.053554
v -0.719141 -1.990010 0.866189
v -0.719141 -1.990010 -0.053554
v -2.197529 -1.991914 -0.053554
v -2.197910 -1.993828 0.866189
v -2.197529 -1.991914 0.866189
v -2.197910 -1.993828 -0.053554
v -2.198994 -1.995459 0.866189
v -2.198994 -1.995459 -0.053554
v -2.200615 -1.996543 0.866189
v -2.200615 -1.996543 -0.053554
v -2.202529 -1.996914 0.866189
v -2.202529 -1.996914 -0.053554
v -2.204443 -1.996543 0.866189
v -2.204443 -1.996543 -0.053554
v -2.206064 -1.995459 0.866189
v -2.206064 -1.995459 -0.053554
v -2.207148 -1.993828 0.866189
v -2.207148 -1.993828 -0.053554
v -2.207529 -1.991914 0.866189
v -2.207529 -1.991914 -0.053554
v -2.207148 -1.990010 0.866189
v -2.207148 -1.990010 -0.053554
v -2.206064 -1.988379 0.866189
v -2.206064 -1.988379 -0.053554
v -2.204443 -1.987295 0.866189
v -2.204443 -1.987295 -0.053554
v -2.202529 -1.986914 0.866189
v -2.202529 -1.986914 -0.053554
v -2.200615 -1.987295 0.866189
v -2.200615 -1.987295 -0.053554
v -2.198994 -1.988379 0.866189
v -2.198994 -1.988379 -0.053554
v -2.197910 -1.990010 0.866189
v -2.197910 -1.990010 -0.053554
v -3.684150 -1.991914 -0.053554
v -3.684531 -1.993828 0.866189
v -3.684150 -1.991914 0.866189
v -3.684531 -1.993828 -0.053554
v -3.685615 -1.995459 0.866189
v -3.685615 -1.995459 -0.053554
v -3.687236 -1.996543 0.866189
v -3.687236 -1.996543 -0.053554
v -3.689150 -1.996914 0.866189
v -3.689150 -1.996914 -0.053554
v -3.691064 -1.996543 0.866189
v -3.691064 -1.996543 -0.053554
v -3.692686 -1.995459 0.866189
v -3.692686 -1.995459 -0.053554
v -3.693770 -1.993828 0.866189
v -3.693770 -1.993828 -0.053554
v -3.694150 -1.991914 0.866189
v -3.694150 -1.991914 -0.053554
v -3.693770 -1.990010 0.866189
v -3.693770 -1.990010 -0.053554
v -3.692686 -1.988379 0.866189
v -3.692686 -1.988379 -0.053554
v -3.691064 -1.987295 0.866189
v -3.691064 -1.987295 -0.053554
v -3.689150 -1.986914 0.866189
v -3.689150 -1.986914 -0.053554
v -3.687236 -1.987295 0.866189
v -3.687236 -1.987295 -0.053554
v -3.685615 -1.988379 0.866189
v -3.685615 -1.988379 -0.053554
v -3.684531 -1.990010 0.866189
v -3.684531 -1.990010 -0.053554
v -1.009844 2.005361 0.866189
v -1.014463 2.007275 0.866189
v -1.009463 2.007275 0.866189
v -1.010928 2.003740 0.866189
v -1.009844 2.009189 0.866189
v -1.012549 2.002656 0.866189
v -1.010928 2.010811 0.866189
v -1.014463 2.002275 0.866189
v -1.012549 2.011895 0.866189
v -1.016377 2.002656 0.866189
v -1.014463 2.012275 0.866189
v -1.017998 2.003740 0.866189
v -1.016377 2.011895 0.866189
v -1.019082 2.005361 0.866189
v -1.017998 2.010811 0.866189
v -1.019463 2.007275 0.866189
v -1.019082 2.009189 0.866189
v -1.009463 2.007275 -0.053554
v -1.014463 2.007275 -0.053554
v -1.009844 2.005361 -0.053554
v -1.009844 2.009189 -0.053554
v -1.010928 2.003740 -0.053554
v -1.010928 2.010811 -0.053554
v -1.012549 2.002656 -0.053554
v -1.012549 2.011895 -0.053554
v -1.014463 2.002275 -0.053554
v -1.014463 2.012275 -0.053554
v -1.016377 2.002656 -0.053554
v -1.016377 2.011895 -0.053554
v -1.017998 2.003740 -0.053554
v -1.017998 2.010811 -0.053554
v -1.019082 2.005361 -0.053554
v -1.019082 2.009189 -0.053554
v -1.019463 2.007275 -0.053554
v -2.502070 2.005361 0.866189
v -2.506689 2.007275 0.866189
v -2.501689 2.007275 0.866189
v -2.503154 2.003740 0.866189
v -2.502070 2.009189 0.866189
v -2.504775 2.002656 0.866189
v -2.503154 2.010811 0.866189
v -2.506689 2.002275 0.866189
v -2.504775 2.011895 0.866189
v -2.508604 2.002656 0.866189
v -2.506689 2.012275 0.866189
v -2.510225 2.003740 0.866189
v -2.508604 2.011895 0.866189
v -2.511309 2.005361 0.866189
v -2.510225 2.010811 0.866189
v -2.511689 2.007275 0.866189
v -2.511309 2.009189 0.866189
v -2.501689 2.007275 -0.053554
v -2.506689 2.007275 -0.053554
v -2.502070 2.005361 -0.053554
v -2.502070 2.009189 -0.053554
v -2.503154 2.003740 -0.053554
v -2.503154 2.010811 -0.053554
v -2.504775 2.002656 -0.053554
v -2.504775 2.011895 -0.053554
v -2.506689 2.002275 -0.053554
v -2.506689 2.012275 -0.053554
v -2.508604 2.002656 -0.053554
v -2.508604 2.011895 -0.053554
v -2.510225 2.003740 -0.053554
v -2.510225 2.010811 -0.053554
v -2.511309 2.005361 -0.053554
v -2.511309 2.009189 -0.053554
v -2.511689 2.007275 -0.053554
v -4.016260 2.005361 0.866189
v -4.020879 2.007275 0.866189
v -4.015879 2.007275 0.866189
v -4.017344 2.003740 0.866189
v -4.016260 2.009189 0.866189
v -4.018965 2.002656 0.866189
v -4.017344 2.010811 0.866189
v -4.020879 2.002275 0.866189
v -4.018965 2.011895 0.866189
v -4.022793 2.002656 0.866189
v -4.020879 2.012275 0.866189
v -4.024414 2.003740 0.866189
v -4.022793 2.011895 0.866189
v -4.025498 2.005361 0.866189
v -4.024414 2.010811 0.866189
v -4.025879 2.007275 0.866189
v -4.025498 2.009189 0.866189
v -4.015879 2.007275 -0.053554
v -4.020879 2.007275 -0.053554
v -4.016260 2.005361 -0.053554
v -4.016260 2.009189 -0.053554
v -4.017344 2.003740 -0.053554
v -4.017344 2.010811 -0.053554
v -4.018965 2.002656 -0.053554
v -4.018965 2.011895 -0.053554
v -4.020879 2.002275 -0.053554
v -4.020879 2.012275 -0.053554
v -4.022793 2.002656 -0.053554
v -4.022793 2.011895 -0.053554
v -4.024414 2.003740 -0.053554
v -4.024414 2.010811 -0.053554
v -4.025498 2.005361 -0.053554
v -4.025498 2.009189 -0.053554
v -4.025879 2.007275 -0.053554
v -1.685488 -0.000459 0.866189
v -1.690107 0.001455 0.866189
v -1.685107 0.001455 0.866189
v -1.686572 -0.002080 0.866189
v -1.685488 0.003369 0.866189
v -1.688193 -0.003164 0.866189
v -1.686572 0.004990 0.866189
v -1.690107 -0.003545 0.866189
v -1.688193 0.006074 0.866189
v -1.692021 -0.003164 0.866189
v -1.690107 0.006455 0.866189
v -1.693643 -0.002080 0.866189
v -1.692021 0.006074 0.866189
v -1.694727 -0.000459 0.866189
v -1.693643 0.004990 0.866189
v -1.695107 0.001455 0.866189
v -1.694727 0.003369 0.866189
v -1.685107 0.001455 -0.053554
v -1.690107 0.001455 -0.053554
v -1.685488 -0.000459 -0.053554
v -1.685488 0.003369 -0.053554
v -1.686572 -0.002080 -0.053554
v -1.686572 0.004990 -0.053554
v -1.688193 -0.003164 -0.053554
v -1.688193 0.006074 -0.053554
v -1.690107 -0.003545 -0.053554
v -1.690107 0.006455 -0.053554
v -1.692021 -0.003164 -0.053554
v -1.692021 0.006074 -0.053554
v -1.693643 -0.002080 -0.053554
v -1.693643 0.004990 -0.053554
v -1.694727 -0.000459 -0.053554
v -1.694727 0.003369 -0.053554
v -1.695107 0.001455 -0.053554
v 0.003057 -0.000459 0.866189
v -0.001563 0.001455 0.866189
v 0.003438 0.001455 0.866189
v 0.001973 -0.002080 0.866189
v 0.003057 0.003369 0.866189
v 0.000352 -0.003164 0.866189
v 0.001973 0.004990 0.866189
v -0.001563 -0.003545 0.866189
v 0.000352 0.006074 0.866189
v -0.003477 -0.003164 0.866189
v -0.001563 0.006455 0.866189
v -0.005098 -0.002080 0.866189
v -0.003477 0.006074 0.866189
v -0.006182 -0.000459 0.866189
v -0.005098 0.004990 0.866189
v -0.006562 0.001455 0.866189
v -0.006182 0.003369 0.866189
v 0.003438 0.001455 -0.053554
v -0.001563 0.001455 -0.053554
v 0.003057 -0.000459 -0.053554
v 0.003057 0.003369 -0.053554
v 0.001973 -0.002080 -0.053554
v 0.001973 0.004990 -0.053554
v 0.000352 -0.003164 -0.053554
v 0.000352 0.006074 -0.053554
v -0.001563 -0.003545 -0.053554
v -0.001563 0.006455 -0.053554
v -0.003477 -0.003164 -0.053554
v -0.003477 0.006074 -0.053554
v -0.005098 -0.002080 -0.053554
v -0.005098 0.004990 -0.053554
v -0.006182 -0.000459 -0.053554
v -0.006182 0.003369 -0.053554
v -0.006562 0.001455 -0.053554
v -3.015586 -0.000459 0.866189
v -3.020205 0.001455 0.866189
v -3.015205 0.001455 0.866189
v -3.016670 -0.002080 0.866189
v -3.015586 0.003369 0.866189
v -3.018291 -0.003164 0.866189
v -3.016670 0.004990 0.866189
v -3.020205 -0.003545 0.866189
v -3.018291 0.006074 0.866189
v -3.022119 -0.003164 0.866189
v -3.020205 0.006455 0.866189
v -3.023740 -0.002080 0.866189
v -3.022119 0.006074 0.866189
v -3.024824 -0.000459 0.866189
v -3.023740 0.004990 0.866189
v -3.025205 0.001455 0.866189
v -3.024824 0.003369 0.866189
v -3.015205 0.001455 -0.053554
v -3.020205 0.001455 -0.053554
v -3.015586 -0.000459 -0.053554
v -3.015586 0.003369 -0.053554
v -3.016670 -0.002080 -0.053554
v -3.016670 0.004990 -0.053554
v -3.018291 -0.003164 -0.053554
v -3.018291 0.006074 -0.053554
v -3.020205 -0.003545 -0.053554
v -3.020205 0.006455 -0.053554
v -3.022119 -0.003164 -0.053554
v -3.022119 0.006074 -0.053554
v -3.023740 -0.002080 -0.053554
v -3.023740 0.004990 -0.053554
v -3.024824 -0.000459 -0.053554
v -3.024824 0.003369 -0.053554
v -3.025205 0.001455 -0.053554
v -0.719141 -1.993828 0.866189
v -0.723760 -1.991914 0.866189
v -0.718760 -1.991914 0.866189
v -0.720225 -1.995459 0.866189
v -0.719141 -1.990010 0.866189
v -0.721846 -1.996543 0.866189
v -0.720225 -1.988379 0.866189
v -0.723760 -1.996914 0.866189
v -0.721846 -1.987295 0.866189
v -0.725674 -1.996543 0.866189
v -0.723760 -1.986914 0.866189
v -0.727295 -1.995459 0.866189
v -0.725674 -1.987295 0.866189
v -0.728379 -1.993828 0.866189
v -0.727295 -1.988379 0.866189
v -0.728760 -1.991914 0.866189
v -0.728379 -1.990010 0.866189
v -0.718760 -1.991914 -0.053554
v -0.723760 -1.991914 -0.053554
v -0.719141 -1.993828 -0.053554
v -0.719141 -1.990010 -0.053554
v -0.720225 -1.995459 -0.053554
v -0.720225 -1.988379 -0.053554
v -0.721846 -1.996543 -0.053554
v -0.721846 -1.987295 -0.053554
v -0.723760 -1.996914 -0.053554
v -0.723760 -1.986914 -0.053554
v -0.725674 -1.996543 -0.053554
v -0.725674 -1.987295 -0.053554
v -0.727295 -1.995459 -0.053554
v -0.727295 -1.988379 -0.053554
v -0.728379 -1.993828 -0.053554
v -0.728379 -1.990010 -0.053554
v -0.728760 -1.991914 -0.053554
v -2.197910 -1.993828 0.866189
v -2.202529 -1.991914 0.866189
v -2.197529 -1.991914 0.866189
v -2.198994 -1.995459 0.866189
v -2.197910 -1.990010 0.866189
v -2.200615 -1.996543 0.866189
v -2.198994 -1.988379 0.866189
v -2.202529 -1.996914 0.866189
v -2.200615 -1.987295 0.866189
v -2.204443 -1.996543 0.866189
v -2.202529 -1.986914 0.866189
v -2.206064 -1.995459 0.866189
v -2.204443 -1.987295 0.866189
v -2.207148 -1.993828 0.866189
v -2.206064 -1.988379 0.866189
v -2.207529 -1.991914 0.866189
v -2.207148 -1.990010 0.866189
v -2.197529 -1.991914 -0.053554
v -2.202529 -1.991914 -0.053554
v -2.197910 -1.993828 -0.053554
v -2.197910 -1.990010 -0.053554
v -2.198994 -1.995459 -0.053554
v -2.198994 -1.988379 -0.053554
v -2.200615 -1.996543 -0.053554
v -2.200615 -1.987295 -0.053554
v -2.202529 -1.996914 -0.053554
v -2.202529 -1.986914 -0.053554
v -2.204443 -1.996543 -0.053554
v -2.204443 -1.987295 -0.053554
v -2.206064 -1.995459 -0.053554
v -2.206064 -1.988379 -0.053554
v -2.207148 -1.993828 -0.053554
v -2.207148 -1.990010 -0.053554
v -2.207529 -1.991914 -0.053554
v -3.684531 -1.993828 0.866189
v -3.689150 -1.991914 0.866189
v -3.684150 -1.991914 0.866189
v -3.685615 -1.995459 0.866189
v -3.684531 -1.990010 0.866189
v -3.687236 -1.996543 0.866189
v -3.685615 -1.988379 0.866189
v -3.689150 -1.996914 0.866189
v -3.687236 -1.987295 0.866189
v -3.691064 -1.996543 0.866189
v -3.689150 -1.986914 0.866189
v -3.692686 -1.995459 0.866189
v -3.691064 -1.987295 0.866189
v -3.693770 -1.993828 0.866189
v -3.692686 -1.988379 0.866189
v -3.694150 -1.991914 0.866189
v -3.693770 -1.990010 0.866189
v -3.684150 -1.991914 -0.053554
v -3.689150 -1.991914 -0.053554
v -3.684531 -1.993828 -0.053554
v -3.684531 -1.990010 -0.053554
v -3.685615 -1.995459 -0.053554
v -3.685615 -1.988379 -0.053554
v -3.687236 -1.996543 -0.053554
v -3.687236 -1.987295 -0.053554
v -3.689150 -1.996914 -0.053554
v -3.689150 -1.986914 -0.053554
v -3.691064 -1.996543 -0.053554
v -3.691064 -1.987295 -0.053554
v -3.692686 -1.995459 -0.053554
v -3.692686 -1.988379 -0.053554
v -3.693770 -1.993828 -0.053554
v -3.693770 -1.990010 -0.053554
v -3.694150 -1.991914 -0.053554
v -2.234385 0.004131 0.879945
v -2.232100 -2.014131 0.891425
v -2.234385 -2.014131 0.879945
v -2.232100 0.004131 0.891425
v -2.225605 -2.014131 0.901158
v -2.225605 0.004131 0.901158
v -2.215869 -2.014131 0.907661
v -2.215869 0.004131 0.907661
v -2.204385 -2.014131 0.909945
v -2.204385 0.004131 0.909945
v -2.192910 -2.014131 0.907661
v -2.192910 0.004131 0.907661
v -2.183174 -2.014131 0.901158
v -2.183174 0.004131 0.901158
v -2.176670 -2.014131 0.891425
v -2.176670 0.004131 0.891425
v -2.174385 -2.014131 0.879945
v -2.174385 0.004131 0.879945
v -2.176670 -2.014131 0.868464
v -2.176670 0.004131 0.868464
v -2.183174 -2.014131 0.858732
v -2.183174 0.004131 0.858732
v -2.192910 -2.014131 0.852229
v -2.192910 0.004131 0.852229
v -2.204385 -2.014131 0.849945
v -2.204385 0.004131 0.849945
v -2.215869 -2.014131 0.852229
v -2.215869 0.004131 0.852229
v -2.225605 -2.014131 0.858732
v -2.225605 0.004131 0.858732
v -2.232100 -2.014131 0.868464
v -2.232100 0.004131 0.868464
v -1.696221 2.015645 0.879945
v -1.693936 -0.002617 0.891425
v -1.696221 -0.002617 0.879945
v -1.693936 2.015645 0.891425
v -1.687432 -0.002617 0.901158
v -1.687432 2.015645 0.901158
v -1.677695 -0.002617 0.907661
v -1.677695 2.015645 0.907661
v -1.666221 -0.002617 0.909945
v -1.666221 2.015645 0.909945
v -1.654736 -0.002617 0.907661
v -1.654736 2.015645 0.907661
v -1.645010 -0.002617 0.901158
v -1.645010 2.015645 0.901158
v -1.638506 -0.002617 0.891425
v -1.638506 2.015645 0.891425
v -1.636221 -0.002617 0.879945
v -1.636221 2.015645 0.879945
v -1.638506 -0.002617 0.868464
v -1.638506 2.015645 0.868464
v -1.645010 -0.002617 0.858732
v -1.645010 2.015645 0.858732
v -1.654736 -0.002617 0.852229
v -1.654736 2.015645 0.852229
v -1.666221 -0.002617 0.849945
v -1.666221 2.015645 0.849945
v -1.677695 -0.002617 0.852229
v -1.677695 2.015645 0.852229
v -1.687432 -0.002617 0.858732
v -1.687432 2.015645 0.858732
v -1.693936 -0.002617 0.868464
v -1.693936 2.015645 0.868464
v -3.728389 -2.033008 0.879945
v -0.680391 -2.030723 0.891425
v -0.680391 -2.033008 0.879945
v -3.728389 -2.030723 0.891425
v -0.680391 -2.024219 0.901158
v -3.728389 -2.024219 0.901158
v -0.680391 -2.014492 0.907661
v -3.728389 -2.014492 0.907661
v -0.680391 -2.003008 0.909945
v -3.728389 -2.003008 0.909945
v -0.680391 -1.991523 0.907661
v -3.728389 -1.991523 0.907661
v -0.680391 -1.981797 0.901158
v -3.728389 -1.981797 0.901158
v -0.680391 -1.975293 0.891425
v -3.728389 -1.975293 0.891425
v -0.680391 -1.973008 0.879945
v -3.728389 -1.973008 0.879945
v -0.680391 -1.975293 0.868464
v -3.728389 -1.975293 0.868464
v -0.680391 -1.981797 0.858732
v -3.728389 -1.981797 0.858732
v -0.680391 -1.991523 0.852229
v -3.728389 -1.991523 0.852229
v -0.680391 -2.003008 0.849945
v -3.728389 -2.003008 0.849945
v -0.680391 -2.014492 0.852229
v -3.728389 -2.014492 0.852229
v -0.680391 -2.024219 0.858732
v -3.728389 -2.024219 0.858732
v -0.680391 -2.030723 0.868464
v -3.728389 -2.030723 0.868464
v -3.028389 -0.030107 0.879945
v 0.019609 -0.027822 0.891425
v 0.019609 -0.030107 0.879945
v -3.028389 -0.027822 0.891425
v 0.019609 -0.021318 0.901158
v -3.028389 -0.021318 0.901158
v 0.019609 -0.011592 0.907661
v -3.028389 -0.011592 0.907661
v 0.019609 -0.000107 0.909945
v -3.028389 -0.000107 0.909945
v 0.019609 0.011377 0.907661
v -3.028389 0.011377 0.907661
v 0.019609 0.021104 0.901158
v -3.028389 0.021104 0.901158
v 0.019609 0.027607 0.891425
v -3.028389 0.027607 0.891425
v 0.019609 0.029893 0.879945
v -3.028389 0.029893 0.879945
v 0.019609 0.027607 0.868464
v -3.028389 0.027607 0.868464
v 0.019609 0.021104 0.858732
v -3.028389 0.021104 0.858732
v 0.019609 0.011377 0.852229
v -3.028389 0.011377 0.852229
v 0.019609 -0.000107 0.849945
v -3.028389 -0.000107 0.849945
v 0.019609 -0.011592 0.852229
v -3.028389 -0.011592 0.852229
v 0.019609 -0.021318 0.858732
v -3.028389 -0.021318 0.858732
v 0.019609 -0.027822 0.868464
v -3.028389 -0.027822 0.868464
v -4.028389 1.972793 0.879945
v -0.980391 1.975078 0.891425
v -0.980391 1.972793 0.879945
v -4.028389 1.975078 0.891425
v -0.980391 1.981582 0.901158
v -4.028389 1.981582 0.901158
v -0.980391 1.991309 0.907661
v -4.028389 1.991309 0.907661
v -0.980391 2.002793 0.909945
v -4.028389 2.002793 0.909945
v -0.980391 2.014277 0.907661
v -4.028389 2.014277 0.907661
v -0.980391 2.024004 0.901158
v -4.028389 2.024004 0.901158
v -0.980391 2.030508 0.891425
v -4.028389 2.030508 0.891425
v -0.980391 2.032793 0.879945
v -4.028389 2.032793 0.879945
v -0.980391 2.030508 0.868464
v -4.028389 2.030508 0.868464
v -0.980391 2.024004 0.858732
v -4.028389 2.024004 0.858732
v -0.980391 2.014277 0.852229
v -4.028389 2.014277 0.852229
v -0.980391 2.002793 0.849945
v -4.028389 2.002793 0.849945
v -0.980391 1.991309 0.852229
v -4.028389 1.991309 0.852229
v -0.980391 1.981582 0.858732
v -4.028389 1.981582 0.858732
v -0.980391 1.975078 0.868464
v -4.028389 1.975078 0.868464
v -2.232100 -2.014131 0.891425
v -2.204385 -2.014131 0.879945
v -2.234385 -2.014131 0.879945
v -2.225605 -2.014131 0.901158
v -2.232100 -2.014131 0.868464
v -2.215869 -2.014131 0.907661
v -2.225605 -2.014131 0.858732
v -2.204385 -2.014131 0.909945
v -2.215869 -2.014131 0.852229
v -2.192910 -2.014131 0.907661
v -2.204385 -2.014131 0.849945
v -2.183174 -2.014131 0.901158
v -2.192910 -2.014131 0.852229
v -2.176670 -2.014131 0.891425
v -2.183174 -2.014131 0.858732
v -2.174385 -2.014131 0.879945
v -2.176670 -2.014131 0.868464
v -2.234385 0.004131 0.879945
v -2.204385 0.004131 0.879945
v -2.232100 0.004131 0.891425
v -2.232100 0.004131 0.868464
v -2.225605 0.004131 0.901158
v -2.225605 0.004131 0.858732
v -2.215869 0.004131 0.907661
v -2.215869 0.004131 0.852229
v -2.204385 0.004131 0.909945
v -2.204385 0.004131 0.849945
v -2.192910 0.004131 0.907661
v -2.192910 0.004131 0.852229
v -2.183174 0.004131 0.901158
v -2.183174 0.004131 0.858732
v -2.176670 0.004131 0.891425
v -2.176670 0.004131 0.868464
v -2.174385 0.004131 0.879945
v -1.693936 -0.002617 0.891425
v -1.666221 -0.002617 0.879945
v -1.696221 -0.002617 0.879945
v -1.687432 -0.002617 0.901158
v -1.693936 -0.002617 0.868464
v -1.677695 -0.002617 0.907661
v -1.687432 -0.002617 0.858732
v -1.666221 -0.002617 0.909945
v -1.677695 -0.002617 0.852229
v -1.654736 -0.002617 0.907661
v -1.666221 -0.002617 0.849945
v -1.645010 -0.002617 0.901158
v -1.654736 -0.002617 0.852229
v -1.638506 -0.002617 0.891425
v -1.645010 -0.002617 0.858732
v -1.636221 -0.002617 0.879945
v -1.638506 -0.002617 0.868464
v -1.696221 2.015645 0.879945
v -1.666221 2.015645 0.879945
v -1.693936 2.015645 0.891425
v -1.693936 2.015645 0.868464
v -1.687432 2.015645 0.901158
v -1.687432 2.015645 0.858732
v -1.677695 2.015645 0.907661
v -1.677695 2.015645 0.852229
v -1.666221 2.015645 0.909945
v -1.666221 2.015645 0.849945
v -1.654736 2.015645 0.907661
v -1.654736 2.015645 0.852229
v -1.645010 2.015645 0.901158
v -1.645010 2.015645 0.858732
v -1.638506 2.015645 0.891425
v -1.638506 2.015645 0.868464
v -1.636221 2.015645 0.879945
v -0.680391 -2.030723 0.891425
v -0.680391 -2.003008 0.879945
v -0.680391 -2.033008 0.879945
v -0.680391 -2.024219 0.901158
v -0.680391 -2.030723 0.868464
v -0.680391 -2.014492 0.907661
v -0.680391 -2.024219 0.858732
v -0.680391 -2.003008 0.909945
v -0.680391 -2.014492 0.852229
v -0.680391 -1.991523 0.907661
v -0.680391 -2.003008 0.849945
v -0.680391 -1.981797 0.901158
v -0.680391 -1.991523 0.852229
v -0.680391 -1.975293 0.891425
v -0.680391 -1.981797 0.858732
v -0.680391 -1.973008 0.879945
v -0.680391 -1.975293 0.868464
v -3.728389 -2.033008 0.879945
v -3.728389 -2.003008 0.879945
v -3.728389 -2.030723 0.891425
v -3.728389 -2.030723 0.868464
v -3.728389 -2.024219 0.901158
v -3.728389 -2.024219 0.858732
v -3.728389 -2.014492 0.907661
v -3.728389 -2.014492 0.852229
v -3.728389 -2.003008 0.909945
v -3.728389 -2.003008 0.849945
v -3.728389 -1.991523 0.907661
v -3.728389 -1.991523 0.852229
v -3.728389 -1.981797 0.901158
v -3.728389 -1.981797 0.858732
v -3.728389 -1.975293 0.891425
v -3.728389 -1.975293 0.868464
v -3.728389 -1.973008 0.879945
v 0.019609 -0.027822 0.891425
v 0.019609 -0.000107 0.879945
v 0.019609 -0.030107 0.879945
v 0.019609 -0.021318 0.901158
v 0.019609 -0.027822 0.868464
v 0.019609 -0.011592 0.907661
v 0.019609 -0.021318 0.858732
v 0.019609 -0.000107 0.909945
v 0.019609 -0.011592 0.852229
v 0.019609 0.011377 0.907661
v 0.019609 -0.000107 0.849945
v 0.019609 0.021104 0.901158
v 0.019609 0.011377 0.852229
v 0.019609 0.027607 0.891425
v 0.019609 0.021104 0.858732
v 0.019609 0.029893 0.879945
v 0.019609 0.027607 0.868464
v -3.028389 -0.030107 0.879945
v -3.028389 -0.000107 0.879945
v -3.028389 -0.027822 0.891425
v -3.028389 -0.027822 0.868464
v -3.028389 -0.021318 0.901158
v -3.028389 -0.021318 0.858732
v -3.028389 -0.011592 0.907661
v -3.028389 -0.011592 0.852229
v -3.028389 -0.000107 0.909945
v -3.028389 -0.000107 0.849945
v -3.028389 0.011377 0.907661
v -3.028389 0.011377 0.852229
v -3.028389 0.021104 0.901158
v -3.028389 0.021104 0.858732
v -3.028389 0.027607 0.891425
v -3.028389 0.027607 0.868464
v -3.028389 0.029893 0.879945
v -0.980391 1.975078 0.891425
v -0.980391 2.002793 0.879945
v -0.980391 1.972793 0.879945
v -0.980391 1.981582 0.901158
v -0.980391 1.975078 0.868464
v -0.980391 1.991309 0.907661
v -0.980391 1.981582 0.858732
v -0.980391 2.002793 0.909945
v -0.980391 1.991309 0.852229
v -0.980391 2.014277 0.907661
v -0.980391 2.002793 0.849945
v -0.980391 2.024004 0.901158
v -0.980391 2.014277 0.852229
v -0.980391 2.030508 0.891425
v -0.980391 2.024004 0.858732
v -0.980391 2.032793 0.879945
v -0.980391 2.030508 0.868464
v -4.028389 1.972793 0.879945
v -4.028389 2.002793 0.879945
v -4.028389 1.975078 0.891425
v -4.028389 1.975078 0.868464
v -4.028389 1.981582 0.901158
v -4.028389 1.981582 0.858732
v -4.028389 1.991309 0.907661
v -4.028389 1.991309 0.852229
v -4.028389 2.002793 0.909945
v -4.028389 2.002793 0.849945
v -4.028389 2.014277 0.907661
v -4.028389 2.014277 0.852229
v -4.028389 2.024004 0.901158
v -4.028389 2.024004 0.858732
v -4.028389 2.030508 0.891425
v -4.028389 2.030508 0.868464
v -4.028389 2.032793 0.879945
vt 0.206177 0.999969
vt 0.193237 0.000000
vt 0.206177 0.000000
vt 0.193237 0.999969
vt 0.180420 0.000000
vt 0.180420 0.999969
vt 0.167480 0.000000
vt 0.167480 0.999969
vt 0.154663 0.000000
vt 0.154663 0.999969
vt 0.141724 0.000000
vt 0.141724 0.999969
vt 0.128784 0.000000
vt 0.128784 0.999969
vt 0.115967 0.000000
vt 0.115967 0.999969
vt 0.103088 0.000000
vt 0.103088 0.999969
vt 0.090210 0.000000
vt 0.090210 0.999969
vt 0.077332 0.000000
vt 0.077332 0.999969
vt 0.064392 0.000000
vt 0.064392 0.999969
vt 0.051544 0.000000
vt 0.051544 0.999969
vt 0.038666 0.000000
vt 0.038666 0.999969
vt 0.025772 0.000000
vt 0.025772 0.999969
vt 0.012886 0.000000
vt 0.012886 0.999969
vt 0.000031 0.000000
vt 0.000031 0.999969
vt 0.206177 0.999969
vt 0.193237 0.000000
vt 0.206177 0.000000
vt 0.193237 0.999969
vt 0.180420 0.000000
vt 0.180420 0.999969
vt 0.167480 0.000000
vt 0.167480 0.999969
vt 0.154663 0.000000
vt 0.154663 0.999969
vt 0.141724 0.000000
vt 0.141724 0.999969
vt 0.128784 0.000000
vt 0.128784 0.999969
vt 0.115967 0.000000
vt 0.115967 0.999969
vt 0.103088 0.000000
vt 0.103088 0.999969
vt 0.090210 0.000000
vt 0.090210 0.999969
vt 0.077332 0.000000
vt 0.077332 0.999969
vt 0.064392 0.000000
vt 0.064392 0.999969
vt 0.051544 0.000000
vt 0.051544 0.999969
vt 0.038666 0.000000
vt 0.038666 0.999969
vt 0.025772 0.000000
vt 0.025772 0.999969
vt 0.012886 0.000000
vt 0.012886 0.999969
vt 0.000031 0.000000
vt 0.000031 0.999969
vt 0.206177 0.999969
vt 0.193237 0.000000
vt 0.206177 0.000000
vt 0.193237 0.999969
vt 0.180420 0.000000
vt 0.180420 0.999969
vt 0.167480 0.000000
vt 0.167480 0.999969
vt 0.154663 0.000000
vt 0.154663 0.999969
vt 0.141724 0.000000
vt 0.141724 0.999969
vt 0.128784 0.000000
vt 0.128784 0.999969
vt 0.115967 0.000000
vt 0.115967 0.999969
vt 0.103088 0.000000
vt 0.103088 0.999969
vt 0.090210 0.000000
vt 0.090210 0.999969
vt 0.077332 0.000000
vt 0.077332 0.999969
vt 0.064392 0.000000
vt 0.064392 0.999969
vt 0.051544 0.000000
vt 0.051544 0.999969
vt 0.038666 0.000000
vt 0.038666 0.999969
vt 0.025772 0.000000
vt 0.025772 0.999969
vt 0.012886 0.000000
vt 0.012886 0.999969
vt 0.000031 0.000000
vt 0.000031 0.999969
vt 0.206177 0.999969
vt 0.193237 0.000000
vt 0.206177 0.000000
vt 0.193237 0.999969
vt 0.180420 0.000000
vt 0.180420 0.999969
vt 0.167480 0.000000
vt 0.167480 0.999969
vt 0.154663 0.000000
vt 0.154663 0.999969
vt 0.141724 0.000000
vt 0.141724 0.999969
vt 0.128784 0.000000
vt 0.128784 0.999969
vt 0.115967 0.000000
vt 0.115967 0.999969
vt 0.103088 0.000000
vt 0.103088 0.999969
vt 0.090210 0.000000
vt 0.090210 0.999969
vt 0.077332 0.000000
vt 0.077332 0.999969
vt 0.064392 0.000000
vt 0.064392 0.999969
vt 0.051544 0.000000
vt 0.051544 0.999969
vt 0.038666 0.000000
vt 0.038666 0.999969
vt 0.025772 0.000000
vt 0.025772 0.999969
vt 0.012886 0.000000
vt 0.012886 0.999969
vt 0.000031 0.000000
vt 0.000031 0.999969
vt 0.206177 0.999969
vt 0.193237 0.000000
vt 0.206177 0.000000
vt 0.193237 0.999969
vt 0.180420 0.000000
vt 0.180420 0.999969
vt 0.167480 0.000000
vt 0.167480 0.999969
vt 0.154663 0.000000
vt 0.154663 0.999969
vt 0.141724 0.000000
vt 0.141724 0.999969
vt 0.128784 0.000000
vt 0.128784 0.999969
vt 0.115967 0.000000
vt 0.115967 0.999969
vt 0.103088 0.000000
vt 0.103088 0.999969
vt 0.090210 0.000000
vt 0.090210 0.999969
vt 0.077332 0.000000
vt 0.077332 0.999969
vt 0.064392 0.000000
vt 0.064392 0.999969
vt 0.051544 0.000000
vt 0.051544 0.999969
vt 0.038666 0.000000
vt 0.038666 0.999969
vt 0.025772 0.000000
vt 0.025772 0.999969
vt 0.012886 0.000000
vt 0.012886 0.999969
vt 0.000031 0.000000
vt 0.000031 0.999969
vt 0.206177 0.999969
vt 0.193237 0.000000
vt 0.206177 0.000000
vt 0.193237 0.999969
vt 0.180420 0.000000
vt 0.180420 0.999969
vt 0.167480 0.000000
vt 0.167480 0.999969
vt 0.154663 0.000000
vt 0.154663 0.999969
vt 0.141724 0.000000
vt 0.141724 0.999969
vt 0.128784 0.000000
vt 0.128784 0.999969
vt 0.115967 0.000000
vt 0.115967 0.999969
vt 0.103088 0.000000
vt 0.103088 0.999969
vt 0.090210 0.000000
vt 0.090210 0.999969
vt 0.077332 0.000000
vt 0.077332 0.999969
vt 0.064392 0.000000
vt 0.064392 0.999969
vt 0.051544 0.000000
vt 0.051544 0.999969
vt 0.038666 0.000000
vt 0.038666 0.999969
vt 0.025772 0.000000
vt 0.025772 0.999969
vt 0.012886 0.000000
vt 0.012886 0.999969
vt 0.000031 0.000000
vt 0.000031 0.999969
vt 0.063110 0.954651
vt 0.032806 0.967194
vt 0.065613 0.967194
vt 0.056000 0.944000
vt 0.063110 0.979752
vt 0.045349 0.936890
vt 0.056000 0.990387
vt 0.032806 0.934387
vt 0.045349 0.997503
vt 0.020248 0.936890
vt 0.032806 0.999969
vt 0.009613 0.944000
vt 0.020248 0.997503
vt 0.002497 0.954651
vt 0.009613 0.990387
vt 0.000031 0.967194
vt 0.002497 0.979752
vt 0.065613 0.967194
vt 0.032806 0.967194
vt 0.063110 0.954651
vt 0.063110 0.979752
vt 0.056000 0.944000
vt 0.056000 0.990387
vt 0.045349 0.936890
vt 0.045349 0.997503
vt 0.032806 0.934387
vt 0.032806 0.999969
vt 0.020248 0.936890
vt 0.020248 0.997503
vt 0.009613 0.944000
vt 0.009613 0.990387
vt 0.002497 0.954651
vt 0.002497 0.979752
vt 0.000031 0.967194
vt 0.063110 0.954651
vt 0.032806 0.967194
vt 0.065613 0.967194
vt 0.056000 0.944000
vt 0.063110 0.979752
vt 0.045349 0.936890
vt 0.056000 0.990387
vt 0.032806 0.934387
vt 0.045349 0.997503
vt 0.020248 0.936890
vt 0.032806 0.999969
vt 0.009613 0.944000
vt 0.020248 0.997503
vt 0.002497 0.954651
vt 0.009613 0.990387
vt 0.000031 0.967194
vt 0.002497 0.979752
vt 0.065613 0.967194
vt 0.032806 0.967194
vt 0.063110 0.954651
vt 0.063110 0.979752
vt 0.056000 0.944000
vt 0.056000 0.990387
vt 0.045349 0.936890
vt 0.045349 0.997503
vt 0.032806 0.934387
vt 0.032806 0.999969
vt 0.020248 0.936890
vt 0.020248 0.997503
vt 0.009613 0.944000
vt 0.009613 0.990387
vt 0.002497 0.954651
vt 0.002497 0.979752
vt 0.000031 0.967194
vt 0.063110 0.954651
vt 0.032806 0.967194
vt 0.065613 0.967194
vt 0.056000 0.944000
vt 0.063110 0.979752
vt 0.045349 0.936890
vt 0.056000 0.990387
vt 0.032806 0.934387
vt 0.045349 0.997503
vt 0.020248 0.936890
vt 0.032806 0.999969
vt 0.009613 0.944000
vt 0.020248 0.997503
vt 0.002497 0.954651
vt 0.009613 0.990387
vt 0.000031 0.967194
vt 0.002497 0.979752
vt 0.065613 0.967194
vt 0.032806 0.967194
vt 0.063110 0.954651
vt 0.063110 0.979752
vt 0.056000 0.944000
vt 0.056000 0.990387
vt 0.045349 0.936890
vt 0.045349 0.997503
vt 0.032806 0.934387
vt 0.032806 0.999969
vt 0.020248 0.936890
vt 0.020248 0.997503
vt 0.009613 0.944000
vt 0.009613 0.990387
vt 0.002497 0.954651
vt 0.002497 0.979752
vt 0.000031 0.967194
vt 0.063110 0.954651
vt 0.032806 0.967194
vt 0.065613 0.967194
vt 0.056000 0.944000
vt 0.063110 0.979752
vt 0.045349 0.936890
vt 0.056000 0.990387
vt 0.032806 0.934387
vt 0.045349 0.997503
vt 0.020248 0.936890
vt 0.032806 0.999969
vt 0.009613 0.944000
vt 0.020248 0.997503
vt 0.002497 0.954651
vt 0.009613 0.990387
vt 0.000031 0.967194
vt 0.002497 0.979752
vt 0.065613 0.967194
vt 0.032806 0.967194
vt 0.063110 0.954651
vt 0.063110 0.979752
vt 0.056000 0.944000
vt 0.056000 0.990387
vt 0.045349 0.936890
vt 0.045349 0.997503
vt 0.032806 0.934387
vt 0.032806 0.999969
vt 0.020248 0.936890
vt 0.020248 0.997503
vt 0.009613 0.944000
vt 0.009613 0.990387
vt 0.002497 0.954651
vt 0.002497 0.979752
vt 0.000031 0.967194
vt 0.063110 0.954651
vt 0.032806 0.967194
vt 0.065613 0.967194
vt 0.056000 0.944000
vt 0.063110 0.979752
vt 0.045349 0.936890
vt 0.056000 0.990387
vt 0.032806 0.934387
vt 0.045349 0.997503
vt 0.020248 0.936890
vt 0.032806 0.999969
vt 0.009613 0.944000
vt 0.020248 0.997503
vt 0.002497 0.954651
vt 0.009613 0.990387
vt 0.000031 0.967194
vt 0.002497 0.979752
vt 0.065613 0.967194
vt 0.032806 0.967194
vt 0.063110 0.954651
vt 0.063110 0.979752
vt 0.056000 0.944000
vt 0.056000 0.990387
vt 0.045349 0.936890
vt 0.045349 0.997503
vt 0.032806 0.934387
vt 0.032806 0.999969
vt 0.020248 0.936890
vt 0.020248 0.997503
vt 0.009613 0.944000
vt 0.009613 0.990387
vt 0.002497 0.954651
vt 0.002497 0.979752
vt 0.000031 0.967194
vt 0.063110 0.954651
vt 0.032806 0.967194
vt 0.065613 0.967194
vt 0.056000 0.944000
vt 0.063110 0.979752
vt 0.045349 0.936890
vt 0.056000 0.990387
vt 0.032806 0.934387
vt 0.045349 0.997503
vt 0.020248 0.936890
vt 0.032806 0.999969
vt 0.009613 0.944000
vt 0.020248 0.997503
vt 0.002497 0.954651
vt 0.009613 0.990387
vt 0.000031 0.967194
vt 0.002497 0.979752
vt 0.065613 0.967194
vt 0.032806 0.967194
vt 0.063110 0.954651
vt 0.063110 0.979752
vt 0.056000 0.944000
vt 0.056000 0.990387
vt 0.045349 0.936890
vt 0.045349 0.997503
vt 0.032806 0.934387
vt 0.032806 0.999969
vt 0.020248 0.936890
vt 0.020248 0.997503
vt 0.009613 0.944000
vt 0.009613 0.990387
vt 0.002497 0.954651
vt 0.002497 0.979752
vt 0.000031 0.967194
vt 0.206177 0.999969
vt 0.193237 0.000000
vt 0.206177 0.000000
vt 0.193237 0.999969
vt 0.180420 0.000000
vt 0.180420 0.999969
vt 0.167480 0.000000
vt 0.167480 0.999969
vt 0.154663 0.000000
vt 0.154663 0.999969
vt 0.141724 0.000000
vt 0.141724 0.999969
vt 0.128784 0.000000
vt 0.128784 0.999969
vt 0.115967 0.000000
vt 0.115967 0.999969
vt 0.103088 0.000000
vt 0.103088 0.999969
vt 0.090210 0.000000
vt 0.090210 0.999969
vt 0.077332 0.000000
vt 0.077332 0.999969
vt 0.064392 0.000000
vt 0.064392 0.999969
vt 0.051544 0.000000
vt 0.051544 0.999969
vt 0.038666 0.000000
vt 0.038666 0.999969
vt 0.025772 0.000000
vt 0.025772 0.999969
vt 0.012886 0.000000
vt 0.012886 0.999969
vt 0.000031 0.000000
vt 0.000031 0.999969
vt 0.206177 0.999969
vt 0.193237 0.000000
vt 0.206177 0.000000
vt 0.193237 0.999969
vt 0.180420 0.000000
vt 0.180420 0.999969
vt 0.167480 0.000000
vt 0.167480 0.999969
vt 0.154663 0.000000
vt 0.154663 0.999969
vt 0.141724 0.000000
vt 0.141724 0.999969
vt 0.128784 0.000000
vt 0.128784 0.999969
vt 0.115967 0.000000
vt 0.115967 0.999969
vt 0.103088 0.000000
vt 0.103088 0.999969
vt 0.090210 0.000000
vt 0.090210 0.999969
vt 0.077332 0.000000
vt 0.077332 0.999969
vt 0.064392 0.000000
vt 0.064392 0.999969
vt 0.051544 0.000000
vt 0.051544 0.999969
vt 0.038666 0.000000
vt 0.038666 0.999969
vt 0.025772 0.000000
vt 0.025772 0.999969
vt 0.012886 0.000000
vt 0.012886 0.999969
vt 0.000031 0.000000
vt 0.000031 0.999969
vt 0.206177 0.999969
vt 0.193237 0.000000
vt 0.206177 0.000000
vt 0.193237 0.999969
vt 0.180420 0.000000
vt 0.180420 0.999969
vt 0.167480 0.000000
vt 0.167480 0.999969
vt 0.154663 0.000000
vt 0.154663 0.999969
vt 0.141724 0.000000
vt 0.141724 0.999969
vt 0.128784 0.000000
vt 0.128784 0.999969
vt 0.115967 0.000000
vt 0.115967 0.999969
vt 0.103088 0.000000
vt 0.103088 0.999969
vt 0.090210 0.000000
vt 0.090210 0.999969
vt 0.077332 0.000000
vt 0.077332 0.999969
vt 0.064392 0.000000
vt 0.064392 0.999969
vt 0.051544 0.000000
vt 0.051544 0.999969
vt 0.038666 0.000000
vt 0.038666 0.999969
vt 0.025772 0.000000
vt 0.025772 0.999969
vt 0.012886 0.000000
vt 0.012886 0.999969
vt 0.000031 0.000000
vt 0.000031 0.999969
vt 0.063110 0.954651
vt 0.032806 0.967194
vt 0.065613 0.967194
vt 0.056000 0.944000
vt 0.063110 0.979752
vt 0.045349 0.936890
vt 0.056000 0.990387
vt 0.032806 0.934387
vt 0.045349 0.997503
vt 0.020248 0.936890
vt 0.032806 0.999969
vt 0.009613 0.944000
vt 0.020248 0.997503
vt 0.002497 0.954651
vt 0.009613 0.990387
vt 0.000031 0.967194
vt 0.002497 0.979752
vt 0.065613 0.967194
vt 0.032806 0.967194
vt 0.063110 0.954651
vt 0.063110 0.979752
vt 0.056000 0.944000
vt 0.056000 0.990387
vt 0.045349 0.936890
vt 0.045349 0.997503
vt 0.032806 0.934387
vt 0.032806 0.999969
vt 0.020248 0.936890
vt 0.020248 0.997503
vt 0.009613 0.944000
vt 0.009613 0.990387
vt 0.002497 0.954651
vt 0.002497 0.979752
vt 0.000031 0.967194
vt 0.063110 0.954651
vt 0.032806 0.967194
vt 0.065613 0.967194
vt 0.056000 0.944000
vt 0.063110 0.979752
vt 0.045349 0.936890
vt 0.056000 0.990387
vt 0.032806 0.934387
vt 0.045349 0.997503
vt 0.020248 0.936890
vt 0.032806 0.999969
vt 0.009613 0.944000
vt 0.020248 0.997503
vt 0.002497 0.954651
vt 0.009613 0.990387
vt 0.000031 0.967194
vt 0.002497 0.979752
vt 0.065613 0.967194
vt 0.032806 0.967194
vt 0.063110 0.954651
vt 0.063110 0.979752
vt 0.056000 0.944000
vt 0.056000 0.990387
vt 0.045349 0.936890
vt 0.045349 0.997503
vt 0.032806 0.934387
vt 0.032806 0.999969
vt 0.020248 0.936890
vt 0.020248 0.997503
vt 0.009613 0.944000
vt 0.009613 0.990387
vt 0.002497 0.954651
vt 0.002497 0.979752
vt 0.000031 0.967194
vt 0.063110 0.954651
vt 0.032806 0.967194
vt 0.065613 0.967194
vt 0.056000 0.944000
vt 0.063110 0.979752
vt 0.045349 0.936890
vt 0.056000 0.990387
vt 0.032806 0.934387
vt 0.045349 0.997503
vt 0.020248 0.936890
vt 0.032806 0.999969
vt 0.009613 0.944000
vt 0.020248 0.997503
vt 0.002497 0.954651
vt 0.009613 0.990387
vt 0.000031 0.967194
vt 0.002497 0.979752
vt 0.065613 0.967194
vt 0.032806 0.967194
vt 0.063110 0.954651
vt 0.063110 0.979752
vt 0.056000 0.944000
vt 0.056000 0.990387
vt 0.045349 0.936890
vt 0.045349 0.997503
vt 0.032806 0.934387
vt 0.032806 0.999969
vt 0.020248 0.936890
vt 0.020248 0.997503
vt 0.009613 0.944000
vt 0.009613 0.990387
vt 0.002497 0.954651
vt 0.002497 0.979752
vt 0.000031 0.967194
vt 0.125610 0.999969
vt 0.117798 0.000000
vt 0.125610 0.000000
vt 0.117798 0.999969
vt 0.109985 0.000000
vt 0.109985 0.999969
vt 0.102112 0.000000
vt 0.102112 0.999969
vt 0.094238 0.000000
vt 0.094238 0.999969
vt 0.086365 0.000000
vt 0.086365 0.999969
vt 0.078552 0.000000
vt 0.078552 0.999969
vt 0.070679 0.000000
vt 0.070679 0.999969
vt 0.062805 0.000000
vt 0.062805 0.999969
vt 0.054993 0.000000
vt 0.054993 0.999969
vt 0.047119 0.000000
vt 0.047119 0.999969
vt 0.039276 0.000000
vt 0.039276 0.999969
vt 0.031403 0.000000
vt 0.031403 0.999969
vt 0.023560 0.000000
vt 0.023560 0.999969
vt 0.015701 0.000000
vt 0.015701 0.999969
vt 0.007851 0.000000
vt 0.007851 0.999969
vt 0.000031 0.000000
vt 0.000031 0.999969
vt 0.125610 0.999969
vt 0.117798 0.000000
vt 0.125610 0.000000
vt 0.117798 0.999969
vt 0.109985 0.000000
vt 0.109985 0.999969
vt 0.102112 0.000000
vt 0.102112 0.999969
vt 0.094238 0.000000
vt 0.094238 0.999969
vt 0.086365 0.000000
vt 0.086365 0.999969
vt 0.078552 0.000000
vt 0.078552 0.999969
vt 0.070679 0.000000
vt 0.070679 0.999969
vt 0.062805 0.000000
vt 0.062805 0.999969
vt 0.054993 0.000000
vt 0.054993 0.999969
vt 0.047119 0.000000
vt 0.047119 0.999969
vt 0.039276 0.000000
vt 0.039276 0.999969
vt 0.031403 0.000000
vt 0.031403 0.999969
vt 0.023560 0.000000
vt 0.023560 0.999969
vt 0.015701 0.000000
vt 0.015701 0.999969
vt 0.007851 0.000000
vt 0.007851 0.999969
vt 0.000031 0.000000
vt 0.000031 0.999969
vt 0.125610 0.999969
vt 0.117798 0.000000
vt 0.125610 0.000000
vt 0.117798 0.999969
vt 0.109985 0.000000
vt 0.109985 0.999969
vt 0.102112 0.000000
vt 0.102112 0.999969
vt 0.094238 0.000000
vt 0.094238 0.999969
vt 0.086365 0.000000
vt 0.086365 0.999969
vt 0.078552 0.000000
vt 0.078552 0.999969
vt 0.070679 0.000000
vt 0.070679 0.999969
vt 0.062805 0.000000
vt 0.062805 0.999969
vt 0.054993 0.000000
vt 0.054993 0.999969
vt 0.047119 0.000000
vt 0.047119 0.999969
vt 0.039276 0.000000
vt 0.039276 0.999969
vt 0.031403 0.000000
vt 0.031403 0.999969
vt 0.023560 0.000000
vt 0.023560 0.999969
vt 0.015701 0.000000
vt 0.015701 0.999969
vt 0.007851 0.000000
vt 0.007851 0.999969
vt 0.000031 0.000000
vt 0.000031 0.999969
vt 0.125610 0.999969
vt 0.117798 0.000000
vt 0.125610 0.000000
vt 0.117798 0.999969
vt 0.109985 0.000000
vt 0.109985 0.999969
vt 0.102112 0.000000
vt 0.102112 0.999969
vt 0.094238 0.000000
vt 0.094238 0.999969
vt 0.086365 0.000000
vt 0.086365 0.999969
vt 0.078552 0.000000
vt 0.078552 0.999969
vt 0.070679 0.000000
vt 0.070679 0.999969
vt 0.062805 0.000000
vt 0.062805 0.999969
vt 0.054993 0.000000
vt 0.054993 0.999969
vt 0.047119 0.000000
vt 0.047119 0.999969
vt 0.039276 0.000000
vt 0.039276 0.999969
vt 0.031403 0.000000
vt 0.031403 0.999969
vt 0.023560 0.000000
vt 0.023560 0.999969
vt 0.015701 0.000000
vt 0.015701 0.999969
vt 0.007851 0.000000
vt 0.007851 0.999969
vt 0.000031 0.000000
vt 0.000031 0.999969
vt 0.125610 0.999969
vt 0.117798 0.000000
vt 0.125610 0.000000
vt 0.117798 0.999969
vt 0.109985 0.000000
vt 0.109985 0.999969
vt 0.102112 0.000000
vt 0.102112 0.999969
vt 0.094238 0.000000
vt 0.094238 0.999969
vt 0.086365 0.000000
vt 0.086365 0.999969
vt 0.078552 0.000000
vt 0.078552 0.999969
vt 0.070679 0.000000
vt 0.070679 0.999969
vt 0.062805 0.000000
vt 0.062805 0.999969
vt 0.054993 0.000000
vt 0.054993 0.999969
vt 0.047119 0.000000
vt 0.047119 0.999969
vt 0.039276 0.000000
vt 0.039276 0.999969
vt 0.031403 0.000000
vt 0.031403 0.999969
vt 0.023560 0.000000
vt 0.023560 0.999969
vt 0.015701 0.000000
vt 0.015701 0.999969
vt 0.007851 0.000000
vt 0.007851 0.999969
vt 0.000031 0.000000
vt 0.000031 0.999969
vt 0.125610 0.999969
vt 0.117798 0.000000
vt 0.125610 0.000000
vt 0.117798 0.999969
vt 0.109985 0.000000
vt 0.109985 0.999969
vt 0.102112 0.000000
vt 0.102112 0.999969
vt 0.094238 0.000000
vt 0.094238 0.999969
vt 0.086365 0.000000
vt 0.086365 0.999969
vt 0.078552 0.000000
vt 0.078552 0.999969
vt 0.070679 0.000000
vt 0.070679 0.999969
vt 0.062805 0.000000
vt 0.062805 0.999969
vt 0.054993 0.000000
vt 0.054993 0.999969
vt 0.047119 0.000000
vt 0.047119 0.999969
vt 0.039276 0.000000
vt 0.039276 0.999969
vt 0.031403 0.000000
vt 0.031403 0.999969
vt 0.023560 0.000000
vt 0.023560 0.999969
vt 0.015701 0.000000
vt 0.015701 0.999969
vt 0.007851 0.000000
vt 0.007851 0.999969
vt 0.000031 0.000000
vt 0.000031 0.999969
vt 0.125610 0.999969
vt 0.117798 0.000000
vt 0.125610 0.000000
vt 0.117798 0.999969
vt 0.109985 0.000000
vt 0.109985 0.999969
vt 0.102112 0.000000
vt 0.102112 0.999969
vt 0.094238 0.000000
vt 0.094238 0.999969
vt 0.086365 0.000000
vt 0.086365 0.999969
vt 0.078552 0.000000
vt 0.078552 0.999969
vt 0.070679 0.000000
vt 0.070679 0.999969
vt 0.062805 0.000000
vt 0.062805 0.999969
vt 0.054993 0.000000
vt 0.054993 0.999969
vt 0.047119 0.000000
vt 0.047119 0.999969
vt 0.039276 0.000000
vt 0.039276 0.999969
vt 0.031403 0.000000
vt 0.031403 0.999969
vt 0.023560 0.000000
vt 0.023560 0.999969
vt 0.015701 0.000000
vt 0.015701 0.999969
vt 0.007851 0.000000
vt 0.007851 0.999969
vt 0.000031 0.000000
vt 0.000031 0.999969
vt 0.125610 0.999969
vt 0.117798 0.000000
vt 0.125610 0.000000
vt 0.117798 0.999969
vt 0.109985 0.000000
vt 0.109985 0.999969
vt 0.102112 0.000000
vt 0.102112 0.999969
vt 0.094238 0.000000
vt 0.094238 0.999969
vt 0.086365 0.000000
vt 0.086365 0.999969
vt 0.078552 0.000000
vt 0.078552 0.999969
vt 0.070679 0.000000
vt 0.070679 0.999969
vt 0.062805 0.000000
vt 0.062805 0.999969
vt 0.054993 0.000000
vt 0.054993 0.999969
vt 0.047119 0.000000
vt 0.047119 0.999969
vt 0.039276 0.000000
vt 0.039276 0.999969
vt 0.031403 0.000000
vt 0.031403 0.999969
vt 0.023560 0.000000
vt 0.023560 0.999969
vt 0.015701 0.000000
vt 0.015701 0.999969
vt 0.007851 0.000000
vt 0.007851 0.999969
vt 0.000031 0.000000
vt 0.000031 0.999969
vt 0.125610 0.999969
vt 0.117798 0.000000
vt 0.125610 0.000000
vt 0.117798 0.999969
vt 0.109985 0.000000
vt 0.109985 0.999969
vt 0.102112 0.000000
vt 0.102112 0.999969
vt 0.094238 0.000000
vt 0.094238 0.999969
vt 0.086365 0.000000
vt 0.086365 0.999969
vt 0.078552 0.000000
vt 0.078552 0.999969
vt 0.070679 0.000000
vt 0.070679 0.999969
vt 0.062805 0.000000
vt 0.062805 0.999969
vt 0.054993 0.000000
vt 0.054993 0.999969
vt 0.047119 0.000000
vt 0.047119 0.999969
vt 0.039276 0.000000
vt 0.039276 0.999969
vt 0.031403 0.000000
vt 0.031403 0.999969
vt 0.023560 0.000000
vt 0.023560 0.999969
vt 0.015701 0.000000
vt 0.015701 0.999969
vt 0.007851 0.000000
vt 0.007851 0.999969
vt 0.000031 0.000000
vt 0.000031 0.999969
vt 0.038483 0.972351
vt 0.020004 0.979996
vt 0.040009 0.979996
vt 0.034149 0.965851
vt 0.038483 0.987656
vt 0.027649 0.961517
vt 0.034149 0.994141
vt 0.020004 0.959991
vt 0.027649 0.998478
vt 0.012344 0.961517
vt 0.020004 0.999969
vt 0.005859 0.965851
vt 0.012344 0.998478
vt 0.001522 0.972351
vt 0.005859 0.994141
vt 0.000031 0.979996
vt 0.001522 0.987656
vt 0.040009 0.979996
vt 0.020004 0.979996
vt 0.038483 0.972351
vt 0.038483 0.987656
vt 0.034149 0.965851
vt 0.034149 0.994141
vt 0.027649 0.961517
vt 0.027649 0.998478
vt 0.020004 0.959991
vt 0.020004 0.999969
vt 0.012344 0.961517
vt 0.012344 0.998478
vt 0.005859 0.965851
vt 0.005859 0.994141
vt 0.001522 0.972351
vt 0.001522 0.987656
vt 0.000031 0.979996
vt 0.038483 0.972351
vt 0.020004 0.979996
vt 0.040009 0.979996
vt 0.034149 0.965851
vt 0.038483 0.987656
vt 0.027649 0.961517
vt 0.034149 0.994141
vt 0.020004 0.959991
vt 0.027649 0.998478
vt 0.012344 0.961517
vt 0.020004 0.999969
vt 0.005859 0.965851
vt 0.012344 0.998478
vt 0.001522 0.972351
vt 0.005859 0.994141
vt 0.000031 0.979996
vt 0.001522 0.987656
vt 0.040009 0.979996
vt 0.020004 0.979996
vt 0.038483 0.972351
vt 0.038483 0.987656
vt 0.034149 0.965851
vt 0.034149 0.994141
vt 0.027649 0.961517
vt 0.027649 0.998478
vt 0.020004 0.959991
vt 0.020004 0.999969
vt 0.012344 0.961517
vt 0.012344 0.998478
vt 0.005859 0.965851
vt 0.005859 0.994141
vt 0.001522 0.972351
vt 0.001522 0.987656
vt 0.000031 0.979996
vt 0.038483 0.972351
vt 0.020004 0.979996
vt 0.040009 0.979996
vt 0.034149 0.965851
vt 0.038483 0.987656
vt 0.027649 0.961517
vt 0.034149 0.994141
vt 0.020004 0.959991
vt 0.027649 0.998478
vt 0.012344 0.961517
vt 0.020004 0.999969
vt 0.005859 0.965851
vt 0.012344 0.998478
vt 0.001522 0.972351
vt 0.005859 0.994141
vt 0.000031 0.979996
vt 0.001522 0.987656
vt 0.040009 0.979996
vt 0.020004 0.979996
vt 0.038483 0.972351
vt 0.038483 0.987656
vt 0.034149 0.965851
vt 0.034149 0.994141
vt 0.027649 0.961517
vt 0.027649 0.998478
vt 0.020004 0.959991
vt 0.020004 0.999969
vt 0.012344 0.961517
vt 0.012344 0.998478
vt 0.005859 0.965851
vt 0.005859 0.994141
vt 0.001522 0.972351
vt 0.001522 0.987656
vt 0.000031 0.979996
vt 0.038483 0.972351
vt 0.020004 0.979996
vt 0.040009 0.979996
vt 0.034149 0.965851
vt 0.038483 0.987656
vt 0.027649 0.961517
vt 0.034149 0.994141
vt 0.020004 0.959991
vt 0.027649 0.998478
vt 0.012344 0.961517
vt 0.020004 0.999969
vt 0.005859 0.965851
vt 0.012344 0.998478
vt 0.001522 0.972351
vt 0.005859 0.994141
vt 0.000031 0.979996
vt 0.001522 0.987656
vt 0.040009 0.979996
vt 0.020004 0.979996
vt 0.038483 0.972351
vt 0.038483 0.987656
vt 0.034149 0.965851
vt 0.034149 0.994141
vt 0.027649 0.961517
vt 0.027649 0.998478
vt 0.020004 0.959991
vt 0.020004 0.999969
vt 0.012344 0.961517
vt 0.012344 0.998478
vt 0.005859 0.965851
vt 0.005859 0.994141
vt 0.001522 0.972351
vt 0.001522 0.987656
vt 0.000031 0.979996
vt 0.038483 0.972351
vt 0.020004 0.979996
vt 0.040009 0.979996
vt 0.034149 0.965851
vt 0.038483 0.987656
vt 0.027649 0.961517
vt 0.034149 0.994141
vt 0.020004 0.959991
vt 0.027649 0.998478
vt 0.012344 0.961517
vt 0.020004 0.999969
vt 0.005859 0.965851
vt 0.012344 0.998478
vt 0.001522 0.972351
vt 0.005859 0.994141
vt 0.000031 0.979996
vt 0.001522 0.987656
vt 0.040009 0.979996
vt 0.020004 0.979996
vt 0.038483 0.972351
vt 0.038483 0.987656
vt 0.034149 0.965851
vt 0.034149 0.994141
vt 0.027649 0.961517
vt 0.027649 0.998478
vt 0.020004 0.959991
vt 0.020004 0.999969
vt 0.012344 0.961517
vt 0.012344 0.998478
vt 0.005859 0.965851
vt 0.005859 0.994141
vt 0.001522 0.972351
vt 0.001522 0.987656
vt 0.000031 0.979996
vt 0.038483 0.972351
vt 0.020004 0.979996
vt 0.040009 0.979996
vt 0.034149 0.965851
vt 0.038483 0.987656
vt 0.027649 0.961517
vt 0.034149 0.994141
vt 0.020004 0.959991
vt 0.027649 0.998478
vt 0.012344 0.961517
vt 0.020004 0.999969
vt 0.005859 0.965851
vt 0.012344 0.998478
vt 0.001522 0.972351
vt 0.005859 0.994141
vt 0.000031 0.979996
vt 0.001522 0.987656
vt 0.040009 0.979996
vt 0.020004 0.979996
vt 0.038483 0.972351
vt 0.038483 0.987656
vt 0.034149 0.965851
vt 0.034149 0.994141
vt 0.027649 0.961517
vt 0.027649 0.998478
vt 0.020004 0.959991
vt 0.020004 0.999969
vt 0.012344 0.961517
vt 0.012344 0.998478
vt 0.005859 0.965851
vt 0.005859 0.994141
vt 0.001522 0.972351
vt 0.001522 0.987656
vt 0.000031 0.979996
vt 0.038483 0.972351
vt 0.020004 0.979996
vt 0.040009 0.979996
vt 0.034149 0.965851
vt 0.038483 0.987656
vt 0.027649 0.961517
vt 0.034149 0.994141
vt 0.020004 0.959991
vt 0.027649 0.998478
vt 0.012344 0.961517
vt 0.020004 0.999969
vt 0.005859 0.965851
vt 0.012344 0.998478
vt 0.001522 0.972351
vt 0.005859 0.994141
vt 0.000031 0.979996
vt 0.001522 0.987656
vt 0.040009 0.979996
vt 0.020004 0.979996
vt 0.038483 0.972351
vt 0.038483 0.987656
vt 0.034149 0.965851
vt 0.034149 0.994141
vt 0.027649 0.961517
vt 0.027649 0.998478
vt 0.020004 0.959991
vt 0.020004 0.999969
vt 0.012344 0.961517
vt 0.012344 0.998478
vt 0.005859 0.965851
vt 0.005859 0.994141
vt 0.001522 0.972351
vt 0.001522 0.987656
vt 0.000031 0.979996
vt 0.038483 0.972351
vt 0.020004 0.979996
vt 0.040009 0.979996
vt 0.034149 0.965851
vt 0.038483 0.987656
vt 0.027649 0.961517
vt 0.034149 0.994141
vt 0.020004 0.959991
vt 0.027649 0.998478
vt 0.012344 0.961517
vt 0.020004 0.999969
vt 0.005859 0.965851
vt 0.012344 0.998478
vt 0.001522 0.972351
vt 0.005859 0.994141
vt 0.000031 0.979996
vt 0.001522 0.987656
vt 0.040009 0.979996
vt 0.020004 0.979996
vt 0.038483 0.972351
vt 0.038483 0.987656
vt 0.034149 0.965851
vt 0.034149 0.994141
vt 0.027649 0.961517
vt 0.027649 0.998478
vt 0.020004 0.959991
vt 0.020004 0.999969
vt 0.012344 0.961517
vt 0.012344 0.998478
vt 0.005859 0.965851
vt 0.005859 0.994141
vt 0.001522 0.972351
vt 0.001522 0.987656
vt 0.000031 0.979996
vt 0.038483 0.972351
vt 0.020004 0.979996
vt 0.040009 0.979996
vt 0.034149 0.965851
vt 0.038483 0.987656
vt 0.027649 0.961517
vt 0.034149 0.994141
vt 0.020004 0.959991
vt 0.027649 0.998478
vt 0.012344 0.961517
vt 0.020004 0.999969
vt 0.005859 0.965851
vt 0.012344 0.998478
vt 0.001522 0.972351
vt 0.005859 0.994141
vt 0.000031 0.979996
vt 0.001522 0.987656
vt 0.040009 0.979996
vt 0.020004 0.979996
vt 0.038483 0.972351
vt 0.038483 0.987656
vt 0.034149 0.965851
vt 0.034149 0.994141
vt 0.027649 0.961517
vt 0.027649 0.998478
vt 0.020004 0.959991
vt 0.020004 0.999969
vt 0.012344 0.961517
vt 0.012344 0.998478
vt 0.005859 0.965851
vt 0.005859 0.994141
vt 0.001522 0.972351
vt 0.001522 0.987656
vt 0.000031 0.979996
vt 0.123657 0.999969
vt 0.115967 0.000000
vt 0.123657 0.000000
vt 0.115967 0.999969
vt 0.108215 0.000000
vt 0.108215 0.999969
vt 0.100464 0.000000
vt 0.100464 0.999969
vt 0.092773 0.000000
vt 0.092773 0.999969
vt 0.085022 0.000000
vt 0.085022 0.999969
vt 0.077332 0.000000
vt 0.077332 0.999969
vt 0.069580 0.000000
vt 0.069580 0.999969
vt 0.061829 0.000000
vt 0.061829 0.999969
vt 0.054108 0.000000
vt 0.054108 0.999969
vt 0.046387 0.000000
vt 0.046387 0.999969
vt 0.038666 0.000000
vt 0.038666 0.999969
vt 0.030914 0.000000
vt 0.030914 0.999969
vt 0.023193 0.000000
vt 0.023193 0.999969
vt 0.015457 0.000000
vt 0.015457 0.999969
vt 0.007729 0.000000
vt 0.007729 0.999969
vt 0.000031 0.000000
vt 0.000031 0.999969
vt 0.123657 0.999969
vt 0.115967 0.000000
vt 0.123657 0.000000
vt 0.115967 0.999969
vt 0.108215 0.000000
vt 0.108215 0.999969
vt 0.100464 0.000000
vt 0.100464 0.999969
vt 0.092773 0.000000
vt 0.092773 0.999969
vt 0.085022 0.000000
vt 0.085022 0.999969
vt 0.077332 0.000000
vt 0.077332 0.999969
vt 0.069580 0.000000
vt 0.069580 0.999969
vt 0.061829 0.000000
vt 0.061829 0.999969
vt 0.054108 0.000000
vt 0.054108 0.999969
vt 0.046387 0.000000
vt 0.046387 0.999969
vt 0.038666 0.000000
vt 0.038666 0.999969
vt 0.030914 0.000000
vt 0.030914 0.999969
vt 0.023193 0.000000
vt 0.023193 0.999969
vt 0.015457 0.000000
vt 0.015457 0.999969
vt 0.007729 0.000000
vt 0.007729 0.999969
vt 0.000031 0.000000
vt 0.000031 0.999969
vt 0.123657 0.999969
vt 0.115967 0.000000
vt 0.123657 0.000000
vt 0.115967 0.999969
vt 0.108215 0.000000
vt 0.108215 0.999969
vt 0.100464 0.000000
vt 0.100464 0.999969
vt 0.092773 0.000000
vt 0.092773 0.999969
vt 0.085022 0.000000
vt 0.085022 0.999969
vt 0.077332 0.000000
vt 0.077332 0.999969
vt 0.069580 0.000000
vt 0.069580 0.999969
vt 0.061829 0.000000
vt 0.061829 0.999969
vt 0.054108 0.000000
vt 0.054108 0.999969
vt 0.046387 0.000000
vt 0.046387 0.999969
vt 0.038666 0.000000
vt 0.038666 0.999969
vt 0.030914 0.000000
vt 0.030914 0.999969
vt 0.023193 0.000000
vt 0.023193 0.999969
vt 0.015457 0.000000
vt 0.015457 0.999969
vt 0.007729 0.000000
vt 0.007729 0.999969
vt 0.000031 0.000000
vt 0.000031 0.999969
vt 0.123657 0.999969
vt 0.115967 0.000000
vt 0.123657 0.000000
vt 0.115967 0.999969
vt 0.108215 0.000000
vt 0.108215 0.999969
vt 0.100464 0.000000
vt 0.100464 0.999969
vt 0.092773 0.000000
vt 0.092773 0.999969
vt 0.085022 0.000000
vt 0.085022 0.999969
vt 0.077332 0.000000
vt 0.077332 0.999969
vt 0.069580 0.000000
vt 0.069580 0.999969
vt 0.061829 0.000000
vt 0.061829 0.999969
vt 0.054108 0.000000
vt 0.054108 0.999969
vt 0.046387 0.000000
vt 0.046387 0.999969
vt 0.038666 0.000000
vt 0.038666 0.999969
vt 0.030914 0.000000
vt 0.030914 0.999969
vt 0.023193 0.000000
vt 0.023193 0.999969
vt 0.015457 0.000000
vt 0.015457 0.999969
vt 0.007729 0.000000
vt 0.007729 0.999969
vt 0.000031 0.000000
vt 0.000031 0.999969
vt 0.123657 0.999969
vt 0.115967 0.000000
vt 0.123657 0.000000
vt 0.115967 0.999969
vt 0.108215 0.000000
vt 0.108215 0.999969
vt 0.100464 0.000000
vt 0.100464 0.999969
vt 0.092773 0.000000
vt 0.092773 0.999969
vt 0.085022 0.000000
vt 0.085022 0.999969
vt 0.077332 0.000000
vt 0.077332 0.999969
vt 0.069580 0.000000
vt 0.069580 0.999969
vt 0.061829 0.000000
vt 0.061829 0.999969
vt 0.054108 0.000000
vt 0.054108 0.999969
vt 0.046387 0.000000
vt 0.046387 0.999969
vt 0.038666 0.000000
vt 0.038666 0.999969
vt 0.030914 0.000000
vt 0.030914 0.999969
vt 0.023193 0.000000
vt 0.023193 0.999969
vt 0.015457 0.000000
vt 0.015457 0.999969
vt 0.007729 0.000000
vt 0.007729 0.999969
vt 0.000031 0.000000
vt 0.000031 0.999969
vt 0.037872 0.972778
vt 0.019684 0.980316
vt 0.039368 0.980316
vt 0.033600 0.966400
vt 0.037872 0.987846
vt 0.027222 0.962128
vt 0.033600 0.994236
vt 0.019684 0.960632
vt 0.027222 0.998502
vt 0.012154 0.962128
vt 0.019684 0.999969
vt 0.005764 0.966400
vt 0.012154 0.998502
vt 0.001498 0.972778
vt 0.005764 0.994236
vt 0.000031 0.980316
vt 0.001498 0.987846
vt 0.039368 0.980316
vt 0.019684 0.980316
vt 0.037872 0.972778
vt 0.037872 0.987846
vt 0.033600 0.966400
vt 0.033600 0.994236
vt 0.027222 0.962128
vt 0.027222 0.998502
vt 0.019684 0.960632
vt 0.019684 0.999969
vt 0.012154 0.962128
vt 0.012154 0.998502
vt 0.005764 0.966400
vt 0.005764 0.994236
vt 0.001498 0.972778
vt 0.001498 0.987846
vt 0.000031 0.980316
vt 0.037872 0.972778
vt 0.019684 0.980316
vt 0.039368 0.980316
vt 0.033600 0.966400
vt 0.037872 0.987846
vt 0.027222 0.962128
vt 0.033600 0.994236
vt 0.019684 0.960632
vt 0.027222 0.998502
vt 0.012154 0.962128
vt 0.019684 0.999969
vt 0.005764 0.966400
vt 0.012154 0.998502
vt 0.001498 0.972778
vt 0.005764 0.994236
vt 0.000031 0.980316
vt 0.001498 0.987846
vt 0.039368 0.980316
vt 0.019684 0.980316
vt 0.037872 0.972778
vt 0.037872 0.987846
vt 0.033600 0.966400
vt 0.033600 0.994236
vt 0.027222 0.962128
vt 0.027222 0.998502
vt 0.019684 0.960632
vt 0.019684 0.999969
vt 0.012154 0.962128
vt 0.012154 0.998502
vt 0.005764 0.966400
vt 0.005764 0.994236
vt 0.001498 0.972778
vt 0.001498 0.987846
vt 0.000031 0.980316
vt 0.037872 0.972778
vt 0.019684 0.980316
vt 0.039368 0.980316
vt 0.033600 0.966400
vt 0.037872 0.987846
vt 0.027222 0.962128
vt 0.033600 0.994236
vt 0.019684 0.960632
vt 0.027222 0.998502
vt 0.012154 0.962128
vt 0.019684 0.999969
vt 0.005764 0.966400
vt 0.012154 0.998502
vt 0.001498 0.972778
vt 0.005764 0.994236
vt 0.000031 0.980316
vt 0.001498 0.987846
vt 0.039368 0.980316
vt 0.019684 0.980316
vt 0.037872 0.972778
vt 0.037872 0.987846
vt 0.033600 0.966400
vt 0.033600 0.994236
vt 0.027222 0.962128
vt 0.027222 0.998502
vt 0.019684 0.960632
vt 0.019684 0.999969
vt 0.012154 0.962128
vt 0.012154 0.998502
vt 0.005764 0.966400
vt 0.005764 0.994236
vt 0.001498 0.972778
vt 0.001498 0.987846
vt 0.000031 0.980316
vt 0.037872 0.972778
vt 0.019684 0.980316
vt 0.039368 0.980316
vt 0.033600 0.966400
vt 0.037872 0.987846
vt 0.027222 0.962128
vt 0.033600 0.994236
vt 0.019684 0.960632
vt 0.027222 0.998502
vt 0.012154 0.962128
vt 0.019684 0.999969
vt 0.005764 0.966400
vt 0.012154 0.998502
vt 0.001498 0.972778
vt 0.005764 0.994236
vt 0.000031 0.980316
vt 0.001498 0.987846
vt 0.039368 0.980316
vt 0.019684 0.980316
vt 0.037872 0.972778
vt 0.037872 0.987846
vt 0.033600 0.966400
vt 0.033600 0.994236
vt 0.027222 0.962128
vt 0.027222 0.998502
vt 0.019684 0.960632
vt 0.019684 0.999969
vt 0.012154 0.962128
vt 0.012154 0.998502
vt 0.005764 0.966400
vt 0.005764 0.994236
vt 0.001498 0.972778
vt 0.001498 0.987846
vt 0.000031 0.980316
vt 0.037872 0.972778
vt 0.019684 0.980316
vt 0.039368 0.980316
vt 0.033600 0.966400
vt 0.037872 0.987846
vt 0.027222 0.962128
vt 0.033600 0.994236
vt 0.019684 0.960632
vt 0.027222 0.998502
vt 0.012154 0.962128
vt 0.019684 0.999969
vt 0.005764 0.966400
vt 0.012154 0.998502
vt 0.001498 0.972778
vt 0.005764 0.994236
vt 0.000031 0.980316
vt 0.001498 0.987846
vt 0.039368 0.980316
vt 0.019684 0.980316
vt 0.037872 0.972778
vt 0.037872 0.987846
vt 0.033600 0.966400
vt 0.033600 0.994236
vt 0.027222 0.962128
vt 0.027222 0.998502
vt 0.019684 0.960632
vt 0.019684 0.999969
vt 0.012154 0.962128
vt 0.012154 0.998502
vt 0.005764 0.966400
vt 0.005764 0.994236
vt 0.001498 0.972778
vt 0.001498 0.987846
vt 0.000031 0.980316
vn 1.000000 -0.000000 -0.000000
vn 0.922376 -0.386294 -0.000000
vn 1.000000 -0.000000 -0.000000
vn 0.922376 -0.386294 -0.000000
vn 0.707107 -0.707107 -0.000000
vn 0.707107 -0.707107 -0.000000
vn 0.386294 -0.922376 -0.000000
vn 0.386294 -0.922376 -0.000000
vn 0.000000 -1.000000 -0.000000
vn 0.000000 -1.000000 -0.000000
vn -0.386294 -0.922376 -0.000000
vn -0.386294 -0.922376 -0.000000
vn -0.707107 -0.707107 -0.000000
vn -0.707107 -0.707107 -0.000000
vn -0.922376 -0.386294 -0.000000
vn -0.922376 -0.386294 -0.000000
vn -1.000000 -0.000000 -0.000000
vn -1.000000 -0.000000 -0.000000
vn -0.922376 0.386294 -0.000000
vn -0.922376 0.386294 -0.000000
vn -0.707107 0.707107 -0.000000
vn -0.707107 0.707107 -0.000000
vn -0.386294 0.922376 -0.000000
vn -0.386294 0.922376 -0.000000
vn 0.000000 1.000000 -0.000000
vn 0.000000 1.000000 -0.000000
vn 0.386294 0.922376 -0.000000
vn 0.386294 0.922376 -0.000000
vn 0.707107 0.707107 -0.000000
vn 0.707107 0.707107 -0.000000
vn 0.922376 0.386294 -0.000000
vn 0.922376 0.386294 -0.000000
vn 1.000000 -0.000000 -0.000000
vn 0.922376 -0.386294 -0.000000
vn 1.000000 -0.000000 -0.000000
vn 0.922376 -0.386294 -0.000000
vn 0.707107 -0.707107 -0.000000
vn 0.707107 -0.707107 -0.000000
vn 0.386294 -0.922376 -0.000000
vn 0.386294 -0.922376 -0.000000
vn 0.000000 -1.000000 -0.000000
vn 0.000000 -1.000000 -0.000000
vn -0.386294 -0.922376 -0.000000
vn -0.386294 -0.922376 -0.000000
vn -0.707107 -0.707107 -0.000000
vn -0.707107 -0.707107 -0.000000
vn -0.922376 -0.386294 -0.000000
vn -0.922376 -0.386294 -0.000000
vn -1.000000 -0.000000 -0.000000
vn -1.000000 -0.000000 -0.000000
vn -0.922376 0.386294 -0.000000
vn -0.922376 0.386294 -0.000000
vn -0.707107 0.707107 -0.000000
vn -0.707107 0.707107 -0.000000
vn -0.386294 0.922376 -0.000000
vn -0.386294 0.922376 -0.000000
vn 0.000000 1.000000 -0.000000
vn 0.000000 1.000000 -0.000000
vn 0.386294 0.922376 -0.000000
vn 0.386294 0.922376 -0.000000
vn 0.707107 0.707107 -0.000000
vn 0.707107 0.707107 -0.000000
vn 0.922376 0.386294 -0.000000
vn 0.922376 0.386294 -0.000000
vn 1.000000 -0.000000 -0.000000
vn 0.922376 -0.386294 -0.000000
vn 1.000000 -0.000000 -0.000000
vn 0.922376 -0.386294 -0.000000
vn 0.707107 -0.707107 -0.000000
vn 0.707107 -0.707107 -0.000000
vn 0.386294 -0.922376 -0.000000
vn 0.386294 -0.922376 -0.000000
vn 0.000000 -1.000000 -0.000000
vn 0.000000 -1.000000 -0.000000
vn -0.386294 -0.922376 -0.000000
vn -0.386294 -0.922376 -0.000000
vn -0.707107 -0.707107 -0.000000
vn -0.707107 -0.707107 -0.000000
vn -0.922376 -0.386294 -0.000000
vn -0.922376 -0.386294 -0.000000
vn -1.000000 -0.000000 -0.000000
vn -1.000000 -0.000000 -0.000000
vn -0.922376 0.386294 -0.000000
vn -0.922376 0.386294 -0.000000
vn -0.707107 0.707107 -0.000000
vn -0.707107 0.707107 -0.000000
vn -0.386294 0.922376 -0.000000
vn -0.386294 0.922376 -0.000000
vn 0.000000 1.000000 -0.000000
vn 0.000000 1.000000 -0.000000
vn 0.386294 0.922376 -0.000000
vn 0.386294 0.922376 -0.000000
vn 0.707107 0.707107 -0.000000
vn 0.707107 0.707107 -0.000000
vn 0.922376 0.386294 -0.000000
vn 0.922376 0.386294 -0.000000
vn 1.000000 -0.000000 -0.000000
vn 0.922376 -0.386294 -0.000000
vn 1.000000 -0.000000 -0.000000
vn 0.922376 -0.386294 -0.000000
vn 0.707107 -0.707107 -0.000000
vn 0.707107 -0.707107 -0.000000
vn 0.386294 -0.922376 -0.000000
vn 0.386294 -0.922376 -0.000000
vn 0.000000 -1.000000 -0.000000
vn 0.000000 -1.000000 -0.000000
vn -0.386294 -0.922376 -0.000000
vn -0.386294 -0.922376 -0.000000
vn -0.707107 -0.707107 -0.000000
vn -0.707107 -0.707107 -0.000000
vn -0.922376 -0.386294 -0.000000
vn -0.922376 -0.386294 -0.000000
vn -1.000000 -0.000000 -0.000000
vn -1.000000 -0.000000 -0.000000
vn -0.922376 0.386294 -0.000000
vn -0.922376 0.386294 -0.000000
vn -0.707107 0.707107 -0.000000
vn -0.707107 0.707107 -0.000000
vn -0.386294 0.922376 -0.000000
vn -0.386294 0.922376 -0.000000
vn 0.000000 1.000000 -0.000000
vn 0.000000 1.000000 -0.000000
vn 0.386294 0.922376 -0.000000
vn 0.386294 0.922376 -0.000000
vn 0.707107 0.707107 -0.000000
vn 0.707107 0.707107 -0.000000
vn 0.922376 0.386294 -0.000000
vn 0.922376 0.386294 -0.000000
vn 1.000000 -0.000000 -0.000000
vn 0.922376 -0.386294 -0.000000
vn 1.000000 -0.000000 -0.000000
vn 0.922376 -0.386294 -0.000000
vn 0.707107 -0.707107 -0.000000
vn 0.707107 -0.707107 -0.000000
vn 0.386294 -0.922376 -0.000000
vn 0.386294 -0.922376 -0.000000
vn 0.000000 -1.000000 -0.000000
vn 0.000000 -1.000000 -0.000000
vn -0.386294 -0.922376 -0.000000
vn -0.386294 -0.922376 -0.000000
vn -0.707107 -0.707107 -0.000000
vn -0.707107 -0.707107 -0.000000
vn -0.922376 -0.386294 -0.000000
vn -0.922376 -0.386294 -0.000000
vn -1.000000 -0.000000 -0.000000
vn -1.000000 -0.000000 -0.000000
vn -0.922376 0.386294 -0.000000
vn -0.922376 0.386294 -0.000000
vn -0.707107 0.707107 -0.000000
vn -0.707107 0.707107 -0.000000
vn -0.386294 0.922376 -0.000000
vn -0.386294 0.922376 -0.000000
vn 0.000000 1.000000 -0.000000
vn 0.000000 1.000000 -0.000000
vn 0.386294 0.922376 -0.000000
vn 0.386294 0.922376 -0.000000
vn 0.707107 0.707107 -0.000000
vn 0.707107 0.707107 -0.000000
vn 0.922376 0.386294 -0.000000
vn 0.922376 0.386294 -0.000000
vn 1.000000 -0.000000 -0.000000
vn 0.922376 -0.386294 -0.000000
vn 1.000000 -0.000000 -0.000000
vn 0.922376 -0.386294 -0.000000
vn 0.707107 -0.707107 -0.000000
vn 0.707107 -0.707107 -0.000000
vn 0.386294 -0.922376 -0.000000
vn 0.386294 -0.922376 -0.000000
vn 0.000000 -1.000000 -0.000000
vn 0.000000 -1.000000 -0.000000
vn -0.386294 -0.922376 -0.000000
vn -0.386294 -0.922376 -0.000000
vn -0.707107 -0.707107 -0.000000
vn -0.707107 -0.707107 -0.000000
vn -0.922376 -0.386294 -0.000000
vn -0.922376 -0.386294 -0.000000
vn -1.000000 -0.000000 -0.000000
vn -1.000000 -0.000000 -0.000000
vn -0.922376 0.386294 -0.000000
vn -0.922376 0.386294 -0.000000
vn -0.707107 0.707107 -0.000000
vn -0.707107 0.707107 -0.000000
vn -0.386294 0.922376 -0.000000
vn -0.386294 0.922376 -0.000000
vn 0.000000 1.000000 -0.000000
vn 0.000000 1.000000 -0.000000
vn 0.386294 0.922376 -0.000000
vn 0.386294 0.922376 -0.000000
vn 0.707107 0.707107 -0.000000
vn 0.707107 0.707107 -0.000000
vn 0.922376 0.386294 -0.000000
vn 0.922376 0.386294 -0.000000
vn 0.000000 -0.000000 1.000000
vn 0.000000 -0.000000 1.000000
vn 0.000000 -0.000000 1.000000
vn 0.000000 -0.000000 1.000000
vn 0.000000 -0.000000 1.000000
vn 0.000000 -0.000000 1.000000
vn 0.000000 -0.000000 1.000000
vn 0.000000 -0.000000 1.000000
vn 0.000000 -0.000000 1.000000
vn 0.000000 -0.000000 1.000000
vn 0.000000 -0.000000 1.000000
vn 0.000000 -0.000000 1.000000
vn 0.000000 -0.000000 1.000000
vn 0.000000 -0.000000 1.000000
vn 0.000000 -0.000000 1.000000
vn 0.000000 -0.000000 1.000000
vn 0.000000 -0.000000 1.000000
vn 0.000000 -0.000000 -1.000000
vn 0.000000 -0.000000 -1.000000
vn 0.000000 -0.000000 -1.000000
vn 0.000000 -0.000000 -1.000000
vn 0.000000 -0.000000 -1.000000
vn 0.000000 -0.000000 -1.000000
vn 0.000000 -0.000000 -1.000000
vn 0.000000 -0.000000 -1.000000
vn 0.000000 -0.000000 -1.000000
vn 0.000000 -0.000000 -1.000000
vn 0.000000 -0.000000 -1.000000
vn 0.000000 -0.000000 -1.000000
vn 0.000000 -0.000000 -1.000000
vn 0.000000 -0.000000 -1.000000
vn 0.000000 -0.000000 -1.000000
vn 0.000000 -0.000000 -1.000000
vn 0.000000 -0.000000 -1.000000
vn 0.000000 -0.000000 1.000000
vn 0.000000 -0.000000 1.000000
vn 0.000000 -0.000000 1.000000
vn 0.000000 -0.000000 1.000000
vn 0.000000 -0.000000 1.000000
vn 0.000000 -0.000000 1.000000
vn 0.000000 -0.000000 1.000000
vn 0.000000 -0.000000 1.000000
vn 0.000000 -0.000000 1.000000
vn 0.000000 -0.000000 1.000000
vn 0.000000 -0.000000 1.000000
vn 0.000000 -0.000000 1.000000
vn 0.000000 -0.000000 1.000000
vn 0.000000 -0.000000 1.000000
vn 0.000000 -0.000000 1.000000
vn 0.000000 -0.000000 1.000000
vn 0.000000 -0.000000 1.000000
vn 0.000000 -0.000000 -1.000000
vn 0.000000 -0.000000 -1.000000
vn 0.000000 -0.000000 -1.000000
vn 0.000000 -0.000000 -1.000000
vn 0.000000 -0.000000 -1.000000
vn 0.000000 -0.000000 -1.000000
vn 0.000000 -0.000000 -1.000000
vn 0.000000 -0.000000 -1.000000
vn 0.000000 -0.000000 -1.000000
vn 0.000000 -0.000000 -1.000000
vn 0.000000 -0.000000 -1.000000
vn 0.000000 -0.000000 -1.000000
vn 0.000000 -0.000000 -1.000000
vn 0.000000 -0.000000 -1.000000
vn 0.000000 -0.000000 -1.000000
vn 0.000000 -0.000000 -1.000000
vn 0.000000 -0.000000 -1.000000
vn 0.000000 -0.000000 1.000000
vn 0.000000 -0.000000 1.000000
vn 0.000000 -0.000000 1.000000
vn 0.000000 -0.000000 1.000000
vn 0.000000 -0.000000 1.000000
vn 0.000000 -0.000000 1.000000
vn 0.000000 -0.000000 1.000000
vn 0.000000 -0.000000 1.000000
vn 0.000000 -0.000000 1.000000
vn 0.000000 -0.000000 1.000000
vn 0.000000 -0.000000 1.000000
vn 0.000000 -0.000000 1.000000
vn 0.000000 -0.000000 1.000000
vn 0.000000 -0.000000 1.000000
vn 0.000000 -0.000000 1.000000
vn 0.000000 -0.000000 1.000000
vn 0.000000 -0.000000 1.000000
vn 0.000000 -0.000000 -1.000000
vn 0.000000 -0.000000 -1.000000
vn 0.000000 -0.000000 -1.000000
vn 0.000000 -0.000000 -1.000000
vn 0.000000 -0.000000 -1.000000
vn 0.000000 -0.000000 -1.000000
vn 0.000000 -0.000000 -1.000000
vn 0.000000 -0.000000 -1.000000
vn 0.000000 -0.000000 -1.000000
vn 0.000000 -0.000000 -1.000000
vn 0.000000 -0.000000 -1.000000
vn 0.000000 -0.000000 -1.000000
vn 0.000000 -0.000000 -1.000000
vn 0.000000 -0.000000 -1.000000
vn 0.000000 -0.000000 -1.000000
vn 0.000000 -0.000000 -1.000000
vn 0.000000 -0.000000 -1.000000
vn 0.000000 -0.000000 1.000000
vn 0.000000 -0.000000 1.000000
vn 0.000000 -0.000000 1.000000
vn 0.000000 -0.000000 1.000000
vn 0.000000 -0.000000 1.000000
vn 0.000000 -0.000000 1.000000
vn 0.000000 -0.000000 1.000000
vn 0.000000 -0.000000 1.000000
vn 0.000000 -0.000000 1.000000
vn 0.000000 -0.000000 1.000000
vn 0.000000 -0.000000 1.000000
vn 0.000000 -0.000000 1.000000
vn 0.000000 -0.000000 1.000000
vn 0.000000 -0.000000 1.000000
vn 0.000000 -0.000000 1.000000
vn 0.000000 -0.000000 1.000000
vn 0.000000 -0.000000 1.000000
vn 0.000000 -0.000000 -1.000000
vn 0.000000 -0.000000 -1.000000
vn 0.000000 -0.000000 -1.000000
vn 0.000000 -0.000000 -1.000000
vn 0.000000 -0.000000 -1.000000
vn 0.000000 -0.000000 -1.000000
vn 0.000000 -0.000000 -1.000000
vn 0.000000 -0.000000 -1.000000
vn 0.000000 -0.000000 -1.000000
vn 0.000000 -0.000000 -1.000000
vn 0.000000 -0.000000 -1.000000
vn 0.000000 -0.000000 -1.000000
vn 0.000000 -0.000000 -1.000000
vn 0.000000 -0.000000 -1.000000
vn 0.000000 -0.000000 -1.000000
vn 0.000000 -0.000000 -1.000000
vn 0.000000 -0.000000 -1.000000
vn 0.000000 -0.000000 1.000000
vn 0.000000 -0.000000 1.000000
vn 0.000000 -0.000000 1.000000
vn 0.000000 -0.000000 1.000000
vn 0.000000 -0.000000 1.000000
vn 0.000000 -0.000000 1.000000
vn 0.000000 -0.000000 1.000000
vn 0.000000 -0.000000 1.000000
vn 0.000000 -0.000000 1.000000
vn 0.000000 -0.000000 1.000000
vn 0.000000 -0.000000 1.000000
vn 0.000000 -0.000000 1.000000
vn 0.000000 -0.000000 1.000000
vn 0.000000 -0.000000 1.000000
vn 0.000000 -0.000000 1.000000
vn 0.000000 -0.000000 1.000000
vn 0.000000 -0.000000 1.000000
vn 0.000000 -0.000000 -1.000000
vn 0.000000 -0.000000 -1.000000
vn 0.000000 -0.000000 -1.000000
vn 0.000000 -0.000000 -1.000000
vn 0.000000 -0.000000 -1.000000
vn 0.000000 -0.000000 -1.000000
vn 0.000000 -0.000000 -1.000000
vn 0.000000 -0.000000 -1.000000
vn 0.000000 -0.000000 -1.000000
vn 0.000000 -0.000000 -1.000000
vn 0.000000 -0.000000 -1.000000
vn 0.000000 -0.000000 -1.000000
vn 0.000000 -0.000000 -1.000000
vn 0.000000 -0.000000 -1.000000
vn 0.000000 -0.000000 -1.000000
vn 0.000000 -0.000000 -1.000000
vn 0.000000 -0.000000 -1.000000
vn 0.000000 -0.000000 1.000000
vn 0.000000 -0.000000 1.000000
vn 0.000000 -0.000000 1.000000
vn 0.000000 -0.000000 1.000000
vn 0.000000 -0.000000 1.000000
vn 0.000000 -0.000000 1.000000
vn 0.000000 -0.000000 1.000000
vn 0.000000 -0.000000 1.000000
vn 0.000000 -0.000000 1.000000
vn 0.000000 -0.000000 1.000000
vn 0.000000 -0.000000 1.000000
vn 0.000000 -0.000000 1.000000
vn 0.000000 -0.000000 1.000000
vn 0.000000 -0.000000 1.000000
vn 0.000000 -0.000000 1.000000
vn 0.000000 -0.000000 1.000000
vn 0.000000 -0.000000 1.000000
vn 0.000000 -0.000000 -1.000000
vn 0.000000 -0.000000 -1.000000
vn 0.000000 -0.000000 -1.000000
vn 0.000000 -0.000000 -1.000000
vn 0.000000 -0.000000 -1.000000
vn 0.000000 -0.000000 -1.000000
vn 0.000000 -0.000000 -1.000000
vn 0.000000 -0.000000 -1.000000
vn 0.000000 -0.000000 -1.000000
vn 0.000000 -0.000000 -1.000000
vn 0.000000 -0.000000 -1.000000
vn 0.000000 -0.000000 -1.000000
vn 0.000000 -0.000000 -1.000000
vn 0.000000 -0.000000 -1.000000
vn 0.000000 -0.000000 -1.000000
vn 0.000000 -0.000000 -1.000000
vn 0.000000 -0.000000 -1.000000
vn 1.000000 -0.000000 -0.000000
vn 0.922376 -0.386294 -0.000000
vn 1.000000 -0.000000 -0.000000
vn 0.922376 -0.386294 -0.000000
vn 0.707107 -0.707107 -0.000000
vn 0.707107 -0.707107 -0.000000
vn 0.386294 -0.922376 -0.000000
vn 0.386294 -0.922376 -0.000000
vn 0.000000 -1.000000 -0.000000
vn 0.000000 -1.000000 -0.000000
vn -0.386294 -0.922376 -0.000000
vn -0.386294 -0.922376 -0.000000
vn -0.707107 -0.707107 -0.000000
vn -0.707107 -0.707107 -0.000000
vn -0.922376 -0.386294 -0.000000
vn -0.922376 -0.386294 -0.000000
vn -1.000000 -0.000000 -0.000000
vn -1.000000 -0.000000 -0.000000
vn -0.922376 0.386294 -0.000000
vn -0.922376 0.386294 -0.000000
vn -0.707107 0.707107 -0.000000
vn -0.707107 0.707107 -0.000000
vn -0.386294 0.922376 -0.000000
vn -0.386294 0.922376 -0.000000
vn 0.000000 1.000000 -0.000000
vn 0.000000 1.000000 -0.000000
vn 0.386294 0.922376 -0.000000
vn 0.386294 0.922376 -0.000000
vn 0.707107 0.707107 -0.000000
vn 0.707107 0.707107 -0.000000
vn 0.922376 0.386294 -0.000000
vn 0.922376 0.386294 -0.000000
vn 1.000000 -0.000000 -0.000000
vn 0.922376 -0.386294 -0.000000
vn 1.000000 -0.000000 -0.000000
vn 0.922376 -0.386294 -0.000000
vn 0.707107 -0.707107 -0.000000
vn 0.707107 -0.707107 -0.000000
vn 0.386294 -0.922376 -0.000000
vn 0.386294 -0.922376 -0.000000
vn 0.000000 -1.000000 -0.000000
vn 0.000000 -1.000000 -0.000000
vn -0.386294 -0.922376 -0.000000
vn -0.386294 -0.922376 -0.000000
vn -0.707107 -0.707107 -0.000000
vn -0.707107 -0.707107 -0.000000
vn -0.922376 -0.386294 -0.000000
vn -0.922376 -0.386294 -0.000000
vn -1.000000 -0.000000 -0.000000
vn -1.000000 -0.000000 -0.000000
vn -0.922376 0.386294 -0.000000
vn -0.922376 0.386294 -0.000000
vn -0.707107 0.707107 -0.000000
vn -0.707107 0.707107 -0.000000
vn -0.386294 0.922376 -0.000000
vn -0.386294 0.922376 -0.000000
vn 0.000000 1.000000 -0.000000
vn 0.000000 1.000000 -0.000000
vn 0.386294 0.922376 -0.000000
vn 0.386294 0.922376 -0.000000
vn 0.707107 0.707107 -0.000000
vn 0.707107 0.707107 -0.000000
vn 0.922376 0.386294 -0.000000
vn 0.922376 0.386294 -0.000000
vn 1.000000 -0.000000 -0.000000
vn 0.922376 -0.386294 -0.000000
vn 1.000000 -0.000000 -0.000000
vn 0.922376 -0.386294 -0.000000
vn 0.707107 -0.707107 -0.000000
vn 0.707107 -0.707107 -0.000000
vn 0.386294 -0.922376 -0.000000
vn 0.386294 -0.922376 -0.000000
vn 0.000000 -1.000000 -0.000000
vn 0.000000 -1.000000 -0.000000
vn -0.386294 -0.922376 -0.000000
vn -0.386294 -0.922376 -0.000000
vn -0.707107 -0.707107 -0.000000
vn -0.707107 -0.707107 -0.000000
vn -0.922376 -0.386294 -0.000000
vn -0.922376 -0.386294 -0.000000
vn -1.000000 -0.000000 -0.000000
vn -1.000000 -0.000000 -0.000000
vn -0.922376 0.386294 -0.000000
vn -0.922376 0.386294 -0.000000
vn -0.707107 0.707107 -0.000000
vn -0.707107 0.707107 -0.000000
vn -0.386294 0.922376 -0.000000
vn -0.386294 0.922376 -0.000000
vn 0.000000 1.000000 -0.000000
vn 0.000000 1.000000 -0.000000
vn 0.386294 0.922376 -0.000000
vn 0.386294 0.922376 -0.000000
vn 0.707107 0.707107 -0.000000
vn 0.707107 0.707107 -0.000000
vn 0.922376 0.386294 -0.000000
vn 0.922376 0.386294 -0.000000
vn 0.000000 -0.000000 1.000000
vn 0.000000 -0.000000 1.000000
vn 0.000000 -0.000000 1.000000
vn 0.000000 -0.000000 1.000000
vn 0.000000 -0.000000 1.000000
vn 0.000000 -0.000000 1.000000
vn 0.000000 -0.000000 1.000000
vn 0.000000 -0.000000 1.000000
vn 0.000000 -0.000000 1.000000
vn 0.000000 -0.000000 1.000000
vn 0.000000 -0.000000 1.000000
vn 0.000000 -0.000000 1.000000
vn 0.000000 -0.000000 1.000000
vn 0.000000 -0.000000 1.000000
vn 0.000000 -0.000000 1.000000
vn 0.000000 -0.000000 1.000000
vn 0.000000 -0.000000 1.000000
vn 0.000000 -0.000000 -1.000000
vn 0.000000 -0.000000 -1.000000
vn 0.000000 -0.000000 -1.000000
vn 0.000000 -0.000000 -1.000000
vn 0.000000 -0.000000 -1.000000
vn 0.000000 -0.000000 -1.000000
vn 0.000000 -0.000000 -1.000000
vn 0.000000 -0.000000 -1.000000
vn 0.000000 -0.000000 -1.000000
vn 0.000000 -0.000000 -1.000000
vn 0.000000 -0.000000 -1.000000
vn 0.000000 -0.000000 -1.000000
vn 0.000000 -0.000000 -1.000000
vn 0.000000 -0.000000 -1.000000
vn 0.000000 -0.000000 -1.000000
vn 0.000000 -0.000000 -1.000000
vn 0.000000 -0.000000 -1.000000
vn 0.000000 -0.000000 1.000000
vn 0.000000 -0.000000 1.000000
vn 0.000000 -0.000000 1.000000
vn 0.000000 -0.000000 1.000000
vn 0.000000 -0.000000 1.000000
vn 0.000000 -0.000000 1.000000
vn 0.000000 -0.000000 1.000000
vn 0.000000 -0.000000 1.000000
vn 0.000000 -0.000000 1.000000
vn 0.000000 -0.000000 1.000000
vn 0.000000 -0.000000 1.000000
vn 0.000000 -0.000000 1.000000
vn 0.000000 -0.000000 1.000000
vn 0.000000 -0.000000 1.000000
vn 0.000000 -0.000000 1.000000
vn 0.000000 -0.000000 1.000000
vn 0.000000 -0.000000 1.000000
vn 0.000000 -0.000000 -1.000000
vn 0.000000 -0.000000 -1.000000
vn 0.000000 -0.000000 -1.000000
vn 0.000000 -0.000000 -1.000000
vn 0.000000 -0.000000 -1.000000
vn 0.000000 -0.000000 -1.000000
vn 0.000000 -0.000000 -1.000000
vn 0.000000 -0.000000 -1.000000
vn 0.000000 -0.000000 -1.000000
vn 0.000000 -0.000000 -1.000000
vn 0.000000 -0.000000 -1.000000
vn 0.000000 -0.000000 -1.000000
vn 0.000000 -0.000000 -1.000000
vn 0.000000 -0.000000 -1.000000
vn 0.000000 -0.000000 -1.000000
vn 0.000000 -0.000000 -1.000000
vn 0.000000 -0.000000 -1.000000
vn 0.000000 -0.000000 1.000000
vn 0.000000 -0.000000 1.000000
vn 0.000000 -0.000000 1.000000
vn 0.000000 -0.000000 1.000000
vn 0.000000 -0.000000 1.000000
vn 0.000000 -0.000000 1.000000
vn 0.000000 -0.000000 1.000000
vn 0.000000 -0.000000 1.000000
vn 0.000000 -0.000000 1.000000
vn 0.000000 -0.000000 1.000000
vn 0.000000 -0.000000 1.000000
vn 0.000000 -0.000000 1.000000
vn 0.000000 -0.000000 1.000000
vn 0.000000 -0.000000 1.000000
vn 0.000000 -0.000000 1.000000
vn 0.000000 -0.000000 1.000000
vn 0.000000 -0.000000 1.000000
vn 0.000000 -0.000000 -1.000000
vn 0.000000 -0.000000 -1.000000
vn 0.000000 -0.000000 -1.000000
vn 0.000000 -0.000000 -1.000000
vn 0.000000 -0.000000 -1.000000
vn 0.000000 -0.000000 -1.000000
vn 0.000000 -0.000000 -1.000000
vn 0.000000 -0.000000 -1.000000
vn 0.000000 -0.000000 -1.000000
vn 0.000000 -0.000000 -1.000000
vn 0.000000 -0.000000 -1.000000
vn 0.000000 -0.000000 -1.000000
vn 0.000000 -0.000000 -1.000000
vn 0.000000 -0.000000 -1.000000
vn 0.000000 -0.000000 -1.000000
vn 0.000000 -0.000000 -1.000000
vn 0.000000 -0.000000 -1.000000
vn 1.000000 -0.000000 -0.000000
vn 0.922376 -0.386294 -0.000000
vn 1.000000 -0.000000 -0.000000
vn 0.922376 -0.386294 -0.000000
vn 0.707107 -0.707107 -0.000000
vn 0.707107 -0.707107 -0.000000
vn 0.386294 -0.922376 -0.000000
vn 0.386294 -0.922376 -0.000000
vn 0.000000 -1.000000 -0.000000
vn 0.000000 -1.000000 -0.000000
vn -0.386294 -0.922376 -0.000000
vn -0.386294 -0.922376 -0.000000
vn -0.707107 -0.707107 -0.000000
vn -0.707107 -0.707107 -0.000000
vn -0.922376 -0.386294 -0.000000
vn -0.922376 -0.386294 -0.000000
vn -1.000000 -0.000000 -0.000000
vn -1.000000 -0.000000 -0.000000
vn -0.922376 0.386294 -0.000000
vn -0.922376 0.386294 -0.000000
vn -0.707107 0.707107 -0.000000
vn -0.707107 0.707107 -0.000000
vn -0.386294 0.922376 -0.000000
vn -0.386294 0.922376 -0.000000
vn 0.000000 1.000000 -0.000000
vn 0.000000 1.000000 -0.000000
vn 0.386294 0.922376 -0.000000
vn 0.386294 0.922376 -0.000000
vn 0.707107 0.707107 -0.000000
vn 0.707107 0.707107 -0.000000
vn 0.922376 0.386294 -0.000000
vn 0.922376 0.386294 -0.000000
vn 1.000000 -0.000000 -0.000000
vn 0.922376 -0.386294 -0.000000
vn 1.000000 -0.000000 -0.000000
vn 0.922376 -0.386294 -0.000000
vn 0.707107 -0.707107 -0.000000
vn 0.707107 -0.707107 -0.000000
vn 0.386294 -0.922376 -0.000000
vn 0.386294 -0.922376 -0.000000
vn 0.000000 -1.000000 -0.000000
vn 0.000000 -1.000000 -0.000000
vn -0.386294 -0.922376 -0.000000
vn -0.386294 -0.922376 -0.000000
vn -0.707107 -0.707107 -0.000000
vn -0.707107 -0.707107 -0.000000
vn -0.922376 -0.386294 -0.000000
vn -0.922376 -0.386294 -0.000000
vn -1.000000 -0.000000 -0.000000
vn -1.000000 -0.000000 -0.000000
vn -0.922376 0.386294 -0.000000
vn -0.922376 0.386294 -0.000000
vn -0.707107 0.707107 -0.000000
vn -0.707107 0.707107 -0.000000
vn -0.386294 0.922376 -0.000000
vn -0.386294 0.922376 -0.000000
vn 0.000000 1.000000 -0.000000
vn 0.000000 1.000000 -0.000000
vn 0.386294 0.922376 -0.000000
vn 0.386294 0.922376 -0.000000
vn 0.707107 0.707107 -0.000000
vn 0.707107 0.707107 -0.000000
vn 0.922376 0.386294 -0.000000
vn 0.922376 0.386294 -0.000000
vn 1.000000 -0.000000 -0.000000
vn 0.922376 -0.386294 -0.000000
vn 1.000000 -0.000000 -0.000000
vn 0.922376 -0.386294 -0.000000
vn 0.707107 -0.707107 -0.000000
vn 0.707107 -0.707107 -0.000000
vn 0.386294 -0.922376 -0.000000
vn 0.386294 -0.922376 -0.000000
vn 0.000000 -1.000000 -0.000000
vn 0.000000 -1.000000 -0.000000
vn -0.386294 -0.922376 -0.000000
vn -0.386294 -0.922376 -0.000000
vn -0.707107 -0.707107 -0.000000
vn -0.707107 -0.707107 -0.000000
vn -0.922376 -0.386294 -0.000000
vn -0.922376 -0.386294 -0.000000
vn -1.000000 -0.000000 -0.000000
vn -1.000000 -0.000000 -0.000000
vn -0.922376 0.386294 -0.000000
vn -0.922376 0.386294 -0.000000
vn -0.707107 0.707107 -0.000000
vn -0.707107 0.707107 -0.000000
vn -0.386294 0.922376 -0.000000
vn -0.386294 0.922376 -0.000000
vn 0.000000 1.000000 -0.000000
vn 0.000000 1.000000 -0.000000
vn 0.386294 0.922376 -0.000000
vn 0.386294 0.922376 -0.000000
vn 0.707107 0.707107 -0.000000
vn 0.707107 0.707107 -0.000000
vn 0.922376 0.386294 -0.000000
vn 0.922376 0.386294 -0.000000
vn 1.000000 -0.000000 -0.000000
vn 0.922376 -0.386294 -0.000000
vn 1.000000 -0.000000 -0.000000
vn 0.922376 -0.386294 -0.000000
vn 0.707107 -0.707107 -0.000000
vn 0.707107 -0.707107 -0.000000
vn 0.386294 -0.922376 -0.000000
vn 0.386294 -0.922376 -0.000000
vn 0.000000 -1.000000 -0.000000
vn 0.000000 -1.000000 -0.000000
vn -0.386294 -0.922376 -0.000000
vn -0.386294 -0.922376 -0.000000
vn -0.707107 -0.707107 -0.000000
vn -0.707107 -0.707107 -0.000000
vn -0.922376 -0.386294 -0.000000
vn -0.922376 -0.386294 -0.000000
vn -1.000000 -0.000000 -0.000000
vn -1.000000 -0.000000 -0.000000
vn -0.922376 0.386294 -0.000000
vn -0.922376 0.386294 -0.000000
vn -0.707107 0.707107 -0.000000
vn -0.707107 0.707107 -0.000000
vn -0.386294 0.922376 -0.000000
vn -0.386294 0.922376 -0.000000
vn 0.000000 1.000000 -0.000000
vn 0.000000 1.000000 -0.000000
vn 0.386294 0.922376 -0.000000
vn 0.386294 0.922376 -0.000000
vn 0.707107 0.707107 -0.000000
vn 0.707107 0.707107 -0.000000
vn 0.922376 0.386294 -0.000000
vn 0.922376 0.386294 -0.000000
vn 1.000000 -0.000000 -0.000000
vn 0.922376 -0.386294 -0.000000
vn 1.000000 -0.000000 -0.000000
vn 0.922376 -0.386294 -0.000000
vn 0.707107 -0.707107 -0.000000
vn 0.707107 -0.707107 -0.000000
vn 0.386294 -0.922376 -0.000000
vn 0.386294 -0.922376 -0.000000
vn 0.000000 -1.000000 -0.000000
vn 0.000000 -1.000000 -0.000000
vn -0.386294 -0.922376 -0.000000
vn -0.386294 -0.922376 -0.000000
vn -0.707107 -0.707107 -0.000000
vn -0.707107 -0.707107 -0.000000
vn -0.922376 -0.386294 -0.000000
vn -0.922376 -0.386294 -0.000000
vn -1.000000 -0.000000 -0.000000
vn -1.000000 -0.000000 -0.000000
vn -0.922376 0.386294 -0.000000
vn -0.922376 0.386294 -0.000000
vn -0.707107 0.707107 -0.000000
vn -0.707107 0.707107 -0.000000
vn -0.386294 0.922376 -0.000000
vn -0.386294 0.922376 -0.000000
vn 0.000000 1.000000 -0.000000
vn 0.000000 1.000000 -0.000000
vn 0.386294 0.922376 -0.000000
vn 0.386294 0.922376 -0.000000
vn 0.707107 0.707107 -0.000000
vn 0.707107 0.707107 -0.000000
vn 0.922376 0.386294 -0.000000
vn 0.922376 0.386294 -0.000000
vn 1.000000 -0.000000 -0.000000
vn 0.922376 -0.386294 -0.000000
vn 1.000000 -0.000000 -0.000000
vn 0.922376 -0.386294 -0.000000
vn 0.707107 -0.707107 -0.000000
vn 0.707107 -0.707107 -0.000000
vn 0.386294 -0.922376 -0.000000
vn 0.386294 -0.922376 -0.000000
vn 0.000000 -1.000000 -0.000000
vn 0.000000 -1.000000 -0.000000
vn -0.386294 -0.922376 -0.000000
vn -0.386294 -0.922376 -0.000000
vn -0.707107 -0.707107 -0.000000
vn -0.707107 -0.707107 -0.000000
vn -0.922376 -0.386294 -0.000000
vn -0.922376 -0.386294 -0.000000
vn -1.000000 -0.000000 -0.000000
vn -1.000000 -0.000000 -0.000000
vn -0.922376 0.386294 -0.000000
vn -0.922376 0.386294 -0.000000
vn -0.707107 0.707107 -0.000000
vn -0.707107 0.707107 -0.000000
vn -0.386294 0.922376 -0.000000
vn -0.386294 0.922376 -0.000000
vn 0.000000 1.000000 -0.000000
vn 0.000000 1.000000 -0.000000
vn 0.386294 0.922376 -0.000000
vn 0.386294 0.922376 -0.000000
vn 0.707107 0.707107 -0.000000
vn 0.707107 0.707107 -0.000000
vn 0.922376 0.386294 -0.000000
vn 0.922376 0.386294 -0.000000
vn 1.000000 -0.000000 -0.000000
vn 0.922376 -0.386294 -0.000000
vn 1.000000 -0.000000 -0.000000
vn 0.922376 -0.386294 -0.000000
vn 0.707107 -0.707107 -0.000000
vn 0.707107 -0.707107 -0.000000
vn 0.386294 -0.922376 -0.000000
vn 0.386294 -0.922376 -0.000000
vn 0.000000 -1.000000 -0.000000
vn 0.000000 -1.000000 -0.000000
vn -0.386294 -0.922376 -0.000000
vn -0.386294 -0.922376 -0.000000
vn -0.707107 -0.707107 -0.000000
vn -0.707107 -0.707107 -0.000000
vn -0.922376 -0.386294 -0.000000
vn -0.922376 -0.386294 -0.000000
vn -1.000000 -0.000000 -0.000000
vn -1.000000 -0.000000 -0.000000
vn -0.922376 0.386294 -0.000000
vn -0.922376 0.386294 -0.000000
vn -0.707107 0.707107 -0.000000
vn -0.707107 0.707107 -0.000000
vn -0.386294 0.922376 -0.000000
vn -0.386294 0.922376 -0.000000
vn 0.000000 1.000000 -0.000000
vn 0.000000 1.000000 -0.000000
vn 0.386294 0.922376 -0.000000
vn 0.386294 0.922376 -0.000000
vn 0.707107 0.707107 -0.000000
vn 0.707107 0.707107 -0.000000
vn 0.922376 0.386294 -0.000000
vn 0.922376 0.386294 -0.000000
vn 1.000000 -0.000000 -0.000000
vn 0.922376 -0.386294 -0.000000
vn 1.000000 -0.000000 -0.000000
vn 0.922376 -0.386294 -0.000000
vn 0.707107 -0.707107 -0.000000
vn 0.707107 -0.707107 -0.000000
vn 0.386294 -0.922376 -0.000000
vn 0.386294 -0.922376 -0.000000
vn 0.000000 -1.000000 -0.000000
vn 0.000000 -1.000000 -0.000000
vn -0.386294 -0.922376 -0.000000
vn -0.386294 -0.922376 -0.000000
vn -0.707107 -0.707107 -0.000000
vn -0.707107 -0.707107 -0.000000
vn -0.922376 -0.386294 -0.000000
vn -0.922376 -0.386294 -0.000000
vn -1.000000 -0.000000 -0.000000
vn -1.000000 -0.000000 -0.000000
vn -0.922376 0.386294 -0.000000
vn -0.922376 0.386294 -0.000000
vn -0.707107 0.707107 -0.000000
vn -0.707107 0.707107 -0.000000
vn -0.386294 0.922376 -0.000000
vn -0.386294 0.922376 -0.000000
vn 0.000000 1.000000 -0.000000
vn 0.000000 1.000000 -0.000000
vn 0.386294 0.922376 -0.000000
vn 0.386294 0.922376 -0.000000
vn 0.707107 0.707107 -0.000000
vn 0.707107 0.707107 -0.000000
vn 0.922376 0.386294 -0.000000
vn 0.922376 0.386294 -0.000000
vn 1.000000 -0.000000 -0.000000
vn 0.922376 -0.386294 -0.000000
vn 1.000000 -0.000000 -0.000000
vn 0.922376 -0.386294 -0.000000
vn 0.707107 -0.707107 -0.000000
vn 0.707107 -0.707107 -0.000000
vn 0.386294 -0.922376 -0.000000
vn 0.386294 -0.922376 -0.000000
vn 0.000000 -1.000000 -0.000000
vn 0.000000 -1.000000 -0.000000
vn -0.386294 -0.922376 -0.000000
vn -0.386294 -0.922376 -0.000000
vn -0.707107 -0.707107 -0.000000
vn -0.707107 -0.707107 -0.000000
vn -0.922376 -0.386294 -0.000000
vn -0.922376 -0.386294 -0.000000
vn -1.000000 -0.000000 -0.000000
vn -1.000000 -0.000000 -0.000000
vn -0.922376 0.386294 -0.000000
vn -0.922376 0.386294 -0.000000
vn -0.707107 0.707107 -0.000000
vn -0.707107 0.707107 -0.000000
vn -0.386294 0.922376 -0.000000
vn -0.386294 0.922376 -0.000000
vn 0.000000 1.000000 -0.000000
vn 0.000000 1.000000 -0.000000
vn 0.386294 0.922376 -0.000000
vn 0.386294 0.922376 -0.000000
vn 0.707107 0.707107 -0.000000
vn 0.707107 0.707107 -0.000000
vn 0.922376 0.386294 -0.000000
vn 0.922376 0.386294 -0.000000
vn 0.000000 -0.000000 1.000000
vn 0.000000 -0.000000 1.000000
vn 0.000000 -0.000000 1.000000
vn 0.000000 -0.000000 1.000000
vn 0.000000 -0.000000 1.000000
vn 0.000000 -0.000000 1.000000
vn 0.000000 -0.000000 1.000000
vn 0.000000 -0.000000 1.000000
vn 0.000000 -0.000000 1.000000
vn 0.000000 -0.000000 1.000000
vn 0.000000 -0.000000 1.000000
vn 0.000000 -0.000000 1.000000
vn 0.000000 -0.000000 1.000000
vn 0.000000 -0.000000 1.000000
vn 0.000000 -0.000000 1.000000
vn 0.000000 -0.000000 1.000000
vn 0.000000 -0.000000 1.000000
vn 0.000000 -0.000000 -1.000000
vn 0.000000 -0.000000 -1.000000
vn 0.000000 -0.000000 -1.000000
vn 0.000000 -0.000000 -1.000000
vn 0.000000 -0.000000 -1.000000
vn 0.000000 -0.000000 -1.000000
vn 0.000000 -0.000000 -1.000000
vn 0.000000 -0.000000 -1.000000
vn 0.000000 -0.000000 -1.000000
vn 0.000000 -0.000000 -1.000000
vn 0.000000 -0.000000 -1.000000
vn 0.000000 -0.000000 -1.000000
vn 0.000000 -0.000000 -1.000000
vn 0.000000 -0.000000 -1.000000
vn 0.000000 -0.000000 -1.000000
vn 0.000000 -0.000000 -1.000000
vn 0.000000 -0.000000 -1.000000
vn 0.000000 -0.000000 1.000000
vn 0.000000 -0.000000 1.000000
vn 0.000000 -0.000000 1.000000
vn 0.000000 -0.000000 1.000000
vn 0.000000 -0.000000 1.000000
vn 0.000000 -0.000000 1.000000
vn 0.000000 -0.000000 1.000000
vn 0.000000 -0.000000 1.000000
vn 0.000000 -0.000000 1.000000
vn 0.000000 -0.000000 1.000000
vn 0.000000 -0.000000 1.000000
vn 0.000000 -0.000000 1.000000
vn 0.000000 -0.000000 1.000000
vn 0.000000 -0.000000 1.000000
vn 0.000000 -0.000000 1.000000
vn 0.000000 -0.000000 1.000000
vn 0.000000 -0.000000 1.000000
vn 0.000000 -0.000000 -1.000000
vn 0.000000 -0.000000 -1.000000
vn 0.000000 -0.000000 -1.000000
vn 0.000000 -0.000000 -1.000000
vn 0.000000 -0.000000 -1.000000
vn 0.000000 -0.000000 -1.000000
vn 0.000000 -0.000000 -1.000000
vn 0.000000 -0.000000 -1.000000
vn 0.000000 -0.000000 -1.000000
vn 0.000000 -0.000000 -1.000000
vn 0.000000 -0.000000 -1.000000
vn 0.000000 -0.000000 -1.000000
vn 0.000000 -0.000000 -1.000000
vn 0.000000 -0.000000 -1.000000
vn 0.000000 -0.000000 -1.000000
vn 0.000000 -0.000000 -1.000000
vn 0.000000 -0.000000 -1.000000
vn 0.000000 -0.000000 1.000000
vn 0.000000 -0.000000 1.000000
vn 0.000000 -0.000000 1.000000
vn 0.000000 -0.000000 1.000000
vn 0.000000 -0.000000 1.000000
vn 0.000000 -0.000000 1.000000
vn 0.000000 -0.000000 1.000000
vn 0.000000 -0.000000 1.000000
vn 0.000000 -0.000000 1.000000
vn 0.000000 -0.000000 1.000000
vn 0.000000 -0.000000 1.000000
vn 0.000000 -0.000000 1.000000
vn 0.000000 -0.000000 1.000000
vn 0.000000 -0.000000 1.000000
vn 0.000000 -0.000000 1.000000
vn 0.000000 -0.000000 1.000000
vn 0.000000 -0.000000 1.000000
vn 0.000000 -0.000000 -1.000000
vn 0.000000 -0.000000 -1.000000
vn 0.000000 -0.000000 -1.000000
vn 0.000000 -0.000000 -1.000000
vn 0.000000 -0.000000 -1.000000
vn 0.000000 -0.000000 -1.000000
vn 0.000000 -0.000000 -1.000000
vn 0.000000 -0.000000 -1.000000
vn 0.000000 -0.000000 -1.000000
vn 0.000000 -0.000000 -1.000000
vn 0.000000 -0.000000 -1.000000
vn 0.000000 -0.000000 -1.000000
vn 0.000000 -0.000000 -1.000000
vn 0.000000 -0.000000 -1.000000
vn 0.000000 -0.000000 -1.000000
vn 0.000000 -0.000000 -1.000000
vn 0.000000 -0.000000 -1.000000
vn 0.000000 -0.000000 1.000000
vn 0.000000 -0.000000 1.000000
vn 0.000000 -0.000000 1.000000
vn 0.000000 -0.000000 1.000000
vn 0.000000 -0.000000 1.000000
vn 0.000000 -0.000000 1.000000
vn 0.000000 -0.000000 1.000000
vn 0.000000 -0.000000 1.000000
vn 0.000000 -0.000000 1.000000
vn 0.000000 -0.000000 1.000000
vn 0.000000 -0.000000 1.000000
vn 0.000000 -0.000000 1.000000
vn 0.000000 -0.000000 1.000000
vn 0.000000 -0.000000 1.000000
vn 0.000000 -0.000000 1.000000
vn 0.000000 -0.000000 1.000000
vn 0.000000 -0.000000 1.000000
vn 0.000000 -0.000000 -1.000000
vn 0.000000 -0.000000 -1.000000
vn 0.000000 -0.000000 -1.000000
vn 0.000000 -0.000000 -1.000000
vn 0.000000 -0.000000 -1.000000
vn 0.000000 -0.000000 -1.000000
vn 0.000000 -0.000000 -1.000000
vn 0.000000 -0.000000 -1.000000
vn 0.000000 -0.000000 -1.000000
vn 0.000000 -0.000000 -1.000000
vn 0.000000 -0.000000 -1.000000
vn 0.000000 -0.000000 -1.000000
vn 0.000000 -0.000000 -1.000000
vn 0.000000 -0.000000 -1.000000
vn 0.000000 -0.000000 -1.000000
vn 0.000000 -0.000000 -1.000000
vn 0.000000 -0.000000 -1.000000
vn 0.000000 -0.000000 1.000000
vn 0.000000 -0.000000 1.000000
vn 0.000000 -0.000000 1.000000
vn 0.000000 -0.000000 1.000000
vn 0.000000 -0.000000 1.000000
vn 0.000000 -0.000000 1.000000
vn 0.000000 -0.000000 1.000000
vn 0.000000 -0.000000 1.000000
vn 0.000000 -0.000000 1.000000
vn 0.000000 -0.000000 1.000000
vn 0.000000 -0.000000 1.000000
vn 0.000000 -0.000000 1.000000
vn 0.000000 -0.000000 1.000000
vn 0.000000 -0.000000 1.000000
vn 0.000000 -0.000000 1.000000
vn 0.000000 -0.000000 1.000000
vn 0.000000 -0.000000 1.000000
vn 0.000000 -0.000000 -1.000000
vn 0.000000 -0.000000 -1.000000
vn 0.000000 -0.000000 -1.000000
vn 0.000000 -0.000000 -1.000000
vn 0.000000 -0.000000 -1.000000
vn 0.000000 -0.000000 -1.000000
vn 0.000000 -0.000000 -1.000000
vn 0.000000 -0.000000 -1.000000
vn 0.000000 -0.000000 -1.000000
vn 0.000000 -0.000000 -1.000000
vn 0.000000 -0.000000 -1.000000
vn 0.000000 -0.000000 -1.000000
vn 0.000000 -0.000000 -1.000000
vn 0.000000 -0.000000 -1.000000
vn 0.000000 -0.000000 -1.000000
vn 0.000000 -0.000000 -1.000000
vn 0.000000 -0.000000 -1.000000
vn 0.000000 -0.000000 1.000000
vn 0.000000 -0.000000 1.000000
vn 0.000000 -0.000000 1.000000
vn 0.000000 -0.000000 1.000000
vn 0.000000 -0.000000 1.000000
vn 0.000000 -0.000000 1.000000
vn 0.000000 -0.000000 1.000000
vn 0.000000 -0.000000 1.000000
vn 0.000000 -0.000000 1.000000
vn 0.000000 -0.000000 1.000000
vn 0.000000 -0.000000 1.000000
vn 0.000000 -0.000000 1.000000
vn 0.000000 -0.000000 1.000000
vn 0.000000 -0.000000 1.000000
vn 0.000000 -0.000000 1.000000
vn 0.000000 -0.000000 1.000000
vn 0.000000 -0.000000 1.000000
vn 0.000000 -0.000000 -1.000000
vn 0.000000 -0.000000 -1.000000
vn 0.000000 -0.000000 -1.000000
vn 0.000000 -0.000000 -1.000000
vn 0.000000 -0.000000 -1.000000
vn 0.000000 -0.000000 -1.000000
vn 0.000000 -0.000000 -1.000000
vn 0.000000 -0.000000 -1.000000
vn 0.000000 -0.000000 -1.000000
vn 0.000000 -0.000000 -1.000000
vn 0.000000 -0.000000 -1.000000
vn 0.000000 -0.000000 -1.000000
vn 0.000000 -0.000000 -1.000000
vn 0.000000 -0.000000 -1.000000
vn 0.000000 -0.000000 -1.000000
vn 0.000000 -0.000000 -1.000000
vn 0.000000 -0.000000 -1.000000
vn 0.000000 -0.000000 1.000000
vn 0.000000 -0.000000 1.000000
vn 0.000000 -0.000000 1.000000
vn 0.000000 -0.000000 1.000000
vn 0.000000 -0.000000 1.000000
vn 0.000000 -0.000000 1.000000
vn 0.000000 -0.000000 1.000000
vn 0.000000 -0.000000 1.000000
vn 0.000000 -0.000000 1.000000
vn 0.000000 -0.000000 1.000000
vn 0.000000 -0.000000 1.000000
vn 0.000000 -0.000000 1.000000
vn 0.000000 -0.000000 1.000000
vn 0.000000 -0.000000 1.000000
vn 0.000000 -0.000000 1.000000
vn 0.000000 -0.000000 1.000000
vn 0.000000 -0.000000 1.000000
vn 0.000000 -0.000000 -1.000000
vn 0.000000 -0.000000 -1.000000
vn 0.000000 -0.000000 -1.000000
vn 0.000000 -0.000000 -1.000000
vn 0.000000 -0.000000 -1.000000
vn 0.000000 -0.000000 -1.000000
vn 0.000000 -0.000000 -1.000000
vn 0.000000 -0.000000 -1.000000
vn 0.000000 -0.000000 -1.000000
vn 0.000000 -0.000000 -1.000000
vn 0.000000 -0.000000 -1.000000
vn 0.000000 -0.000000 -1.000000
vn 0.000000 -0.000000 -1.000000
vn 0.000000 -0.000000 -1.000000
vn 0.000000 -0.000000 -1.000000
vn 0.000000 -0.000000 -1.000000
vn 0.000000 -0.000000 -1.000000
vn 0.000000 -0.000000 1.000000
vn 0.000000 -0.000000 1.000000
vn 0.000000 -0.000000 1.000000
vn 0.000000 -0.000000 1.000000
vn 0.000000 -0.000000 1.000000
vn 0.000000 -0.000000 1.000000
vn 0.000000 -0.000000 1.000000
vn 0.000000 -0.000000 1.000000
vn 0.000000 -0.000000 1.000000
vn 0.000000 -0.000000 1.000000
vn 0.000000 -0.000000 1.000000
vn 0.000000 -0.000000 1.000000
vn 0.000000 -0.000000 1.000000
vn 0.000000 -0.000000 1.000000
vn 0.000000 -0.000000 1.000000
vn 0.000000 -0.000000 1.000000
vn 0.000000 -0.000000 1.000000
vn 0.000000 -0.000000 -1.000000
vn 0.000000 -0.000000 -1.000000
vn 0.000000 -0.000000 -1.000000
vn 0.000000 -0.000000 -1.000000
vn 0.000000 -0.000000 -1.000000
vn 0.000000 -0.000000 -1.000000
vn 0.000000 -0.000000 -1.000000
vn 0.000000 -0.000000 -1.000000
vn 0.000000 -0.000000 -1.000000
vn 0.000000 -0.000000 -1.000000
vn 0.000000 -0.000000 -1.000000
vn 0.000000 -0.000000 -1.000000
vn 0.000000 -0.000000 -1.000000
vn 0.000000 -0.000000 -1.000000
vn 0.000000 -0.000000 -1.000000
vn 0.000000 -0.000000 -1.000000
vn 0.000000 -0.000000 -1.000000
vn 0.000000 -0.000000 1.000000
vn 0.000000 -0.000000 1.000000
vn 0.000000 -0.000000 1.000000
vn 0.000000 -0.000000 1.000000
vn 0.000000 -0.000000 1.000000
vn 0.000000 -0.000000 1.000000
vn 0.000000 -0.000000 1.000000
vn 0.000000 -0.000000 1.000000
vn 0.000000 -0.000000 1.000000
vn 0.000000 -0.000000 1.000000
vn 0.000000 -0.000000 1.000000
vn 0.000000 -0.000000 1.000000
vn 0.000000 -0.000000 1.000000
vn 0.000000 -0.000000 1.000000
vn 0.000000 -0.000000 1.000000
vn 0.000000 -0.000000 1.000000
vn 0.000000 -0.000000 1.000000
vn 0.000000 -0.000000 -1.000000
vn 0.000000 -0.000000 -1.000000
vn 0.000000 -0.000000 -1.000000
vn 0.000000 -0.000000 -1.000000
vn 0.000000 -0.000000 -1.000000
vn 0.000000 -0.000000 -1.000000
vn 0.000000 -0.000000 -1.000000
vn 0.000000 -0.000000 -1.000000
vn 0.000000 -0.000000 -1.000000
vn 0.000000 -0.000000 -1.000000
vn 0.000000 -0.000000 -1.000000
vn 0.000000 -0.000000 -1.000000
vn 0.000000 -0.000000 -1.000000
vn 0.000000 -0.000000 -1.000000
vn 0.000000 -0.000000 -1.000000
vn 0.000000 -0.000000 -1.000000
vn 0.000000 -0.000000 -1.000000
vn -1.000000 -0.000000 -0.000000
vn -0.922376 -0.000000 0.386294
vn -1.000000 -0.000000 -0.000000
vn -0.922376 -0.000000 0.386294
vn -0.707107 -0.000000 0.707107
vn -0.707107 -0.000000 0.707107
vn -0.386294 -0.000000 0.922376
vn -0.386294 -0.000000 0.922376
vn 0.000000 -0.000000 1.000000
vn 0.000000 -0.000000 1.000000
vn 0.386294 -0.000000 0.922376
vn 0.386294 -0.000000 0.922376
vn 0.707107 -0.000000 0.707107
vn 0.707107 -0.000000 0.707107
vn 0.922376 -0.000000 0.386294
vn 0.922376 -0.000000 0.386294
vn 1.000000 -0.000000 -0.000000
vn 1.000000 -0.000000 -0.000000
vn 0.922376 -0.000000 -0.386294
vn 0.922376 -0.000000 -0.386294
vn 0.707107 -0.000000 -0.707107
vn 0.707107 -0.000000 -0.707107
vn 0.386294 -0.000000 -0.922376
vn 0.386294 -0.000000 -0.922376
vn 0.000000 -0.000000 -1.000000
vn 0.000000 -0.000000 -1.000000
vn -0.386294 -0.000000 -0.922376
vn -0.386294 -0.000000 -0.922376
vn -0.707107 -0.000000 -0.707107
vn -0.707107 -0.000000 -0.707107
vn -0.922376 -0.000000 -0.386294
vn -0.922376 -0.000000 -0.386294
vn -1.000000 -0.000000 -0.000000
vn -0.922376 -0.000000 0.386294
vn -1.000000 -0.000000 -0.000000
vn -0.922376 -0.000000 0.386294
vn -0.707107 -0.000000 0.707107
vn -0.707107 -0.000000 0.707107
vn -0.386294 -0.000000 0.922376
vn -0.386294 -0.000000 0.922376
vn 0.000000 -0.000000 1.000000
vn 0.000000 -0.000000 1.000000
vn 0.386294 -0.000000 0.922376
vn 0.386294 -0.000000 0.922376
vn 0.707107 -0.000000 0.707107
vn 0.707107 -0.000000 0.707107
vn 0.922376 -0.000000 0.386294
vn 0.922376 -0.000000 0.386294
vn 1.000000 -0.000000 -0.000000
vn 1.000000 -0.000000 -0.000000
vn 0.922376 -0.000000 -0.386294
vn 0.922376 -0.000000 -0.386294
vn 0.707107 -0.000000 -0.707107
vn 0.707107 -0.000000 -0.707107
vn 0.386294 -0.000000 -0.922376
vn 0.386294 -0.000000 -0.922376
vn 0.000000 -0.000000 -1.000000
vn 0.000000 -0.000000 -1.000000
vn -0.386294 -0.000000 -0.922376
vn -0.386294 -0.000000 -0.922376
vn -0.707107 -0.000000 -0.707107
vn -0.707107 -0.000000 -0.707107
vn -0.922376 -0.000000 -0.386294
vn -0.922376 -0.000000 -0.386294
vn 0.000000 -1.000000 -0.000000
vn 0.000000 -0.922376 0.386294
vn 0.000000 -1.000000 -0.000000
vn 0.000000 -0.922376 0.386294
vn 0.000000 -0.707107 0.707107
vn 0.000000 -0.707107 0.707107
vn 0.000000 -0.386294 0.922376
vn 0.000000 -0.386294 0.922376
vn 0.000000 -0.000000 1.000000
vn 0.000000 -0.000000 1.000000
vn 0.000000 0.386294 0.922376
vn 0.000000 0.386294 0.922376
vn 0.000000 0.707107 0.707107
vn 0.000000 0.707107 0.707107
vn 0.000000 0.922376 0.386294
vn 0.000000 0.922376 0.386294
vn 0.000000 1.000000 -0.000000
vn 0.000000 1.000000 -0.000000
vn 0.000000 0.922376 -0.386294
vn 0.000000 0.922376 -0.386294
vn 0.000000 0.707107 -0.707107
vn 0.000000 0.707107 -0.707107
vn 0.000000 0.386294 -0.922376
vn 0.000000 0.386294 -0.922376
vn 0.000000 -0.000000 -1.000000
vn 0.000000 -0.000000 -1.000000
vn 0.000000 -0.386294 -0.922376
vn 0.000000 -0.386294 -0.922376
vn 0.000000 -0.707107 -0.707107
vn 0.000000 -0.707107 -0.707107
vn 0.000000 -0.922376 -0.386294
vn 0.000000 -0.922376 -0.386294
vn 0.000000 -1.000000 -0.000000
vn 0.000000 -0.922376 0.386294
vn 0.000000 -1.000000 -0.000000
vn 0.000000 -0.922376 0.386294
vn 0.000000 -0.707107 0.707107
vn 0.000000 -0.707107 0.707107
vn 0.000000 -0.386294 0.922376
vn 0.000000 -0.386294 0.922376
vn 0.000000 -0.000000 1.000000
vn 0.000000 -0.000000 1.000000
vn 0.000000 0.386294 0.922376
vn 0.000000 0.386294 0.922376
vn 0.000000 0.707107 0.707107
vn 0.000000 0.707107 0.707107
vn 0.000000 0.922376 0.386294
vn 0.000000 0.922376 0.386294
vn 0.000000 1.000000 -0.000000
vn 0.000000 1.000000 -0.000000
vn 0.000000 0.922376 -0.386294
vn 0.000000 0.922376 -0.386294
vn 0.000000 0.707107 -0.707107
vn 0.000000 0.707107 -0.707107
vn 0.000000 0.386294 -0.922376
vn 0.000000 0.386294 -0.922376
vn 0.000000 -0.000000 -1.000000
vn 0.000000 -0.000000 -1.000000
vn 0.000000 -0.386294 -0.922376
vn 0.000000 -0.386294 -0.922376
vn 0.000000 -0.707107 -0.707107
vn 0.000000 -0.707107 -0.707107
vn 0.000000 -0.922376 -0.386294
vn 0.000000 -0.922376 -0.386294
vn 0.000000 -1.000000 -0.000000
vn 0.000000 -0.922376 0.386294
vn 0.000000 -1.000000 -0.000000
vn 0.000000 -0.922376 0.386294
vn 0.000000 -0.707107 0.707107
vn 0.000000 -0.707107 0.707107
vn 0.000000 -0.386294 0.922376
vn 0.000000 -0.386294 0.922376
vn 0.000000 -0.000000 1.000000
vn 0.000000 -0.000000 1.000000
vn 0.000000 0.386294 0.922376
vn 0.000000 0.386294 0.922376
vn 0.000000 0.707107 0.707107
vn 0.000000 0.707107 0.707107
vn 0.000000 0.922376 0.386294
vn 0.000000 0.922376 0.386294
vn 0.000000 1.000000 -0.000000
vn 0.000000 1.000000 -0.000000
vn 0.000000 0.922376 -0.386294
vn 0.000000 0.922376 -0.386294
vn 0.000000 0.707107 -0.707107
vn 0.000000 0.707107 -0.707107
vn 0.000000 0.386294 -0.922376
vn 0.000000 0.386294 -0.922376
vn 0.000000 -0.000000 -1.000000
vn 0.000000 -0.000000 -1.000000
vn 0.000000 -0.386294 -0.922376
vn 0.000000 -0.386294 -0.922376
vn 0.000000 -0.707107 -0.707107
vn 0.000000 -0.707107 -0.707107
vn 0.000000 -0.922376 -0.386294
vn 0.000000 -0.922376 -0.386294
vn 0.000000 -1.000000 -0.000000
vn 0.000000 -1.000000 -0.000000
vn 0.000000 -1.000000 -0.000000
vn 0.000000 -1.000000 -0.000000
vn 0.000000 -1.000000 -0.000000
vn 0.000000 -1.000000 -0.000000
vn 0.000000 -1.000000 -0.000000
vn 0.000000 -1.000000 -0.000000
vn 0.000000 -1.000000 -0.000000
vn 0.000000 -1.000000 -0.000000
vn 0.000000 -1.000000 -0.000000
vn 0.000000 -1.000000 -0.000000
vn 0.000000 -1.000000 -0.000000
vn 0.000000 -1.000000 -0.000000
vn 0.000000 -1.000000 -0.000000
vn 0.000000 -1.000000 -0.000000
vn 0.000000 -1.000000 -0.000000
vn 0.000000 1.000000 -0.000000
vn 0.000000 1.000000 -0.000000
vn 0.000000 1.000000 -0.000000
vn 0.000000 1.000000 -0.000000
vn 0.000000 1.000000 -0.000000
vn 0.000000 1.000000 -0.000000
vn 0.000000 1.000000 -0.000000
vn 0.000000 1.000000 -0.000000
vn 0.000000 1.000000 -0.000000
vn 0.000000 1.000000 -0.000000
vn 0.000000 1.000000 -0.000000
vn 0.000000 1.000000 -0.000000
vn 0.000000 1.000000 -0.000000
vn 0.000000 1.000000 -0.000000
vn 0.000000 1.000000 -0.000000
vn 0.000000 1.000000 -0.000000
vn 0.000000 1.000000 -0.000000
vn 0.000000 -1.000000 -0.000000
vn 0.000000 -1.000000 -0.000000
vn 0.000000 -1.000000 -0.000000
vn 0.000000 -1.000000 -0.000000
vn 0.000000 -1.000000 -0.000000
vn 0.000000 -1.000000 -0.000000
vn 0.000000 -1.000000 -0.000000
vn 0.000000 -1.000000 -0.000000
vn 0.000000 -1.000000 -0.000000
vn 0.000000 -1.000000 -0.000000
vn 0.000000 -1.000000 -0.000000
vn 0.000000 -1.000000 -0.000000
vn 0.000000 -1.000000 -0.000000
vn 0.000000 -1.000000 -0.000000
vn 0.000000 -1.000000 -0.000000
vn 0.000000 -1.000000 -0.000000
vn 0.000000 -1.000000 -0.000000
vn 0.000000 1.000000 -0.000000
vn 0.000000 1.000000 -0.000000
vn 0.000000 1.000000 -0.000000
vn 0.000000 1.000000 -0.000000
vn 0.000000 1.000000 -0.000000
vn 0.000000 1.000000 -0.000000
vn 0.000000 1.000000 -0.000000
vn 0.000000 1.000000 -0.000000
vn 0.000000 1.000000 -0.000000
vn 0.000000 1.000000 -0.000000
vn 0.000000 1.000000 -0.000000
vn 0.000000 1.000000 -0.000000
vn 0.000000 1.000000 -0.000000
vn 0.000000 1.000000 -0.000000
vn 0.000000 1.000000 -0.000000
vn 0.000000 1.000000 -0.000000
vn 0.000000 1.000000 -0.000000
vn 1.000000 -0.000000 -0.000000
vn 1.000000 -0.000000 -0.000000
vn 1.000000 -0.000000 -0.000000
vn 1.000000 -0.000000 -0.000000
vn 1.000000 -0.000000 -0.000000
vn 1.000000 -0.000000 -0.000000
vn 1.000000 -0.000000 -0.000000
vn 1.000000 -0.000000 -0.000000
vn 1.000000 -0.000000 -0.000000
vn 1.000000 -0.000000 -0.000000
vn 1.000000 -0.000000 -0.000000
vn 1.000000 -0.000000 -0.000000
vn 1.000000 -0.000000 -0.000000
vn 1.000000 -0.000000 -0.000000
vn 1.000000 -0.000000 -0.000000
vn 1.000000 -0.000000 -0.000000
vn 1.000000 -0.000000 -0.000000
vn -1.000000 -0.000000 -0.000000
vn -1.000000 -0.000000 -0.000000
vn -1.000000 -0.000000 -0.000000
vn -1.000000 -0.000000 -0.000000
vn -1.000000 -0.000000 -0.000000
vn -1.000000 -0.000000 -0.000000
vn -1.000000 -0.000000 -0.000000
vn -1.000000 -0.000000 -0.000000
vn -1.000000 -0.000000 -0.000000
vn -1.000000 -0.000000 -0.000000
vn -1.000000 -0.000000 -0.000000
vn -1.000000 -0.000000 -0.000000
vn -1.000000 -0.000000 -0.000000
vn -1.000000 -0.000000 -0.000000
vn -1.000000 -0.000000 -0.000000
vn -1.000000 -0.000000 -0.000000
vn -1.000000 -0.000000 -0.000000
vn 1.000000 -0.000000 -0.000000
vn 1.000000 -0.000000 -0.000000
vn 1.000000 -0.000000 -0.000000
vn 1.000000 -0.000000 -0.000000
vn 1.000000 -0.000000 -0.000000
vn 1.000000 -0.000000 -0.000000
vn 1.000000 -0.000000 -0.000000
vn 1.000000 -0.000000 -0.000000
vn 1.000000 -0.000000 -0.000000
vn 1.000000 -0.000000 -0.000000
vn 1.000000 -0.000000 -0.000000
vn 1.000000 -0.000000 -0.000000
vn 1.000000 -0.000000 -0.000000
vn 1.000000 -0.000000 -0.000000
vn 1.000000 -0.000000 -0.000000
vn 1.000000 -0.000000 -0.000000
vn 1.000000 -0.000000 -0.000000
vn -1.000000 -0.000000 -0.000000
vn -1.000000 -0.000000 -0.000000
vn -1.000000 -0.000000 -0.000000
vn -1.000000 -0.000000 -0.000000
vn -1.000000 -0.000000 -0.000000
vn -1.000000 -0.000000 -0.000000
vn -1.000000 -0.000000 -0.000000
vn -1.000000 -0.000000 -0.000000
vn -1.000000 -0.000000 -0.000000
vn -1.000000 -0.000000 -0.000000
vn -1.000000 -0.000000 -0.000000
vn -1.000000 -0.000000 -0.000000
vn -1.000000 -0.000000 -0.000000
vn -1.000000 -0.000000 -0.000000
vn -1.000000 -0.000000 -0.000000
vn -1.000000 -0.000000 -0.000000
vn -1.000000 -0.000000 -0.000000
vn 1.000000 -0.000000 -0.000000
vn 1.000000 -0.000000 -0.000000
vn 1.000000 -0.000000 -0.000000
vn 1.000000 -0.000000 -0.000000
vn 1.000000 -0.000000 -0.000000
vn 1.000000 -0.000000 -0.000000
vn 1.000000 -0.000000 -0.000000
vn 1.000000 -0.000000 -0.000000
vn 1.000000 -0.000000 -0.000000
vn 1.000000 -0.000000 -0.000000
vn 1.000000 -0.000000 -0.000000
vn 1.000000 -0.000000 -0.000000
vn 1.000000 -0.000000 -0.000000
vn 1.000000 -0.000000 -0.000000
vn 1.000000 -0.000000 -0.000000
vn 1.000000 -0.000000 -0.000000
vn 1.000000 -0.000000 -0.000000
vn -1.000000 -0.000000 -0.000000
vn -1.000000 -0.000000 -0.000000
vn -1.000000 -0.000000 -0.000000
vn -1.000000 -0.000000 -0.000000
vn -1.000000 -0.000000 -0.000000
vn -1.000000 -0.000000 -0.000000
vn -1.000000 -0.000000 -0.000000
vn -1.000000 -0.000000 -0.000000
vn -1.000000 -0.000000 -0.000000
vn -1.000000 -0.000000 -0.000000
vn -1.000000 -0.000000 -0.000000
vn -1.000000 -0.000000 -0.000000
vn -1.000000 -0.000000 -0.000000
vn -1.000000 -0.000000 -0.000000
vn -1.000000 -0.000000 -0.000000
vn -1.000000 -0.000000 -0.000000
vn -1.000000 -0.000000 -0.000000
g slalom_spaced_Material_004
usemtl Material_004
f 2/2/2 3/3/3 1/1/1
f 1/1/1 4/4/4 2/2/2
f 5/5/5 2/2/2 4/4/4
f 4/4/4 6/6/6 5/5/5
f 7/7/7 5/5/5 6/6/6
f 6/6/6 8/8/8 7/7/7
f 9/9/9 7/7/7 8/8/8
f 8/8/8 10/10/10 9/9/9
f 11/11/11 9/9/9 10/10/10
f 10/10/10 12/12/12 11/11/11
f 13/13/13 11/11/11 12/12/12
f 12/12/12 14/14/14 13/13/13
f 15/15/15 13/13/13 14/14/14
f 14/14/14 16/16/16 15/15/15
f 17/17/17 15/15/15 16/16/16
f 16/16/16 18/18/18 17/17/17
f 19/19/19 17/17/17 18/18/18
f 18/18/18 20/20/20 19/19/19
f 21/21/21 19/19/19 20/20/20
f 20/20/20 22/22/22 21/21/21
f 23/23/23 21/21/21 22/22/22
f 22/22/22 24/24/24 23/23/23
f 25/25/25 23/23/23 24/24/24
f 24/24/24 26/26/26 25/25/25
f 27/27/27 25/25/25 26/26/26
f 26/26/26 28/28/28 27/27/27
f 29/29/29 27/27/27 28/28/28
f 28/28/28 30/30/30 29/29/29
f 31/31/31 29/29/29 30/30/30
f 30/30/30 32/32/32 31/31/31
f 3/33/3 31/31/31 32/32/32
f 32/32/32 1/34/1 3/33/3
f 34/36/34 35/37/35 33/35/33
f 33/35/33 36/38/36 34/36/34
f 37/39/37 34/36/34 36/38/36
f 36/38/36 38/40/38 37/39/37
f 39/41/39 37/39/37 38/40/38
f 38/40/38 40/42/40 39/41/39
f 41/43/41 39/41/39 40/42/40
f 40/42/40 42/44/42 41/43/41
f 43/45/43 41/43/41 42/44/42
f 42/44/42 44/46/44 43/45/43
f 45/47/45 43/45/43 44/46/44
f 44/46/44 46/48/46 45/47/45
f 47/49/47 45/47/45 46/48/46
f 46/48/46 48/50/48 47/49/47
f 49/51/49 47/49/47 48/50/48
f 48/50/48 50/52/50 49/51/49
f 51/53/51 49/51/49 50/52/50
f 50/52/50 52/54/52 51/53/51
f 53/55/53 51/53/51 52/54/52
f 52/54/52 54/56/54 53/55/53
f 55/57/55 53/55/53 54/56/54
f 54/56/54 56/58/56 55/57/55
f 57/59/57 55/57/55 56/58/56
f 56/58/56 58/60/58 57/59/57
f 59/61/59 57/59/57 58/60/58
f 58/60/58 60/62/60 59/61/59
f 61/63/61 59/61/59 60/62/60
f 60/62/60 62/64/62 61/63/61
f 63/65/63 61/63/61 62/64/62
f 62/64/62 64/66/64 63/65/63
f 35/67/35 63/65/63 64/66/64
f 64/66/64 33/68/33 35/67/35
f 66/70/66 67/71/67 65/69/65
f 65/69/65 68/72/68 66/70/66
f 69/73/69 66/70/66 68/72/68
f 68/72/68 70/74/70 69/73/69
f 71/75/71 69/73/69 70/74/70
f 70/74/70 72/76/72 71/75/71
f 73/77/73 71/75/71 72/76/72
f 72/76/72 74/78/74 73/77/73
f 75/79/75 73/77/73 74/78/74
f 74/78/74 76/80/76 75/79/75
f 77/81/77 75/79/75 76/80/76
f 76/80/76 78/82/78 77/81/77
f 79/83/79 77/81/77 78/82/78
f 78/82/78 80/84/80 79/83/79
f 81/85/81 79/83/79 80/84/80
f 80/84/80 82/86/82 81/85/81
f 83/87/83 81/85/81 82/86/82
f 82/86/82 84/88/84 83/87/83
f 85/89/85 83/87/83 84/88/84
f 84/88/84 86/90/86 85/89/85
f 87/91/87 85/89/85 86/90/86
f 86/90/86 88/92/88 87/91/87
f 89/93/89 87/91/87 88/92/88
f 88/92/88 90/94/90 89/93/89
f 91/95/91 89/93/89 90/94/90
f 90/94/90 92/96/92 91/95/91
f 93/97/93 91/95/91 92/96/92
f 92/96/92 94/98/94 93/97/93
f 95/99/95 93/97/93 94/98/94
f 94/98/94 96/100/96 95/99/95
f 67/101/67 95/99/95 96/100/96
f 96/100/96 65/102/65 67/101/67
f 98/104/98 99/105/99 97/103/97
f 97/103/97 100/106/100 98/104/98
f 101/107/101 98/104/98 100/106/100
f 100/106/100 102/108/102 101/107/101
f 103/109/103 101/107/101 102/108/102
f 102/108/102 104/110/104 103/109/103
f 105/111/105 103/109/103 104/110/104
f 104/110/104 106/112/106 105/111/105
f 107/113/107 105/111/105 106/112/106
f 106/112/106 108/114/108 107/113/107
f 109/115/109 107/113/107 108/114/108
f 108/114/108 110/116/110 109/115/109
f 111/117/111 109/115/109 110/116/110
f 110/116/110 112/118/112 111/117/111
f 113/119/113 111/117/111 112/118/112
f 112/118/112 114/120/114 113/119/113
f 115/121/115 113/119/113 114/120/114
f 114/120/114 116/122/116 115/121/115
f 117/123/117 115/121/115 116/122/116
f 116/122/116 118/124/118 117/123/117
f 119/125/119 117/123/117 118/124/118
f 118/124/118 120/126/120 119/125/119
f 121/127/121 119/125/119 120/126/120
f 120/126/120 122/128/122 121/127/121
f 123/129/123 121/127/121 122/128/122
f 122/128/122 124/130/124 123/129/123
f 125/131/125 123/129/123 124/130/124
f 124/130/124 126/132/126 125/131/125
f 127/133/127 125/131/125 126/132/126
f 126/132/126 128/134/128 127/133/127
f 99/135/99 127/133/127 128/134/128
f 128/134/128 97/136/97 99/135/99
f 130/138/130 131/139/131 129/137/129
f 129/137/129 132/140/132 130/138/130
f 133/141/133 130/138/130 132/140/132
f 132/140/132 134/142/134 133/141/133
f 135/143/135 133/141/133 134/142/134
f 134/142/134 136/144/136 135/143/135
f 137/145/137 135/143/135 136/144/136
f 136/144/136 138/146/138 137/145/137
f 139/147/139 137/145/137 138/146/138
f 138/146/138 140/148/140 139/147/139
f 141/149/141 139/147/139 140/148/140
f 140/148/140 142/150/142 141/149/141
f 143/151/143 141/149/141 142/150/142
f 142/150/142 144/152/144 143/151/143
f 145/153/145 143/151/143 144/152/144
f 144/152/144 146/154/146 145/153/145
f 147/155/147 145/153/145 146/154/146
f 146/154/146 148/156/148 147/155/147
f 149/157/149 147/155/147 148/156/148
f 148/156/148 150/158/150 149/157/149
f 151/159/151 149/157/149 150/158/150
f 150/158/150 152/160/152 151/159/151
f 153/161/153 151/159/151 152/160/152
f 152/160/152 154/162/154 153/161/153
f 155/163/155 153/161/153 154/162/154
f 154/162/154 156/164/156 155/163/155
f 157/165/157 155/163/155 156/164/156
f 156/164/156 158/166/158 157/165/157
f 159/167/159 157/165/157 158/166/158
f 158/166/158 160/168/160 159/167/159
f 131/169/131 159/167/159 160/168/160
f 160/168/160 129/170/129 131/169/131
f 162/172/162 163/173/163 161/171/161
f 161/171/161 164/174/164 162/172/162
f 165/175/165 162/172/162 164/174/164
f 164/174/164 166/176/166 165/175/165
f 167/177/167 165/175/165 166/176/166
f 166/176/166 168/178/168 167/177/167
f 169/179/169 167/177/167 168/178/168
f 168/178/168 170/180/170 169/179/169
f 171/181/171 169/179/169 170/180/170
f 170/180/170 172/182/172 171/181/171
f 173/183/173 171/181/171 172/182/172
f 172/182/172 174/184/174 173/183/173
f 175/185/175 173/183/173 174/184/174
f 174/184/174 176/186/176 175/185/175
f 177/187/177 175/185/175 176/186/176
f 176/186/176 178/188/178 177/187/177
f 179/189/179 177/187/177 178/188/178
f 178/188/178 180/190/180 179/189/179
f 181/191/181 179/189/179 180/190/180
f 180/190/180 182/192/182 181/191/181
f 183/193/183 181/191/181 182/192/182
f 182/192/182 184/194/184 183/193/183
f 185/195/185 183/193/183 184/194/184
f 184/194/184 186/196/186 185/195/185
f 187/197/187 185/195/185 186/196/186
f 186/196/186 188/198/188 187/197/187
f 189/199/189 187/197/187 188/198/188
f 188/198/188 190/200/190 189/199/189
f 191/201/191 189/199/189 190/200/190
f 190/200/190 192/202/192 191/201/191
f 163/203/163 191/201/191 192/202/192
f 192/202/192 161/204/161 163/203/163
f 194/206/194 195/207/195 193/205/193
f 194/206/194 193/205/193 196/208/196
f 194/206/194 197/209/197 195/207/195
f 194/206/194 196/208/196 198/210/198
f 194/206/194 199/211/199 197/209/197
f 194/206/194 198/210/198 200/212/200
f 194/206/194 201/213/201 199/211/199
f 194/206/194 200/212/200 202/214/202
f 194/206/194 203/215/203 201/213/201
f 194/206/194 202/214/202 204/216/204
f 194/206/194 205/217/205 203/215/203
f 194/206/194 204/216/204 206/218/206
f 194/206/194 207/219/207 205/217/205
f 194/206/194 206/218/206 208/220/208
f 194/206/194 209/221/209 207/219/207
f 194/206/194 208/220/208 209/221/209
f 211/223/211 212/224/212 210/222/210
f 211/223/211 210/222/210 213/225/213
f 211/223/211 214/226/214 212/224/212
f 211/223/211 213/225/213 215/227/215
f 211/223/211 216/228/216 214/226/214
f 211/223/211 215/227/215 217/229/217
f 211/223/211 218/230/218 216/228/216
f 211/223/211 217/229/217 219/231/219
f 211/223/211 220/232/220 218/230/218
f 211/223/211 219/231/219 221/233/221
f 211/223/211 222/234/222 220/232/220
f 211/223/211 221/233/221 223/235/223
f 211/223/211 224/236/224 222/234/222
f 211/223/211 223/235/223 225/237/225
f 211/223/211 226/238/226 224/236/224
f 211/223/211 225/237/225 226/238/226
f 228/240/228 229/241/229 227/239/227
f 228/240/228 227/239/227 230/242/230
f 228/240/228 231/243/231 229/241/229
f 228/240/228 230/242/230 232/244/232
f 228/240/228 233/245/233 231/243/231
f 228/240/228 232/244/232 234/246/234
f 228/240/228 235/247/235 233/245/233
f 228/240/228 234/246/234 236/248/236
f 228/240/228 237/249/237 235/247/235
f 228/240/228 236/248/236 238/250/238
f 228/240/228 239/251/239 237/249/237
f 228/240/228 238/250/238 240/252/240
f 228/240/228 241/253/241 239/251/239
f 228/240/228 240/252/240 242/254/242
f 228/240/228 243/255/243 241/253/241
f 228/240/228 242/254/242 243/255/243
f 245/257/245 246/258/246 244/256/244
f 245/257/245 244/256/244 247/259/247
f 245/257/245 248/260/248 246/258/246
f 245/257/245 247/259/247 249/261/249
f 245/257/245 250/262/250 248/260/248
f 245/257/245 249/261/249 251/263/251
f 245/257/245 252/264/252 250/262/250
f 245/257/245 251/263/251 253/265/253
f 245/257/245 254/266/254 252/264/252
f 245/257/245 253/265/253 255/267/255
f 245/257/245 256/268/256 254/266/254
f 245/257/245 255/267/255 257/269/257
f 245/257/245 258/270/258 256/268/256
f 245/257/245 257/269/257 259/271/259
f 245/257/245 260/272/260 258/270/258
f 245/257/245 259/271/259 260/272/260
f 262/274/262 263/275/263 261/273/261
f 262/274/262 261/273/261 264/276/264
f 262/274/262 265/277/265 263/275/263
f 262/274/262 264/276/264 266/278/266
f 262/274/262 267/279/267 265/277/265
f 262/274/262 266/278/266 268/280/268
f 262/274/262 269/281/269 267/279/267
f 262/274/262 268/280/268 270/282/270
f 262/274/262 271/283/271 269/281/269
f 262/274/262 270/282/270 272/284/272
f 262/274/262 273/285/273 271/283/271
f 262/274/262 272/284/272 274/286/274
f 262/274/262 275/287/275 273/285/273
f 262/274/262 274/286/274 276/288/276
f 262/274/262 277/289/277 275/287/275
f 262/274/262 276/288/276 277/289/277
f 279/291/279 280/292/280 278/290/278
f 279/291/279 278/290/278 281/293/281
f 279/291/279 282/294/282 280/292/280
f 279/291/279 281/293/281 283/295/283
f 279/291/279 284/296/284 282/294/282
f 279/291/279 283/295/283 285/297/285
f 279/291/279 286/298/286 284/296/284
f 279/291/279 285/297/285 287/299/287
f 279/291/279 288/300/288 286/298/286
f 279/291/279 287/299/287 289/301/289
f 279/291/279 290/302/290 288/300/288
f 279/291/279 289/301/289 291/303/291
f 279/291/279 292/304/292 290/302/290
f 279/291/279 291/303/291 293/305/293
f 279/291/279 294/306/294 292/304/292
f 279/291/279 293/305/293 294/306/294
f 296/308/296 297/309/297 295/307/295
f 296/308/296 295/307/295 298/310/298
f 296/308/296 299/311/299 297/309/297
f 296/308/296 298/310/298 300/312/300
f 296/308/296 301/313/301 299/311/299
f 296/308/296 300/312/300 302/314/302
f 296/308/296 303/315/303 301/313/301
f 296/308/296 302/314/302 304/316/304
f 296/308/296 305/317/305 303/315/303
f 296/308/296 304/316/304 306/318/306
f 296/308/296 307/319/307 305/317/305
f 296/308/296 306/318/306 308/320/308
f 296/308/296 309/321/309 307/319/307
f 296/308/296 308/320/308 310/322/310
f 296/308/296 311/323/311 309/321/309
f 296/308/296 310/322/310 311/323/311
f 313/325/313 314/326/314 312/324/312
f 313/325/313 312/324/312 315/327/315
f 313/325/313 316/328/316 314/326/314
f 313/325/313 315/327/315 317/329/317
f 313/325/313 318/330/318 316/328/316
f 313/325/313 317/329/317 319/331/319
f 313/325/313 320/332/320 318/330/318
f 313/325/313 319/331/319 321/333/321
f 313/325/313 322/334/322 320/332/320
f 313/325/313 321/333/321 323/335/323
f 313/325/313 324/336/324 322/334/322
f 313/325/313 323/335/323 325/337/325
f 313/325/313 326/338/326 324/336/324
f 313/325/313 325/337/325 327/339/327
f 313/325/313 328/340/328 326/338/326
f 313/325/313 327/339/327 328/340/328
f 330/342/330 331/343/331 329/341/329
f 330/342/330 329/341/329 332/344/332
f 330/342/330 333/345/333 331/343/331
f 330/342/330 332/344/332 334/346/334
f 330/342/330 335/347/335 333/345/333
f 330/342/330 334/346/334 336/348/336
f 330/342/330 337/349/337 335/347/335
f 330/342/330 336/348/336 338/350/338
f 330/342/330 339/351/339 337/349/337
f 330/342/330 338/350/338 340/352/340
f 330/342/330 341/353/341 339/351/339
f 330/342/330 340/352/340 342/354/342
f 330/342/330 343/355/343 341/353/341
f 330/342/330 342/354/342 344/356/344
f 330/342/330 345/357/345 343/355/343
f 330/342/330 344/356/344 345/357/345
f 347/359/347 348/360/348 346/358/346
f 347/359/347 346/358/346 349/361/349
f 347/359/347 350/362/350 348/360/348
f 347/359/347 349/361/349 351/363/351
f 347/359/347 352/364/352 350/362/350
f 347/359/347 351/363/351 353/365/353
f 347/359/347 354/366/354 352/364/352
f 347/359/347 353/365/353 355/367/355
f 347/359/347 356/368/356 354/366/354
f 347/359/347 355/367/355 357/369/357
f 347/359/347 358/370/358 356/368/356
f 347/359/347 357/369/357 359/371/359
f 347/359/347 360/372/360 358/370/358
f 347/359/347 359/371/359 361/373/361
f 347/359/347 362/374/362 360/372/360
f 347/359/347 361/373/361 362/374/362
f 364/376/364 365/377/365 363/375/363
f 364/376/364 363/375/363 366/378/366
f 364/376/364 367/379/367 365/377/365
f 364/376/364 366/378/366 368/380/368
f 364/376/364 369/381/369 367/379/367
f 364/376/364 368/380/368 370/382/370
f 364/376/364 371/383/371 369/381/369
f 364/376/364 370/382/370 372/384/372
f 364/376/364 373/385/373 371/383/371
f 364/376/364 372/384/372 374/386/374
f 364/376/364 375/387/375 373/385/373
f 364/376/364 374/386/374 376/388/376
f 364/376/364 377/389/377 375/387/375
f 364/376/364 376/388/376 378/390/378
f 364/376/364 379/391/379 377/389/377
f 364/376/364 378/390/378 379/391/379
f 381/393/381 382/394/382 380/392/380
f 381/393/381 380/392/380 383/395/383
f 381/393/381 384/396/384 382/394/382
f 381/393/381 383/395/383 385/397/385
f 381/393/381 386/398/386 384/396/384
f 381/393/381 385/397/385 387/399/387
f 381/393/381 388/400/388 386/398/386
f 381/393/381 387/399/387 389/401/389
f 381/393/381 390/402/390 388/400/388
f 381/393/381 389/401/389 391/403/391
f 381/393/381 392/404/392 390/402/390
f 381/393/381 391/403/391 393/405/393
f 381/393/381 394/406/394 392/404/392
f 381/393/381 393/405/393 395/407/395
f 381/393/381 396/408/396 394/406/394
f 381/393/381 395/407/395 396/408/396
g slalom_spaced_Material_003
usemtl Material_003
f 398/410/398 399/411/399 397/409/397
f 397/409/397 400/412/400 398/410/398
f 401/413/401 398/410/398 400/412/400
f 400/412/400 402/414/402 401/413/401
f 403/415/403 401/413/401 402/414/402
f 402/414/402 404/416/404 403/415/403
f 405/417/405 403/415/403 404/416/404
f 404/416/404 406/418/406 405/417/405
f 407/419/407 405/417/405 406/418/406
f 406/418/406 408/420/408 407/419/407
f 409/421/409 407/419/407 408/420/408
f 408/420/408 410/422/410 409/421/409
f 411/423/411 409/421/409 410/422/410
f 410/422/410 412/424/412 411/423/411
f 413/425/413 411/423/411 412/424/412
f 412/424/412 414/426/414 413/425/413
f 415/427/415 413/425/413 414/426/414
f 414/426/414 416/428/416 415/427/415
f 417/429/417 415/427/415 416/428/416
f 416/428/416 418/430/418 417/429/417
f 419/431/419 417/429/417 418/430/418
f 418/430/418 420/432/420 419/431/419
f 421/433/421 419/431/419 420/432/420
f 420/432/420 422/434/422 421/433/421
f 423/435/423 421/433/421 422/434/422
f 422/434/422 424/436/424 423/435/423
f 425/437/425 423/435/423 424/436/424
f 424/436/424 426/438/426 425/437/425
f 427/439/427 425/437/425 426/438/426
f 426/438/426 428/440/428 427/439/427
f 399/441/399 427/439/427 428/440/428
f 428/440/428 397/442/397 399/441/399
f 430/444/430 431/445/431 429/443/429
f 429/443/429 432/446/432 430/444/430
f 433/447/433 430/444/430 432/446/432
f 432/446/432 434/448/434 433/447/433
f 435/449/435 433/447/433 434/448/434
f 434/448/434 436/450/436 435/449/435
f 437/451/437 435/449/435 436/450/436
f 436/450/436 438/452/438 437/451/437
f 439/453/439 437/451/437 438/452/438
f 438/452/438 440/454/440 439/453/439
f 441/455/441 439/453/439 440/454/440
f 440/454/440 442/456/442 441/455/441
f 443/457/443 441/455/441 442/456/442
f 442/456/442 444/458/444 443/457/443
f 445/459/445 443/457/443 444/458/444
f 444/458/444 446/460/446 445/459/445
f 447/461/447 445/459/445 446/460/446
f 446/460/446 448/462/448 447/461/447
f 449/463/449 447/461/447 448/462/448
f 448/462/448 450/464/450 449/463/449
f 451/465/451 449/463/449 450/464/450
f 450/464/450 452/466/452 451/465/451
f 453/467/453 451/465/451 452/466/452
f 452/466/452 454/468/454 453/467/453
f 455/469/455 453/467/453 454/468/454
f 454/468/454 456/470/456 455/469/455
f 457/471/457 455/469/455 456/470/456
f 456/470/456 458/472/458 457/471/457
f 459/473/459 457/471/457 458/472/458
f 458/472/458 460/474/460 459/473/459
f 431/475/431 459/473/459 460/474/460
f 460/474/460 429/476/429 431/475/431
f 462/478/462 463/479/463 461/477/461
f 461/477/461 464/480/464 462/478/462
f 465/481/465 462/478/462 464/480/464
f 464/480/464 466/482/466 465/481/465
f 467/483/467 465/481/465 466/482/466
f 466/482/466 468/484/468 467/483/467
f 469/485/469 467/483/467 468/484/468
f 468/484/468 470/486/470 469/485/469
f 471/487/471 469/485/469 470/486/470
f 470/486/470 472/488/472 471/487/471
f 473/489/473 471/487/471 472/488/472
f 472/488/472 474/490/474 473/489/473
f 475/491/475 473/489/473 474/490/474
f 474/490/474 476/492/476 475/491/475
f 477/493/477 475/491/475 476/492/476
f 476/492/476 478/494/478 477/493/477
f 479/495/479 477/493/477 478/494/478
f 478/494/478 480/496/480 479/495/479
f 481/497/481 479/495/479 480/496/480
f 480/496/480 482/498/482 481/497/481
f 483/499/483 481/497/481 482/498/482
f 482/498/482 484/500/484 483/499/483
f 485/501/485 483/499/483 484/500/484
f 484/500/484 486/502/486 485/501/485
f 487/503/487 485/501/485 486/502/486
f 486/502/486 488/504/488 487/503/487
f 489/505/489 487/503/487 488/504/488
f 488/504/488 490/506/490 489/505/489
f 491/507/491 489/505/489 490/506/490
f 490/506/490 492/508/492 491/507/491
f 463/509/463 491/507/491 492/508/492
f 492/508/492 461/510/461 463/509/463
f 494/512/494 495/513/495 493/511/493
f 494/512/494 493/511/493 496/514/496
f 494/512/494 497/515/497 495/513/495
f 494/512/494 496/514/496 498/516/498
f 494/512/494 499/517/499 497/515/497
f 494/512/494 498/516/498 500/518/500
f 494/512/494 501/519/501 499/517/499
f 494/512/494 500/518/500 502/520/502
f 494/512/494 503/521/503 501/519/501
f 494/512/494 502/520/502 504/522/504
f 494/512/494 505/523/505 503/521/503
f 494/512/494 504/522/504 506/524/506
f 494/512/494 507/525/507 505/523/505
f 494/512/494 506/524/506 508/526/508
f 494/512/494 509/527/509 507/525/507
f 494/512/494 508/526/508 509/527/509
f 511/529/511 512/530/512 510/528/510
f 511/529/511 510/528/510 513/531/513
f 511/529/511 514/532/514 512/530/512
f 511/529/511 513/531/513 515/533/515
f 511/529/511 516/534/516 514/532/514
f 511/529/511 515/533/515 517/535/517
f 511/529/511 518/536/518 516/534/516
f 511/529/511 517/535/517 519/537/519
f 511/529/511 520/538/520 518/536/518
f 511/529/511 519/537/519 521/539/521
f 511/529/511 522/540/522 520/538/520
f 511/529/511 521/539/521 523/541/523
f 511/529/511 524/542/524 522/540/522
f 511/529/511 523/541/523 525/543/525
f 511/529/511 526/544/526 524/542/524
f 511/529/511 525/543/525 526/544/526
f 528/546/528 529/547/529 527/545/527
f 528/546/528 527/545/527 530/548/530
f 528/546/528 531/549/531 529/547/529
f 528/546/528 530/548/530 532/550/532
f 528/546/528 533/551/533 531/549/531
f 528/546/528 532/550/532 534/552/534
f 528/546/528 535/553/535 533/551/533
f 528/546/528 534/552/534 536/554/536
f 528/546/528 537/555/537 535/553/535
f 528/546/528 536/554/536 538/556/538
f 528/546/528 539/557/539 537/555/537
f 528/546/528 538/556/538 540/558/540
f 528/546/528 541/559/541 539/557/539
f 528/546/528 540/558/540 542/560/542
f 528/546/528 543/561/543 541/559/541
f 528/546/528 542/560/542 543/561/543
f 545/563/545 546/564/546 544/562/544
f 545/563/545 544/562/544 547/565/547
f 545/563/545 548/566/548 546/564/546
f 545/563/545 547/565/547 549/567/549
f 545/563/545 550/568/550 548/566/548
f 545/563/545 549/567/549 551/569/551
f 545/563/545 552/570/552 550/568/550
f 545/563/545 551/569/551 553/571/553
f 545/563/545 554/572/554 552/570/552
f 545/563/545 553/571/553 555/573/555
f 545/563/545 556/574/556 554/572/554
f 545/563/545 555/573/555 557/575/557
f 545/563/545 558/576/558 556/574/556
f 545/563/545 557/575/557 559/577/559
f 545/563/545 560/578/560 558/576/558
f 545/563/545 559/577/559 560/578/560
f 562/580/562 563/581/563 561/579/561
f 562/580/562 561/579/561 564/582/564
f 562/580/562 565/583/565 563/581/563
f 562/580/562 564/582/564 566/584/566
f 562/580/562 567/585/567 565/583/565
f 562/580/562 566/584/566 568/586/568
f 562/580/562 569/587/569 567/585/567
f 562/580/562 568/586/568 570/588/570
f 562/580/562 571/589/571 569/587/569
f 562/580/562 570/588/570 572/590/572
f 562/580/562 573/591/573 571/589/571
f 562/580/562 572/590/572 574/592/574
f 562/580/562 575/593/575 573/591/573
f 562/580/562 574/592/574 576/594/576
f 562/580/562 577/595/577 575/593/575
f 562/580/562 576/594/576 577/595/577
f 579/597/579 580/598/580 578/596/578
f 579/597/579 578/596/578 581/599/581
f 579/597/579 582/600/582 580/598/580
f 579/597/579 581/599/581 583/601/583
f 579/597/579 584/602/584 582/600/582
f 579/597/579 583/601/583 585/603/585
f 579/597/579 586/604/586 584/602/584
f 579/597/579 585/603/585 587/605/587
f 579/597/579 588/606/588 586/604/586
f 579/597/579 587/605/587 589/607/589
f 579/597/579 590/608/590 588/606/588
f 579/597/579 589/607/589 591/609/591
f 579/597/579 592/610/592 590/608/590
f 579/597/579 591/609/591 593/611/593
f 579/597/579 594/612/594 592/610/592
f 579/597/579 593/611/593 594/612/594
g slalom_spaced_WorldGridMaterial
usemtl WorldGridMaterial
f 596/614/596 597/615/597 595/613/595
f 595/613/595 598/616/598 596/614/596
f 599/617/599 596/614/596 598/616/598
f 598/616/598 600/618/600 599/617/599
f 601/619/601 599/617/599 600/618/600
f 600/618/600 602/620/602 601/619/601
f 603/621/603 601/619/601 602/620/602
f 602/620/602 604/622/604 603/621/603
f 605/623/605 603/621/603 604/622/604
f 604/622/604 606/624/606 605/623/605
f 607/625/607 605/623/605 606/624/606
f 606/624/606 608/626/608 607/625/607
f 609/627/609 607/625/607 608/626/608
f 608/626/608 610/628/610 609/627/609
f 611/629/611 609/627/609 610/628/610
f 610/628/610 612/630/612 611/629/611
f 613/631/613 611/629/611 612/630/612
f 612/630/612 614/632/614 613/631/613
f 615/633/615 613/631/613 614/632/614
f 614/632/614 616/634/616 615/633/615
f 617/635/617 615/633/615 616/634/616
f 616/634/616 618/636/618 617/635/617
f 619/637/619 617/635/617 618/636/618
f 618/636/618 620/638/620 619/637/619
f 621/639/621 619/637/619 620/638/620
f 620/638/620 622/640/622 621/639/621
f 623/641/623 621/639/621 622/640/622
f 622/640/622 624/642/624 623/641/623
f 625/643/625 623/641/623 624/642/624
f 624/642/624 626/644/626 625/643/625
f 597/645/597 625/643/625 626/644/626
f 626/644/626 595/646/595 597/645/597
f 628/648/628 629/649/629 627/647/627
f 627/647/627 630/650/630 628/648/628
f 631/651/631 628/648/628 630/650/630
f 630/650/630 632/652/632 631/651/631
f 633/653/633 631/651/631 632/652/632
f 632/652/632 634/654/634 633/653/633
f 635/655/635 633/653/633 634/654/634
f 634/654/634 636/656/636 635/655/635
f 637/657/637 635/655/635 636/656/636
f 636/656/636 638/658/638 637/657/637
f 639/659/639 637/657/637 638/658/638
f 638/658/638 640/660/640 639/659/639
f 641/661/641 639/659/639 640/660/640
f 640/660/640 642/662/642 641/661/641
f 643/663/643 641/661/641 642/662/642
f 642/662/642 644/664/644 643/663/643
f 645/665/645 643/663/643 644/664/644
f 644/664/644 646/666/646 645/665/645
f 647/667/647 645/665/645 646/666/646
f 646/666/646 648/668/648 647/667/647
f 649/669/649 647/667/647 648/668/648
f 648/668/648 650/670/650 649/669/649
f 651/671/651 649/669/649 650/670/650
f 650/670/650 652/672/652 651/671/651
f 653/673/653 651/671/651 652/672/652
f 652/672/652 654/674/654 653/673/653
f 655/675/655 653/673/653 654/674/654
f 654/674/654 656/676/656 655/675/655
f 657/677/657 655/675/655 656/676/656
f 656/676/656 658/678/658 657/677/657
f 629/679/629 657/677/657 658/678/658
f 658/678/658 627/680/627 629/679/629
f 660/682/660 661/683/661 659/681/659
f 659/681/659 662/684/662 660/682/660
f 663/685/663 660/682/660 662/684/662
f 662/684/662 664/686/664 663/685/663
f 665/687/665 663/685/663 664/686/664
f 664/686/664 666/688/666 665/687/665
f 667/689/667 665/687/665 666/688/666
f 666/688/666 668/690/668 667/689/667
f 669/691/669 667/689/667 668/690/668
f 668/690/668 670/692/670 669/691/669
f 671/693/671 669/691/669 670/692/670
f 670/692/670 672/694/672 671/693/671
f 673/695/673 671/693/671 672/694/672
f 672/694/672 674/696/674 673/695/673
f 675/697/675 673/695/673 674/696/674
f 674/696/674 676/698/676 675/697/675
f 677/699/677 675/697/675 676/698/676
f 676/698/676 678/700/678 677/699/677
f 679/701/679 677/699/677 678/700/678
f 678/700/678 680/702/680 679/701/679
f 681/703/681 679/701/679 680/702/680
f 680/702/680 682/704/682 681/703/681
f 683/705/683 681/703/681 682/704/682
f 682/704/682 684/706/684 683/705/683
f 685/707/685 683/705/683 684/706/684
f 684/706/684 686/708/686 685/707/685
f 687/709/687 685/707/685 686/708/686
f 686/708/686 688/710/688 687/709/687
f 689/711/689 687/709/687 688/710/688
f 688/710/688 690/712/690 689/711/689
f 661/713/661 689/711/689 690/712/690
f 690/712/690 659/714/659 661/713/661
f 692/716/692 693/717/693 691/715/691
f 691/715/691 694/718/694 692/716/692
f 695/719/695 692/716/692 694/718/694
f 694/718/694 696/720/696 695/719/695
f 697/721/697 695/719/695 696/720/696
f 696/720/696 698/722/698 697/721/697
f 699/723/699 697/721/697 698/722/698
f 698/722/698 700/724/700 699/723/699
f 701/725/701 699/723/699 700/724/700
f 700/724/700 702/726/702 701/725/701
f 703/727/703 701/725/701 702/726/702
f 702/726/702 704/728/704 703/727/703
f 705/729/705 703/727/703 704/728/704
f 704/728/704 706/730/706 705/729/705
f 707/731/707 705/729/705 706/730/706
f 706/730/706 708/732/708 707/731/707
f 709/733/709 707/731/707 708/732/708
f 708/732/708 710/734/710 709/733/709
f 711/735/711 709/733/709 710/734/710
f 710/734/710 712/736/712 711/735/711
f 713/737/713 711/735/711 712/736/712
f 712/736/712 714/738/714 713/737/713
f 715/739/715 713/737/713 714/738/714
f 714/738/714 716/740/716 715/739/715
f 717/741/717 715/739/715 716/740/716
f 716/740/716 718/742/718 717/741/717
f 719/743/719 717/741/717 718/742/718
f 718/742/718 720/744/720 719/743/719
f 721/745/721 719/743/719 720/744/720
f 720/744/720 722/746/722 721/745/721
f 693/747/693 721/745/721 722/746/722
f 722/746/722 691/748/691 693/747/693
f 724/750/724 725/751/725 723/749/723
f 723/749/723 726/752/726 724/750/724
f 727/753/727 724/750/724 726/752/726
f 726/752/726 728/754/728 727/753/727
f 729/755/729 727/753/727 728/754/728
f 728/754/728 730/756/730 729/755/729
f 731/757/731 729/755/729 730/756/730
f 730/756/730 732/758/732 731/757/731
f 733/759/733 731/757/731 732/758/732
f 732/758/732 734/760/734 733/759/733
f 735/761/735 733/759/733 734/760/734
f 734/760/734 736/762/736 735/761/735
f 737/763/737 735/761/735 736/762/736
f 736/762/736 738/764/738 737/763/737
f 739/765/739 737/763/737 738/764/738
f 738/764/738 740/766/740 739/765/739
f 741/767/741 739/765/739 740/766/740
f 740/766/740 742/768/742 741/767/741
f 743/769/743 741/767/741 742/768/742
f 742/768/742 744/770/744 743/769/743
f 745/771/745 743/769/743 744/770/744
f 744/770/744 746/772/746 745/771/745
f 747/773/747 745/771/745 746/772/746
f 746/772/746 748/774/748 747/773/747
f 749/775/749 747/773/747 748/774/748
f 748/774/748 750/776/750 749/775/749
f 751/777/751 749/775/749 750/776/750
f 750/776/750 752/778/752 751/777/751
f 753/779/753 751/777/751 752/778/752
f 752/778/752 754/780/754 753/779/753
f 725/781/725 753/779/753 754/780/754
f 754/780/754 723/782/723 725/781/725
f 756/784/756 757/785/757 755/783/755
f 755/783/755 758/786/758 756/784/756
f 759/787/759 756/784/756 758/786/758
f 758/786/758 760/788/760 759/787/759
f 761/789/761 759/787/759 760/788/760
f 760/788/760 762/790/762 761/789/761
f 763/791/763 761/789/761 762/790/762
f 762/790/762 764/792/764 763/791/763
f 765/793/765 763/791/763 764/792/764
f 764/792/764 766/794/766 765/793/765
f 767/795/767 765/793/765 766/794/766
f 766/794/766 768/796/768 767/795/767
f 769/797/769 767/795/767 768/796/768
f 768/796/768 770/798/770 769/797/769
f 771/799/771 769/797/769 770/798/770
f 770/798/770 772/800/772 771/799/771
f 773/801/773 771/799/771 772/800/772
f 772/800/772 774/802/774 773/801/773
f 775/803/775 773/801/773 774/802/774
f 774/802/774 776/804/776 775/803/775
f 777/805/777 775/803/775 776/804/776
f 776/804/776 778/806/778 777/805/777
f 779/807/779 777/805/777 778/806/778
f 778/806/778 780/808/780 779/807/779
f 781/809/781 779/807/779 780/808/780
f 780/808/780 782/810/782 781/809/781
f 783/811/783 781/809/781 782/810/782
f 782/810/782 784/812/784 783/811/783
f 785/813/785 783/811/783 784/812/784
f 784/812/784 786/814/786 785/813/785
f 757/815/757 785/813/785 786/814/786
f 786/814/786 755/816/755 757/815/757
f 788/818/788 789/819/789 787/817/787
f 787/817/787 790/820/790 788/818/788
f 791/821/791 788/818/788 790/820/790
f 790/820/790 792/822/792 791/821/791
f 793/823/793 791/821/791 792/822/792
f 792/822/792 794/824/794 793/823/793
f 795/825/795 793/823/793 794/824/794
f 794/824/794 796/826/796 795/825/795
f 797/827/797 795/825/795 796/826/796
f 796/826/796 798/828/798 797/827/797
f 799/829/799 797/827/797 798/828/798
f 798/828/798 800/830/800 799/829/799
f 801/831/801 799/829/799 800/830/800
f 800/830/800 802/832/802 801/831/801
f 803/833/803 801/831/801 802/832/802
f 802/832/802 804/834/804 803/833/803
f 805/835/805 803/833/803 804/834/804
f 804/834/804 806/836/806 805/835/805
f 807/837/807 805/835/805 806/836/806
f 806/836/806 808/838/808 807/837/807
f 809/839/809 807/837/807 808/838/808
f 808/838/808 810/840/810 809/839/809
f 811/841/811 809/839/809 810/840/810
f 810/840/810 812/842/812 811/841/811
f 813/843/813 811/841/811 812/842/812
f 812/842/812 814/844/814 813/843/813
f 815/845/815 813/843/813 814/844/814
f 814/844/814 816/846/816 815/845/815
f 817/847/817 815/845/815 816/846/816
f 816/846/816 818/848/818 817/847/817
f 789/849/789 817/847/817 818/848/818
f 818/848/818 787/850/787 789/849/789
f 820/852/820 821/853/821 819/851/819
f 819/851/819 822/854/822 820/852/820
f 823/855/823 820/852/820 822/854/822
f 822/854/822 824/856/824 823/855/823
f 825/857/825 823/855/823 824/856/824
f 824/856/824 826/858/826 825/857/825
f 827/859/827 825/857/825 826/858/826
f 826/858/826 828/860/828 827/859/827
f 829/861/829 827/859/827 828/860/828
f 828/860/828 830/862/830 829/861/829
f 831/863/831 829/861/829 830/862/830
f 830/862/830 832/864/832 831/863/831
f 833/865/833 831/863/831 832/864/832
f 832/864/832 834/866/834 833/865/833
f 835/867/835 833/865/833 834/866/834
f 834/866/834 836/868/836 835/867/835
f 837/869/837 835/867/835 836/868/836
f 836/868/836 838/870/838 837/869/837
f 839/871/839 837/869/837 838/870/838
f 838/870/838 840/872/840 839/871/839
f 841/873/841 839/871/839 840/872/840
f 840/872/840 842/874/842 841/873/841
f 843/875/843 841/873/841 842/874/842
f 842/874/842 844/876/844 843/875/843
f 845/877/845 843/875/843 844/876/844
f 844/876/844 846/878/846 845/877/845
f 847/879/847 845/877/845 846/878/846
f 846/878/846 848/880/848 847/879/847
f 849/881/849 847/879/847 848/880/848
f 848/880/848 850/882/850 849/881/849
f 821/883/821 849/881/849 850/882/850
f 850/882/850 819/884/819 821/883/821
f 852/886/852 853/887/853 851/885/851
f 851/885/851 854/888/854 852/886/852
f 855/889/855 852/886/852 854/888/854
f 854/888/854 856/890/856 855/889/855
f 857/891/857 855/889/855 856/890/856
f 856/890/856 858/892/858 857/891/857
f 859/893/859 857/891/857 858/892/858
f 858/892/858 860/894/860 859/893/859
f 861/895/861 859/893/859 860/894/860
f 860/894/860 862/896/862 861/895/861
f 863/897/863 861/895/861 862/896/862
f 862/896/862 864/898/864 863/897/863
f 865/899/865 863/897/863 864/898/864
f 864/898/864 866/900/866 865/899/865
f 867/901/867 865/899/865 866/900/866
f 866/900/866 868/902/868 867/901/867
f 869/903/869 867/901/867 868/902/868
f 868/902/868 870/904/870 869/903/869
f 871/905/871 869/903/869 870/904/870
f 870/904/870 872/906/872 871/905/871
f 873/907/873 871/905/871 872/906/872
f 872/906/872 874/908/874 873/907/873
f 875/909/875 873/907/873 874/908/874
f 874/908/874 876/910/876 875/909/875
f 877/911/877 875/909/875 876/910/876
f 876/910/876 878/912/878 877/911/877
f 879/913/879 877/911/877 878/912/878
f 878/912/878 880/914/880 879/913/879
f 881/915/881 879/913/879 880/914/880
f 880/914/880 882/916/882 881/915/881
f 853/917/853 881/915/881 882/916/882
f 882/916/882 851/918/851 853/917/853
f 884/920/884 885/921/885 883/919/883
f 884/920/884 883/919/883 886/922/886
f 884/920/884 887/923/887 885/921/885
f 884/920/884 886/922/886 888/924/888
f 884/920/884 889/925/889 887/923/887
f 884/920/884 888/924/888 890/926/890
f 884/920/884 891/927/891 889/925/889
f 884/920/884 890/926/890 892/928/892
f 884/920/884 893/929/893 891/927/891
f 884/920/884 892/928/892 894/930/894
f 884/920/884 895/931/895 893/929/893
f 884/920/884 894/930/894 896/932/896
f 884/920/884 897/933/897 895/931/895
f 884/920/884 896/932/896 898/934/898
f 884/920/884 899/935/899 897/933/897
f 884/920/884 898/934/898 899/935/899
f 901/937/901 902/938/902 900/936/900
f 901/937/901 900/936/900 903/939/903
f 901/937/901 904/940/904 902/938/902
f 901/937/901 903/939/903 905/941/905
f 901/937/901 906/942/906 904/940/904
f 901/937/901 905/941/905 907/943/907
f 901/937/901 908/944/908 906/942/906
f 901/937/901 907/943/907 909/945/909
f 901/937/901 910/946/910 908/944/908
f 901/937/901 909/945/909 911/947/911
f 901/937/901 912/948/912 910/946/910
f 901/937/901 911/947/911 913/949/913
f 901/937/901 914/950/914 912/948/912
f 901/937/901 913/949/913 915/951/915
f 901/937/901 916/952/916 914/950/914
f 901/937/901 915/951/915 916/952/916
f 918/954/918 919/955/919 917/953/917
f 918/954/918 917/953/917 920/956/920
f 918/954/918 921/957/921 919/955/919
f 918/954/918 920/956/920 922/958/922
f 918/954/918 923/959/923 921/957/921
f 918/954/918 922/958/922 924/960/924
f 918/954/918 925/961/925 923/959/923
f 918/954/918 924/960/924 926/962/926
f 918/954/918 927/963/927 925/961/925
f 918/954/918 926/962/926 928/964/928
f 918/954/918 929/965/929 927/963/927
f 918/954/918 928/964/928 930/966/930
f 918/954/918 931/967/931 929/965/929
f 918/954/918 930/966/930 932/968/932
f 918/954/918 933/969/933 931/967/931
f 918/954/918 932/968/932 933/969/933
f 935/971/935 936/972/936 934/970/934
f 935/971/935 934/970/934 937/973/937
f 935/971/935 938/974/938 936/972/936
f 935/971/935 937/973/937 939/975/939
f 935/971/935 940/976/940 938/974/938
f 935/971/935 939/975/939 941/977/941
f 935/971/935 942/978/942 940/976/940
f 935/971/935 941/977/941 943/979/943
f 935/971/935 944/980/944 942/978/942
f 935/971/935 943/979/943 945/981/945
f 935/971/935 946/982/946 944/980/944
f 935/971/935 945/981/945 947/983/947
f 935/971/935 948/984/948 946/982/946
f 935/971/935 947/983/947 949/985/949
f 935/971/935 950/986/950 948/984/948
f 935/971/935 949/985/949 950/986/950
f 952/988/952 953/989/953 951/987/951
f 952/988/952 951/987/951 954/990/954
f 952/988/952 955/991/955 953/989/953
f 952/988/952 954/990/954 956/992/956
f 952/988/952 957/993/957 955/991/955
f 952/988/952 956/992/956 958/994/958
f 952/988/952 959/995/959 957/993/957
f 952/988/952 958/994/958 960/996/960
f 952/988/952 961/997/961 959/995/959
f 952/988/952 960/996/960 962/998/962
f 952/988/952 963/999/963 961/997/961
f 952/988/952 962/998/962 964/1000/964
f 952/988/952 965/1001/965 963/999/963
f 952/988/952 964/1000/964 966/1002/966
f 952/988/952 967/1003/967 965/1001/965
f 952/988/952 966/1002/966 967/1003/967
f 969/1005/969 970/1006/970 968/1004/968
f 969/1005/969 968/1004/968 971/1007/971
f 969/1005/969 972/1008/972 970/1006/970
f 969/1005/969 971/1007/971 973/1009/973
f 969/1005/969 974/1010/974 972/1008/972
f 969/1005/969 973/1009/973 975/1011/975
f 969/1005/969 976/1012/976 974/1010/974
f 969/1005/969 975/1011/975 977/1013/977
f 969/1005/969 978/1014/978 976/1012/976
f 969/1005/969 977/1013/977 979/1015/979
f 969/1005/969 980/1016/980 978/1014/978
f 969/1005/969 979/1015/979 981/1017/981
f 969/1005/969 982/1018/982 980/1016/980
f 969/1005/969 981/1017/981 983/1019/983
f 969/1005/969 984/1020/984 982/1018/982
f 969/1005/969 983/1019/983 984/1020/984
f 986/1022/986 987/1023/987 985/1021/985
f 986/1022/986 985/1021/985 988/1024/988
f 986/1022/986 989/1025/989 987/1023/987
f 986/1022/986 988/1024/988 990/1026/990
f 986/1022/986 991/1027/991 989/1025/989
f 986/1022/986 990/1026/990 992/1028/992
f 986/1022/986 993/1029/993 991/1027/991
f 986/1022/986 992/1028/992 994/1030/994
f 986/1022/986 995/1031/995 993/1029/993
f 986/1022/986 994/1030/994 996/1032/996
f 986/1022/986 997/1033/997 995/1031/995
f 986/1022/986 996/1032/996 998/1034/998
f 986/1022/986 999/1035/999 997/1033/997
f 986/1022/986 998/1034/998 1000/1036/1000
f 986/1022/986 1001/1037/1001 999/1035/999
f 986/1022/986 1000/1036/1000 1001/1037/1001
f 1003/1039/1003 1004/1040/1004 1002/1038/1002
f 1003/1039/1003 1002/1038/1002 1005/1041/1005
f 1003/1039/1003 1006/1042/1006 1004/1040/1004
f 1003/1039/1003 1005/1041/1005 1007/1043/1007
f 1003/1039/1003 1008/1044/1008 1006/1042/1006
f 1003/1039/1003 1007/1043/1007 1009/1045/1009
f 1003/1039/1003 1010/1046/1010 1008/1044/1008
f 1003/1039/1003 1009/1045/1009 1011/1047/1011
f 1003/1039/1003 1012/1048/1012 1010/1046/1010
f 1003/1039/1003 1011/1047/1011 1013/1049/1013
f 1003/1039/1003 1014/1050/1014 1012/1048/1012
f 1003/1039/1003 1013/1049/1013 1015/1051/1015
f 1003/1039/1003 1016/1052/1016 1014/1050/1014
f 1003/1039/1003 1015/1051/1015 1017/1053/1017
f 1003/1039/1003 1018/1054/1018 1016/1052/1016
f 1003/1039/1003 1017/1053/1017 1018/1054/1018
f 1020/1056/1020 1021/1057/1021 1019/1055/1019
f 1020/1056/1020 1019/1055/1019 1022/1058/1022
f 1020/1056/1020 1023/1059/1023 1021/1057/1021
f 1020/1056/1020 1022/1058/1022 1024/1060/1024
f 1020/1056/1020 1025/1061/1025 1023/1059/1023
f 1020/1056/1020 1024/1060/1024 1026/1062/1026
f 1020/1056/1020 1027/1063/1027 1025/1061/1025
f 1020/1056/1020 1026/1062/1026 1028/1064/1028
f 1020/1056/1020 1029/1065/1029 1027/1063/1027
f 1020/1056/1020 1028/1064/1028 1030/1066/1030
f 1020/1056/1020 1031/1067/1031 1029/1065/1029
f 1020/1056/1020 1030/1066/1030 1032/1068/1032
f 1020/1056/1020 1033/1069/1033 1031/1067/1031
f 1020/1056/1020 1032/1068/1032 1034/1070/1034
f 1020/1056/1020 1035/1071/1035 1033/1069/1033
f 1020/1056/1020 1034/1070/1034 1035/1071/1035
f 1037/1073/1037 1038/1074/1038 1036/1072/1036
f 1037/1073/1037 1036/1072/1036 1039/1075/1039
f 1037/1073/1037 1040/1076/1040 1038/1074/1038
f 1037/1073/1037 1039/1075/1039 1041/1077/1041
f 1037/1073/1037 1042/1078/1042 1040/1076/1040
f 1037/1073/1037 1041/1077/1041 1043/1079/1043
f 1037/1073/1037 1044/1080/1044 1042/1078/1042
f 1037/1073/1037 1043/1079/1043 1045/1081/1045
f 1037/1073/1037 1046/1082/1046 1044/1080/1044
f 1037/1073/1037 1045/1081/1045 1047/1083/1047
f 1037/1073/1037 1048/1084/1048 1046/1082/1046
f 1037/1073/1037 1047/1083/1047 1049/1085/1049
f 1037/1073/1037 1050/1086/1050 1048/1084/1048
f 1037/1073/1037 1049/1085/1049 1051/1087/1051
f 1037/1073/1037 1052/1088/1052 1050/1086/1050
f 1037/1073/1037 1051/1087/1051 1052/1088/1052
f 1054/1090/1054 1055/1091/1055 1053/1089/1053
f 1054/1090/1054 1053/1089/1053 1056/1092/1056
f 1054/1090/1054 1057/1093/1057 1055/1091/1055
f 1054/1090/1054 1056/1092/1056 1058/1094/1058
f 1054/1090/1054 1059/1095/1059 1057/1093/1057
f 1054/1090/1054 1058/1094/1058 1060/1096/1060
f 1054/1090/1054 1061/1097/1061 1059/1095/1059
f 1054/1090/1054 1060/1096/1060 1062/1098/1062
f 1054/1090/1054 1063/1099/1063 1061/1097/1061
f 1054/1090/1054 1062/1098/1062 1064/1100/1064
f 1054/1090/1054 1065/1101/1065 1063/1099/1063
f 1054/1090/1054 1064/1100/1064 1066/1102/1066
f 1054/1090/1054 1067/1103/1067 1065/1101/1065
f 1054/1090/1054 1066/1102/1066 1068/1104/1068
f 1054/1090/1054 1069/1105/1069 1067/1103/1067
f 1054/1090/1054 1068/1104/1068 1069/1105/1069
f 1071/1107/1071 1072/1108/1072 1070/1106/1070
f 1071/1107/1071 1070/1106/1070 1073/1109/1073
f 1071/1107/1071 1074/1110/1074 1072/1108/1072
f 1071/1107/1071 1073/1109/1073 1075/1111/1075
f 1071/1107/1071 1076/1112/1076 1074/1110/1074
f 1071/1107/1071 1075/1111/1075 1077/1113/1077
f 1071/1107/1071 1078/1114/1078 1076/1112/1076
f 1071/1107/1071 1077/1113/1077 1079/1115/1079
f 1071/1107/1071 1080/1116/1080 1078/1114/1078
f 1071/1107/1071 1079/1115/1079 1081/1117/1081
f 1071/1107/1071 1082/1118/1082 1080/1116/1080
f 1071/1107/1071 1081/1117/1081 1083/1119/1083
f 1071/1107/1071 1084/1120/1084 1082/1118/1082
f 1071/1107/1071 1083/1119/1083 1085/1121/1085
f 1071/1107/1071 1086/1122/1086 1084/1120/1084
f 1071/1107/1071 1085/1121/1085 1086/1122/1086
f 1088/1124/1088 1089/1125/1089 1087/1123/1087
f 1088/1124/1088 1087/1123/1087 1090/1126/1090
f 1088/1124/1088 1091/1127/1091 1089/1125/1089
f 1088/1124/1088 1090/1126/1090 1092/1128/1092
f 1088/1124/1088 1093/1129/1093 1091/1127/1091
f 1088/1124/1088 1092/1128/1092 1094/1130/1094
f 1088/1124/1088 1095/1131/1095 1093/1129/1093
f 1088/1124/1088 1094/1130/1094 1096/1132/1096
f 1088/1124/1088 1097/1133/1097 1095/1131/1095
f 1088/1124/1088 1096/1132/1096 1098/1134/1098
f 1088/1124/1088 1099/1135/1099 1097/1133/1097
f 1088/1124/1088 1098/1134/1098 1100/1136/1100
f 1088/1124/1088 1101/1137/1101 1099/1135/1099
f 1088/1124/1088 1100/1136/1100 1102/1138/1102
f 1088/1124/1088 1103/1139/1103 1101/1137/1101
f 1088/1124/1088 1102/1138/1102 1103/1139/1103
f 1105/1141/1105 1106/1142/1106 1104/1140/1104
f 1105/1141/1105 1104/1140/1104 1107/1143/1107
f 1105/1141/1105 1108/1144/1108 1106/1142/1106
f 1105/1141/1105 1107/1143/1107 1109/1145/1109
f 1105/1141/1105 1110/1146/1110 1108/1144/1108
f 1105/1141/1105 1109/1145/1109 1111/1147/1111
f 1105/1141/1105 1112/1148/1112 1110/1146/1110
f 1105/1141/1105 1111/1147/1111 1113/1149/1113
f 1105/1141/1105 1114/1150/1114 1112/1148/1112
f 1105/1141/1105 1113/1149/1113 1115/1151/1115
f 1105/1141/1105 1116/1152/1116 1114/1150/1114
f 1105/1141/1105 1115/1151/1115 1117/1153/1117
f 1105/1141/1105 1118/1154/1118 1116/1152/1116
f 1105/1141/1105 1117/1153/1117 1119/1155/1119
f 1105/1141/1105 1120/1156/1120 1118/1154/1118
f 1105/1141/1105 1119/1155/1119 1120/1156/1120
f 1122/1158/1122 1123/1159/1123 1121/1157/1121
f 1122/1158/1122 1121/1157/1121 1124/1160/1124
f 1122/1158/1122 1125/1161/1125 1123/1159/1123
f 1122/1158/1122 1124/1160/1124 1126/1162/1126
f 1122/1158/1122 1127/1163/1127 1125/1161/1125
f 1122/1158/1122 1126/1162/1126 1128/1164/1128
f 1122/1158/1122 1129/1165/1129 1127/1163/1127
f 1122/1158/1122 1128/1164/1128 1130/1166/1130
f 1122/1158/1122 1131/1167/1131 1129/1165/1129
f 1122/1158/1122 1130/1166/1130 1132/1168/1132
f 1122/1158/1122 1133/1169/1133 1131/1167/1131
f 1122/1158/1122 1132/1168/1132 1134/1170/1134
f 1122/1158/1122 1135/1171/1135 1133/1169/1133
f 1122/1158/1122 1134/1170/1134 1136/1172/1136
f 1122/1158/1122 1137/1173/1137 1135/1171/1135
f 1122/1158/1122 1136/1172/1136 1137/1173/1137
f 1139/1175/1139 1140/1176/1140 1138/1174/1138
f 1139/1175/1139 1138/1174/1138 1141/1177/1141
f 1139/1175/1139 1142/1178/1142 1140/1176/1140
f 1139/1175/1139 1141/1177/1141 1143/1179/1143
f 1139/1175/1139 1144/1180/1144 1142/1178/1142
f 1139/1175/1139 1143/1179/1143 1145/1181/1145
f 1139/1175/1139 1146/1182/1146 1144/1180/1144
f 1139/1175/1139 1145/1181/1145 1147/1183/1147
f 1139/1175/1139 1148/1184/1148 1146/1182/1146
f 1139/1175/1139 1147/1183/1147 1149/1185/1149
f 1139/1175/1139 1150/1186/1150 1148/1184/1148
f 1139/1175/1139 1149/1185/1149 1151/1187/1151
f 1139/1175/1139 1152/1188/1152 1150/1186/1150
f 1139/1175/1139 1151/1187/1151 1153/1189/1153
f 1139/1175/1139 1154/1190/1154 1152/1188/1152
f 1139/1175/1139 1153/1189/1153 1154/1190/1154
f 1156/1192/1156 1157/1193/1157 1155/1191/1155
f 1156/1192/1156 1155/1191/1155 1158/1194/1158
f 1156/1192/1156 1159/1195/1159 1157/1193/1157
f 1156/1192/1156 1158/1194/1158 1160/1196/1160
f 1156/1192/1156 1161/1197/1161 1159/1195/1159
f 1156/1192/1156 1160/1196/1160 1162/1198/1162
f 1156/1192/1156 1163/1199/1163 1161/1197/1161
f 1156/1192/1156 1162/1198/1162 1164/1200/1164
f 1156/1192/1156 1165/1201/1165 1163/1199/1163
f 1156/1192/1156 1164/1200/1164 1166/1202/1166
f 1156/1192/1156 1167/1203/1167 1165/1201/1165
f 1156/1192/1156 1166/1202/1166 1168/1204/1168
f 1156/1192/1156 1169/1205/1169 1167/1203/1167
f 1156/1192/1156 1168/1204/1168 1170/1206/1170
f 1156/1192/1156 1171/1207/1171 1169/1205/1169
f 1156/1192/1156 1170/1206/1170 1171/1207/1171
f 1173/1209/1173 1174/1210/1174 1172/1208/1172
f 1173/1209/1173 1172/1208/1172 1175/1211/1175
f 1173/1209/1173 1176/1212/1176 1174/1210/1174
f 1173/1209/1173 1175/1211/1175 1177/1213/1177
f 1173/1209/1173 1178/1214/1178 1176/1212/1176
f 1173/1209/1173 1177/1213/1177 1179/1215/1179
f 1173/1209/1173 1180/1216/1180 1178/1214/1178
f 1173/1209/1173 1179/1215/1179 1181/1217/1181
f 1173/1209/1173 1182/1218/1182 1180/1216/1180
f 1173/1209/1173 1181/1217/1181 1183/1219/1183
f 1173/1209/1173 1184/1220/1184 1182/1218/1182
f 1173/1209/1173 1183/1219/1183 1185/1221/1185
f 1173/1209/1173 1186/1222/1186 1184/1220/1184
f 1173/1209/1173 1185/1221/1185 1187/1223/1187
f 1173/1209/1173 1188/1224/1188 1186/1222/1186
f 1173/1209/1173 1187/1223/1187 1188/1224/1188
g slalom_spaced_White_plaster
usemtl White_plaster
f 1190/1226/1190 1191/1227/1191 1189/1225/1189
f 1189/1225/1189 1192/1228/1192 1190/1226/1190
f 1193/1229/1193 1190/1226/1190 1192/1228/1192
f 1192/1228/1192 1194/1230/1194 1193/1229/1193
f 1195/1231/1195 1193/1229/1193 1194/1230/1194
f 1194/1230/1194 1196/1232/1196 1195/1231/1195
f 1197/1233/1197 1195/1231/1195 1196/1232/1196
f 1196/1232/1196 1198/1234/1198 1197/1233/1197
f 1199/1235/1199 1197/1233/1197 1198/1234/1198
f 1198/1234/1198 1200/1236/1200 1199/1235/1199
f 1201/1237/1201 1199/1235/1199 1200/1236/1200
f 1200/1236/1200 1202/1238/1202 1201/1237/1201
f 1203/1239/1203 1201/1237/1201 1202/1238/1202
f 1202/1238/1202 1204/1240/1204 1203/1239/1203
f 1205/1241/1205 1203/1239/1203 1204/1240/1204
f 1204/1240/1204 1206/1242/1206 1205/1241/1205
f 1207/1243/1207 1205/1241/1205 1206/1242/1206
f 1206/1242/1206 1208/1244/1208 1207/1243/1207
f 1209/1245/1209 1207/1243/1207 1208/1244/1208
f 1208/1244/1208 1210/1246/1210 1209/1245/1209
f 1211/1247/1211 1209/1245/1209 1210/1246/1210
f 1210/1246/1210 1212/1248/1212 1211/1247/1211
f 1213/1249/1213 1211/1247/1211 1212/1248/1212
f 1212/1248/1212 1214/1250/1214 1213/1249/1213
f 1215/1251/1215 1213/1249/1213 1214/1250/1214
f 1214/1250/1214 1216/1252/1216 1215/1251/1215
f 1217/1253/1217 1215/1251/1215 1216/1252/1216
f 1216/1252/1216 1218/1254/1218 1217/1253/1217
f 1219/1255/1219 1217/1253/1217 1218/1254/1218
f 1218/1254/1218 1220/1256/1220 1219/1255/1219
f 1191/1257/1191 1219/1255/1219 1220/1256/1220
f 1220/1256/1220 1189/1258/1189 1191/1257/1191
f 1222/1260/1222 1223/1261/1223 1221/1259/1221
f 1221/1259/1221 1224/1262/1224 1222/1260/1222
f 1225/1263/1225 1222/1260/1222 1224/1262/1224
f 1224/1262/1224 1226/1264/1226 1225/1263/1225
f 1227/1265/1227 1225/1263/1225 1226/1264/1226
f 1226/1264/1226 1228/1266/1228 1227/1265/1227
f 1229/1267/1229 1227/1265/1227 1228/1266/1228
f 1228/1266/1228 1230/1268/1230 1229/1267/1229
f 1231/1269/1231 1229/1267/1229 1230/1268/1230
f 1230/1268/1230 1232/1270/1232 1231/1269/1231
f 1233/1271/1233 1231/1269/1231 1232/1270/1232
f 1232/1270/1232 1234/1272/1234 1233/1271/1233
f 1235/1273/1235 1233/1271/1233 1234/1272/1234
f 1234/1272/1234 1236/1274/1236 1235/1273/1235
f 1237/1275/1237 1235/1273/1235 1236/1274/1236
f 1236/1274/1236 1238/1276/1238 1237/1275/1237
f 1239/1277/1239 1237/1275/1237 1238/1276/1238
f 1238/1276/1238 1240/1278/1240 1239/1277/1239
f 1241/1279/1241 1239/1277/1239 1240/1278/1240
f 1240/1278/1240 1242/1280/1242 1241/1279/1241
f 1243/1281/1243 1241/1279/1241 1242/1280/1242
f 1242/1280/1242 1244/1282/1244 1243/1281/1243
f 1245/1283/1245 1243/1281/1243 1244/1282/1244
f 1244/1282/1244 1246/1284/1246 1245/1283/1245
f 1247/1285/1247 1245/1283/1245 1246/1284/1246
f 1246/1284/1246 1248/1286/1248 1247/1285/1247
f 1249/1287/1249 1247/1285/1247 1248/1286/1248
f 1248/1286/1248 1250/1288/1250 1249/1287/1249
f 1251/1289/1251 1249/1287/1249 1250/1288/1250
f 1250/1288/1250 1252/1290/1252 1251/1289/1251
f 1223/1291/1223 1251/1289/1251 1252/1290/1252
f 1252/1290/1252 1221/1292/1221 1223/1291/1223
f 1254/1294/1254 1255/1295/1255 1253/1293/1253
f 1253/1293/1253 1256/1296/1256 1254/1294/1254
f 1257/1297/1257 1254/1294/1254 1256/1296/1256
f 1256/1296/1256 1258/1298/1258 1257/1297/1257
f 1259/1299/1259 1257/1297/1257 1258/1298/1258
f 1258/1298/1258 1260/1300/1260 1259/1299/1259
f 1261/1301/1261 1259/1299/1259 1260/1300/1260
f 1260/1300/1260 1262/1302/1262 1261/1301/1261
f 1263/1303/1263 1261/1301/1261 1262/1302/1262
f 1262/1302/1262 1264/1304/1264 1263/1303/1263
f 1265/1305/1265 1263/1303/1263 1264/1304/1264
f 1264/1304/1264 1266/1306/1266 1265/1305/1265
f 1267/1307/1267 1265/1305/1265 1266/1306/1266
f 1266/1306/1266 1268/1308/1268 1267/1307/1267
f 1269/1309/1269 1267/1307/1267 1268/1308/1268
f 1268/1308/1268 1270/1310/1270 1269/1309/1269
f 1271/1311/1271 1269/1309/1269 1270/1310/1270
f 1270/1310/1270 1272/1312/1272 1271/1311/1271
f 1273/1313/1273 1271/1311/1271 1272/1312/1272
f 1272/1312/1272 1274/1314/1274 1273/1313/1273
f 1275/1315/1275 1273/1313/1273 1274/1314/1274
f 1274/1314/1274 1276/1316/1276 1275/1315/1275
f 1277/1317/1277 1275/1315/1275 1276/1316/1276
f 1276/1316/1276 1278/1318/1278 1277/1317/1277
f 1279/1319/1279 1277/1317/1277 1278/1318/1278
f 1278/1318/1278 1280/1320/1280 1279/1319/1279
f 1281/1321/1281 1279/1319/1279 1280/1320/1280
f 1280/1320/1280 1282/1322/1282 1281/1321/1281
f 1283/1323/1283 1281/1321/1281 1282/1322/1282
f 1282/1322/1282 1284/1324/1284 1283/1323/1283
f 1255/1325/1255 1283/1323/1283 1284/1324/1284
f 1284/1324/1284 1253/1326/1253 1255/1325/1255
f 1286/1328/1286 1287/1329/1287 1285/1327/1285
f 1285/1327/1285 1288/1330/1288 1286/1328/1286
f 1289/1331/1289 1286/1328/1286 1288/1330/1288
f 1288/1330/1288 1290/1332/1290 1289/1331/1289
f 1291/1333/1291 1289/1331/1289 1290/1332/1290
f 1290/1332/1290 1292/1334/1292 1291/1333/1291
f 1293/1335/1293 1291/1333/1291 1292/1334/1292
f 1292/1334/1292 1294/1336/1294 1293/1335/1293
f 1295/1337/1295 1293/1335/1293 1294/1336/1294
f 1294/1336/1294 1296/1338/1296 1295/1337/1295
f 1297/1339/1297 1295/1337/1295 1296/1338/1296
f 1296/1338/1296 1298/1340/1298 1297/1339/1297
f 1299/1341/1299 1297/1339/1297 1298/1340/1298
f 1298/1340/1298 1300/1342/1300 1299/1341/1299
f 1301/1343/1301 1299/1341/1299 1300/1342/1300
f 1300/1342/1300 1302/1344/1302 1301/1343/1301
f 1303/1345/1303 1301/1343/1301 1302/1344/1302
f 1302/1344/1302 1304/1346/1304 1303/1345/1303
f 1305/1347/1305 1303/1345/1303 1304/1346/1304
f 1304/1346/1304 1306/1348/1306 1305/1347/1305
f 1307/1349/1307 1305/1347/1305 1306/1348/1306
f 1306/1348/1306 1308/1350/1308 1307/1349/1307
f 1309/1351/1309 1307/1349/1307 1308/1350/1308
f 1308/1350/1308 1310/1352/1310 1309/1351/1309
f 1311/1353/1311 1309/1351/1309 1310/1352/1310
f 1310/1352/1310 1312/1354/1312 1311/1353/1311
f 1313/1355/1313 1311/1353/1311 1312/1354/1312
f 1312/1354/1312 1314/1356/1314 1313/1355/1313
f 1315/1357/1315 1313/1355/1313 1314/1356/1314
f 1314/1356/1314 1316/1358/1316 1315/1357/1315
f 1287/1359/1287 1315/1357/1315 1316/1358/1316
f 1316/1358/1316 1285/1360/1285 1287/1359/1287
f 1318/1362/1318 1319/1363/1319 1317/1361/1317
f 1317/1361/1317 1320/1364/1320 1318/1362/1318
f 1321/1365/1321 1318/1362/1318 1320/1364/1320
f 1320/1364/1320 1322/1366/1322 1321/1365/1321
f 1323/1367/1323 1321/1365/1321 1322/1366/1322
f 1322/1366/1322 1324/1368/1324 1323/1367/1323
f 1325/1369/1325 1323/1367/1323 1324/1368/1324
f 1324/1368/1324 1326/1370/1326 1325/1369/1325
f 1327/1371/1327 1325/1369/1325 1326/1370/1326
f 1326/1370/1326 1328/1372/1328 1327/1371/1327
f 1329/1373/1329 1327/1371/1327 1328/1372/1328
f 1328/1372/1328 1330/1374/1330 1329/1373/1329
f 1331/1375/1331 1329/1373/1329 1330/1374/1330
f 1330/1374/1330 1332/1376/1332 1331/1375/1331
f 1333/1377/1333 1331/1375/1331 1332/1376/1332
f 1332/1376/1332 1334/1378/1334 1333/1377/1333
f 1335/1379/1335 1333/1377/1333 1334/1378/1334
f 1334/1378/1334 1336/1380/1336 1335/1379/1335
f 1337/1381/1337 1335/1379/1335 1336/1380/1336
f 1336/1380/1336 1338/1382/1338 1337/1381/1337
f 1339/1383/1339 1337/1381/1337 1338/1382/1338
f 1338/1382/1338 1340/1384/1340 1339/1383/1339
f 1341/1385/1341 1339/1383/1339 1340/1384/1340
f 1340/1384/1340 1342/1386/1342 1341/1385/1341
f 1343/1387/1343 1341/1385/1341 1342/1386/1342
f 1342/1386/1342 1344/1388/1344 1343/1387/1343
f 1345/1389/1345 1343/1387/1343 1344/1388/1344
f 1344/1388/1344 1346/1390/1346 1345/1389/1345
f 1347/1391/1347 1345/1389/1345 1346/1390/1346
f 1346/1390/1346 1348/1392/1348 1347/1391/1347
f 1319/1393/1319 1347/1391/1347 1348/1392/1348
f 1348/1392/1348 1317/1394/1317 1319/1393/1319
f 1350/1396/1350 1351/1397/1351 1349/1395/1349
f 1350/1396/1350 1349/1395/1349 1352/1398/1352
f 1350/1396/1350 1353/1399/1353 1351/1397/1351
f 1350/1396/1350 1352/1398/1352 1354/1400/1354
f 1350/1396/1350 1355/1401/1355 1353/1399/1353
f 1350/1396/1350 1354/1400/1354 1356/1402/1356
f 1350/1396/1350 1357/1403/1357 1355/1401/1355
f 1350/1396/1350 1356/1402/1356 1358/1404/1358
f 1350/1396/1350 1359/1405/1359 1357/1403/1357
f 1350/1396/1350 1358/1404/1358 1360/1406/1360
f 1350/1396/1350 1361/1407/1361 1359/1405/1359
f 1350/1396/1350 1360/1406/1360 1362/1408/1362
f 1350/1396/1350 1363/1409/1363 1361/1407/1361
f 1350/1396/1350 1362/1408/1362 1364/1410/1364
f 1350/1396/1350 1365/1411/1365 1363/1409/1363
f 1350/1396/1350 1364/1410/1364 1365/1411/1365
f 1367/1413/1367 1368/1414/1368 1366/1412/1366
f 1367/1413/1367 1366/1412/1366 1369/1415/1369
f 1367/1413/1367 1370/1416/1370 1368/1414/1368
f 1367/1413/1367 1369/1415/1369 1371/1417/1371
f 1367/1413/1367 1372/1418/1372 1370/1416/1370
f 1367/1413/1367 1371/1417/1371 1373/1419/1373
f 1367/1413/1367 1374/1420/1374 1372/1418/1372
f 1367/1413/1367 1373/1419/1373 1375/1421/1375
f 1367/1413/1367 1376/1422/1376 1374/1420/1374
f 1367/1413/1367 1375/1421/1375 1377/1423/1377
f 1367/1413/1367 1378/1424/1378 1376/1422/1376
f 1367/1413/1367 1377/1423/1377 1379/1425/1379
f 1367/1413/1367 1380/1426/1380 1378/1424/1378
f 1367/1413/1367 1379/1425/1379 1381/1427/1381
f 1367/1413/1367 1382/1428/1382 1380/1426/1380
f 1367/1413/1367 1381/1427/1381 1382/1428/1382
f 1384/1430/1384 1385/1431/1385 1383/1429/1383
f 1384/1430/1384 1383/1429/1383 1386/1432/1386
f 1384/1430/1384 1387/1433/1387 1385/1431/1385
f 1384/1430/1384 1386/1432/1386 1388/1434/1388
f 1384/1430/1384 1389/1435/1389 1387/1433/1387
f 1384/1430/1384 1388/1434/1388 1390/1436/1390
f 1384/1430/1384 1391/1437/1391 1389/1435/1389
f 1384/1430/1384 1390/1436/1390 1392/1438/1392
f 1384/1430/1384 1393/1439/1393 1391/1437/1391
f 1384/1430/1384 1392/1438/1392 1394/1440/1394
f 1384/1430/1384 1395/1441/1395 1393/1439/1393
f 1384/1430/1384 1394/1440/1394 1396/1442/1396
f 1384/1430/1384 1397/1443/1397 1395/1441/1395
f 1384/1430/1384 1396/1442/1396 1398/1444/1398
f 1384/1430/1384 1399/1445/1399 1397/1443/1397
f 1384/1430/1384 1398/1444/1398 1399/1445/1399
f 1401/1447/1401 1402/1448/1402 1400/1446/1400
f 1401/1447/1401 1400/1446/1400 1403/1449/1403
f 1401/1447/1401 1404/1450/1404 1402/1448/1402
f 1401/1447/1401 1403/1449/1403 1405/1451/1405
f 1401/1447/1401 1406/1452/1406 1404/1450/1404
f 1401/1447/1401 1405/1451/1405 1407/1453/1407
f 1401/1447/1401 1408/1454/1408 1406/1452/1406
f 1401/1447/1401 1407/1453/1407 1409/1455/1409
f 1401/1447/1401 1410/1456/1410 1408/1454/1408
f 1401/1447/1401 1409/1455/1409 1411/1457/1411
f 1401/1447/1401 1412/1458/1412 1410/1456/1410
f 1401/1447/1401 1411/1457/1411 1413/1459/1413
f 1401/1447/1401 1414/1460/1414 1412/1458/1412
f 1401/1447/1401 1413/1459/1413 1415/1461/1415
f 1401/1447/1401 1416/1462/1416 1414/1460/1414
f 1401/1447/1401 1415/1461/1415 1416/1462/1416
f 1418/1464/1418 1419/1465/1419 1417/1463/1417
f 1418/1464/1418 1417/1463/1417 1420/1466/1420
f 1418/1464/1418 1421/1467/1421 1419/1465/1419
f 1418/1464/1418 1420/1466/1420 1422/1468/1422
f 1418/1464/1418 1423/1469/1423 1421/1467/1421
f 1418/1464/1418 1422/1468/1422 1424/1470/1424
f 1418/1464/1418 1425/1471/1425 1423/1469/1423
f 1418/1464/1418 1424/1470/1424 1426/1472/1426
f 1418/1464/1418 1427/1473/1427 1425/1471/1425
f 1418/1464/1418 1426/1472/1426 1428/1474/1428
f 1418/1464/1418 1429/1475/1429 1427/1473/1427
f 1418/1464/1418 1428/1474/1428 1430/1476/1430
f 1418/1464/1418 1431/1477/1431 1429/1475/1429
f 1418/1464/1418 1430/1476/1430 1432/1478/1432
f 1418/1464/1418 1433/1479/1433 1431/1477/1431
f 1418/1464/1418 1432/1478/1432 1433/1479/1433
f 1435/1481/1435 1436/1482/1436 1434/1480/1434
f 1435/1481/1435 1434/1480/1434 1437/1483/1437
f 1435/1481/1435 1438/1484/1438 1436/1482/1436
f 1435/1481/1435 1437/1483/1437 1439/1485/1439
f 1435/1481/1435 1440/1486/1440 1438/1484/1438
f 1435/1481/1435 1439/1485/1439 1441/1487/1441
f 1435/1481/1435 1442/1488/1442 1440/1486/1440
f 1435/1481/1435 1441/1487/1441 1443/1489/1443
f 1435/1481/1435 1444/1490/1444 1442/1488/1442
f 1435/1481/1435 1443/1489/1443 1445/1491/1445
f 1435/1481/1435 1446/1492/1446 1444/1490/1444
f 1435/1481/1435 1445/1491/1445 1447/1493/1447
f 1435/1481/1435 1448/1494/1448 1446/1492/1446
f 1435/1481/1435 1447/1493/1447 1449/1495/1449
f 1435/1481/1435 1450/1496/1450 1448/1494/1448
f 1435/1481/1435 1449/1495/1449 1450/1496/1450
f 1452/1498/1452 1453/1499/1453 1451/1497/1451
f 1452/1498/1452 1451/1497/1451 1454/1500/1454
f 1452/1498/1452 1455/1501/1455 1453/1499/1453
f 1452/1498/1452 1454/1500/1454 1456/1502/1456
f 1452/1498/1452 1457/1503/1457 1455/1501/1455
f 1452/1498/1452 1456/1502/1456 1458/1504/1458
f 1452/1498/1452 1459/1505/1459 1457/1503/1457
f 1452/1498/1452 1458/1504/1458 1460/1506/1460
f 1452/1498/1452 1461/1507/1461 1459/1505/1459
f 1452/1498/1452 1460/1506/1460 1462/1508/1462
f 1452/1498/1452 1463/1509/1463 1461/1507/1461
f 1452/1498/1452 1462/1508/1462 1464/1510/1464
f 1452/1498/1452 1465/1511/1465 1463/1509/1463
f 1452/1498/1452 1464/1510/1464 1466/1512/1466
f 1452/1498/1452 1467/1513/1467 1465/1511/1465
f 1452/1498/1452 1466/1512/1466 1467/1513/1467
f 1469/1515/1469 1470/1516/1470 1468/1514/1468
f 1469/1515/1469 1468/1514/1468 1471/1517/1471
f 1469/1515/1469 1472/1518/1472 1470/1516/1470
f 1469/1515/1469 1471/1517/1471 1473/1519/1473
f 1469/1515/1469 1474/1520/1474 1472/1518/1472
f 1469/1515/1469 1473/1519/1473 1475/1521/1475
f 1469/1515/1469 1476/1522/1476 1474/1520/1474
f 1469/1515/1469 1475/1521/1475 1477/1523/1477
f 1469/1515/1469 1478/1524/1478 1476/1522/1476
f 1469/1515/1469 1477/1523/1477 1479/1525/1479
f 1469/1515/1469 1480/1526/1480 1478/1524/1478
f 1469/1515/1469 1479/1525/1479 1481/1527/1481
f 1469/1515/1469 1482/1528/1482 1480/1526/1480
f 1469/1515/1469 1481/1527/1481 1483/1529/1483
f 1469/1515/1469 1484/1530/1484 1482/1528/1482
f 1469/1515/1469 1483/1529/1483 1484/1530/1484
f 1486/1532/1486 1487/1533/1487 1485/1531/1485
f 1486/1532/1486 1485/1531/1485 1488/1534/1488
f 1486/1532/1486 1489/1535/1489 1487/1533/1487
f 1486/1532/1486 1488/1534/1488 1490/1536/1490
f 1486/1532/1486 1491/1537/1491 1489/1535/1489
f 1486/1532/1486 1490/1536/1490 1492/1538/1492
f 1486/1532/1486 1493/1539/1493 1491/1537/1491
f 1486/1532/1486 1492/1538/1492 1494/1540/1494
f 1486/1532/1486 1495/1541/1495 1493/1539/1493
f 1486/1532/1486 1494/1540/1494 1496/1542/1496
f 1486/1532/1486 1497/1543/1497 1495/1541/1495
f 1486/1532/1486 1496/1542/1496 1498/1544/1498
f 1486/1532/1486 1499/1545/1499 1497/1543/1497
f 1486/1532/1486 1498/1544/1498 1500/1546/1500
f 1486/1532/1486 1501/1547/1501 1499/1545/1499
f 1486/1532/1486 1500/1546/1500 1501/1547/1501
f 1503/1549/1503 1504/1550/1504 1502/1548/1502
f 1503/1549/1503 1502/1548/1502 1505/1551/1505
f 1503/1549/1503 1506/1552/1506 1504/1550/1504
f 1503/1549/1503 1505/1551/1505 1507/1553/1507
f 1503/1549/1503 1508/1554/1508 1506/1552/1506
f 1503/1549/1503 1507/1553/1507 1509/1555/1509
f 1503/1549/1503 1510/1556/1510 1508/1554/1508
f 1503/1549/1503 1509/1555/1509 1511/1557/1511
f 1503/1549/1503 1512/1558/1512 1510/1556/1510
f 1503/1549/1503 1511/1557/1511 1513/1559/1513
f 1503/1549/1503 1514/1560/1514 1512/1558/1512
f 1503/1549/1503 1513/1559/1513 1515/1561/1515
f 1503/1549/1503 1516/1562/1516 1514/1560/1514
f 1503/1549/1503 1515/1561/1515 1517/1563/1517
f 1503/1549/1503 1518/1564/1518 1516/1562/1516
f 1503/1549/1503 1517/1563/1517 1518/1564/1518
